0.6348369121551514,0.9395434856414795,3.6424879112928465e-07,0.6184335350990295,0.8718771934509277,-0.020270204171538353,0.5826267600059509,0.823512077331543,-0.03354716673493385,0.5411796569824219,0.796564519405365,-0.04346315562725067,0.50597083568573,0.7721627950668335,-0.05393680930137634,0.5337828397750854,0.8670569658279419,-0.03527587279677391,0.46871626377105713,0.854190468788147,-0.05149206146597862,0.4275374114513397,0.8511457443237305,-0.060402899980545044,0.39699703454971313,0.8500400185585022,-0.06592659652233124,0.5297476649284363,0.9175371527671814,-0.03354343771934509,0.4587368965148926,0.9138227701187134,-0.04857473820447922,0.4147909879684448,0.9119158387184143,-0.05774190276861191,0.38219746947288513,0.9100958704948425,-0.06403980404138565,0.533435583114624,0.960700511932373,-0.0325242355465889,0.46897146105766296,0.9613456726074219,-0.04555906355381012,0.42623305320739746,0.958143413066864,-0.0521242655813694,0.3932129740715027,0.9538185596466064,-0.056277643889188766,0.5421996712684631,0.9957910776138306,-0.03254216909408569,0.4925382733345032,1.0003536939620972,-0.04559219256043434,0.4591250717639923,0.999724268913269,-0.050864219665527344,0.43090125918388367,0.9966997504234314,-0.05295378714799881
0.5742133259773254,0.8718112111091614,2.753902492713678e-07,0.5592716932296753,0.7927038669586182,0.002084847539663315,0.5212644934654236,0.7343144416809082,0.0006432388327084482,0.485236257314682,0.700465738773346,-0.0012131747789680958,0.46137312054634094,0.6728367805480957,-0.0042063770815730095,0.4570313096046448,0.7516924142837524,-0.015396813862025738,0.39240163564682007,0.7163301706314087,-0.02529691532254219,0.353349506855011,0.7021560668945312,-0.02970523200929165,0.3247188925743103,0.6960530877113342,-0.03191133216023445,0.44483524560928345,0.7963826656341553,-0.02268323488533497,0.37022021412849426,0.7634133696556091,-0.03363243117928505,0.32499706745147705,0.7485169172286987,-0.03852599859237671,0.2918993830680847,0.7413144111633301,-0.041038405150175095,0.44185030460357666,0.8455259799957275,-0.028775962069630623,0.36917176842689514,0.8252972960472107,-0.038315512239933014,0.32637274265289307,0.8134733438491821,-0.043587539345026016,0.29486581683158875,0.804839015007019,-0.04653390496969223,0.44686734676361084,0.8981513977050781,-0.0337323322892189,0.39015480875968933,0.8889614343643188,-0.04286758974194527,0.3537920117378235,0.8831007480621338,-0.04588377848267555,0.3246467411518097,0.8774654865264893,-0.0464097335934639
0.5441901087760925,0.8548668026924133,3.526441219037224e-07,0.5270369052886963,0.7796558737754822,-0.0009217550395987928,0.49560362100601196,0.7250975370407104,-0.003927181009203196,0.46290329098701477,0.6958245635032654,-0.008637153543531895,0.442894846200943,0.6687222719192505,-0.013864342123270035,0.4205116033554077,0.7475036382675171,-0.0016531459987163544,0.3647787570953369,0.7203080654144287,-0.008821649476885796,0.3332003951072693,0.7095882892608643,-0.015314039774239063,0.3081020712852478,0.7033215165138245,-0.019821397960186005,0.40679579973220825,0.7920052409172058,-0.008890807628631592,0.34325212240219116,0.7658249139785767,-0.015084103681147099,0.30584728717803955,0.753399670124054,-0.021881727501749992,0.2776448130607605,0.7452600598335266,-0.026939304545521736,0.40350374579429626,0.8387875556945801,-0.016564486548304558,0.3416050374507904,0.8224236965179443,-0.02290664240717888,0.3066081404685974,0.8113102912902832,-0.028408074751496315,0.28143638372421265,0.8014780282974243,-0.032516684383153915,0.4079616665840149,0.887826681137085,-0.024206209927797318,0.35771557688713074,0.8840140700340271,-0.030102564021945,0.3268994987010956,0.8792436718940735,-0.031437698751688004,0.3020639717578888,0.8710616827011108,-0.031610555946826935
0.5386534929275513,0.8586568832397461,2.58474813108478e-07,0.5216390490531921,0.7872365713119507,-0.004264100454747677,0.4902009665966034,0.734014093875885,-0.0051050647161901,0.4599968492984772,0.7066643238067627,-0.007630605250597,0.4411563277244568,0.6786901354789734,-0.010192458517849445,0.4093264043331146,0.7624313831329346,0.00848781131207943,0.3621216416358948,0.7374897599220276,0.004083318170160055,0.3352445662021637,0.7295101881027222,-0.0024678041227161884,0.31278929114341736,0.7260028123855591,-0.007640874944627285,0.39625751972198486,0.8041947484016418,0.002809720579534769,0.33978599309921265,0.7819083333015442,-0.0008911137119866908,0.3064182996749878,0.7721079587936401,-0.008014459162950516,0.2806295156478882,0.7664938569068909,-0.013627580367028713,0.39483529329299927,0.8469628095626831,-0.004913691431283951,0.33840876817703247,0.8342568278312683,-0.010877976194024086,0.3061496615409851,0.82474684715271,-0.018336480483412743,0.2813858985900879,0.8169422149658203,-0.02355099655687809,0.40235674381256104,0.8919429183006287,-0.01327761635184288,0.353571355342865,0.8913828134536743,-0.019298585131764412,0.32427284121513367,0.8883235454559326,-0.022202683612704277,0.2990393042564392,0.8820902705192566,-0.023819977417588234
0.5376819372177124,0.8537785410881042,2.7260020374342275e-07,0.5218594670295715,0.7836300134658813,-0.005929905455559492,0.4907853603363037,0.7357744574546814,-0.008604072034358978,0.46019238233566284,0.7101585865020752,-0.012047295458614826,0.4390681982040405,0.6835551261901855,-0.01565164141356945,0.40952977538108826,0.7627102136611938,0.0021351275499910116,0.3619096577167511,0.7405841946601868,-0.0032236555125564337,0.33467087149620056,0.7324641346931458,-0.01008652988821268,0.31229066848754883,0.7288777828216553,-0.015477122738957405,0.3966995179653168,0.8049561977386475,-0.0023662392050027847,0.3400713801383972,0.7835890650749207,-0.006590644828975201,0.3067132234573364,0.7734520435333252,-0.013693440705537796,0.28103092312812805,0.7677508592605591,-0.0195455439388752,0.3958626985549927,0.8486881256103516,-0.00858829915523529,0.337740957736969,0.8352661728858948,-0.014577323570847511,0.3040940761566162,0.8255301713943481,-0.022643137723207474,0.27839577198028564,0.8170076608657837,-0.02874900959432125,0.40398305654525757,0.8936994075775146,-0.015328919515013695,0.3555440306663513,0.8938909769058228,-0.021535532549023628,0.3256847560405731,0.8909227252006531,-0.025213461369276047,0.3003530502319336,0.884493350982666,-0.0276214387267828
0.5377885699272156,0.8557164072990417,2.6281355758328573e-07,0.5220015645027161,0.7842793464660645,-0.001684752875007689,0.49084821343421936,0.7355201244354248,-0.0025314686354249716,0.4609610438346863,0.7090228796005249,-0.0044580078683793545,0.44015058875083923,0.6834408044815063,-0.006969308014959097,0.41264641284942627,0.7617024183273315,0.002695823088288307,0.36380505561828613,0.7407076358795166,-0.002127293264493346,0.3364564776420593,0.731810450553894,-0.00806786771863699,0.31401389837265015,0.7272410988807678,-0.012740553356707096,0.39946427941322327,0.8041693568229675,-0.003079415997490287,0.3414548337459564,0.7831876873970032,-0.0069778901524841785,0.3072216510772705,0.7728701829910278,-0.01344816293567419,0.2808656096458435,0.7670170068740845,-0.01877603679895401,0.3983559012413025,0.8488748669624329,-0.009876154363155365,0.3391903042793274,0.8360324501991272,-0.015541080385446548,0.30501872301101685,0.8263072967529297,-0.023365696892142296,0.27863043546676636,0.8177664279937744,-0.029235128313302994,0.4060250222682953,0.8949544429779053,-0.01660960353910923,0.3566941022872925,0.8941110968589783,-0.02268613688647747,0.32658010721206665,0.8904204964637756,-0.026180634275078773,0.3010203242301941,0.8835642337799072,-0.028332246467471123
0.5330149531364441,0.8557900190353394,2.590261090062995e-07,0.5219614505767822,0.7813083529472351,-0.0009461645386181772,0.49210768938064575,0.7327945232391357,-0.000702523859217763,0.460633784532547,0.7085213661193848,-0.0008700629114173353,0.4396570920944214,0.6851953864097595,-0.0013919782359153032,0.4132066071033478,0.7623630166053772,0.0007733143283985555,0.3627302348613739,0.7400302886962891,-0.0023637255653738976,0.33442604541778564,0.730850100517273,-0.006248875986784697,0.31241729855537415,0.7264801859855652,-0.009425129741430283,0.3995719850063324,0.8057695627212524,-0.003509844420477748,0.3399597704410553,0.7839424014091492,-0.006386623252183199,0.30457502603530884,0.7735143899917603,-0.011232747696340084,0.27812761068344116,0.767750084400177,-0.01534105185419321,0.3982398509979248,0.8494671583175659,-0.008286268450319767,0.33850330114364624,0.8362206816673279,-0.012958766892552376,0.30407142639160156,0.8264111876487732,-0.02010069601237774,0.27795127034187317,0.8184739351272583,-0.025500643998384476,0.40501633286476135,0.8926262259483337,-0.01271896343678236,0.3558814823627472,0.8914826512336731,-0.018267644569277763,0.3256608247756958,0.8887415528297424,-0.022067705169320107,0.3002880811691284,0.8832717537879944,-0.024369144812226295
0.5330641865730286,0.8533731698989868,2.540697607855691e-07,0.5219118595123291,0.779737114906311,-0.002359324134886265,0.4908493757247925,0.7320144772529602,-0.0019049292895942926,0.45948901772499084,0.7085375189781189,-0.0016769273206591606,0.43898239731788635,0.6855599880218506,-0.001756881596520543,0.41152381896972656,0.7626517415046692,0.00023203363525681198,0.3625505268573761,0.7405653595924377,-0.0032664823811501265,0.33448123931884766,0.7312386631965637,-0.007389472797513008,0.3127926290035248,0.7270269989967346,-0.010758043266832829,0.3986065685749054,0.8058475852012634,-0.0037512658163905144,0.3394737243652344,0.7838892936706543,-0.007277592550963163,0.3045753836631775,0.772922158241272,-0.012084057554602623,0.2786533236503601,0.7671114206314087,-0.01603012904524803,0.3978257477283478,0.8492953181266785,-0.008549544960260391,0.33799105882644653,0.8351022601127625,-0.014156666584312916,0.30391746759414673,0.8244948983192444,-0.02164325676858425,0.2782025933265686,0.8161431550979614,-0.027060439810156822,0.4056066870689392,0.8929322957992554,-0.013131633400917053,0.3560706377029419,0.8922306299209595,-0.01975502073764801,0.3257919251918793,0.8892057538032532,-0.02420766092836857,0.3005833029747009,0.8834590315818787,-0.026906082406640053
0.5332754254341125,0.8508181571960449,2.3702804696767998e-07,0.5210384726524353,0.7772442698478699,-0.00030115796835161746,0.4877113699913025,0.7308127284049988,0.0020788812544196844,0.45715102553367615,0.7075567245483398,0.0038005707319825888,0.4377744495868683,0.6868314146995544,0.005069957580417395,0.40918463468551636,0.76015305519104,0.00230672606267035,0.36113089323043823,0.7394870519638062,-0.0008311496349051595,0.33395957946777344,0.7302560210227966,-0.004847441799938679,0.3128553628921509,0.7258457541465759,-0.008178428746759892,0.39663439989089966,0.803565263748169,-0.0027445494197309017,0.33811110258102417,0.7828094363212585,-0.005786464549601078,0.3039205074310303,0.7721412777900696,-0.010493137873709202,0.27844294905662537,0.7665435671806335,-0.014390856958925724,0.3963560461997986,0.8475876450538635,-0.00856785662472248,0.33735838532447815,0.8346636891365051,-0.013766574673354626,0.3036052882671356,0.8248180150985718,-0.021495619788765907,0.2777166962623596,0.8167910575866699,-0.027154354378581047,0.405162513256073,0.892295777797699,-0.014080810360610485,0.3562832772731781,0.8917586207389832,-0.020703116431832314,0.3263060450553894,0.8889335989952087,-0.025384610518813133,0.3010750412940979,0.8830848932266235,-0.02831978350877762
0.5341506600379944,0.8506749272346497,2.3297107532016526e-07,0.5218334197998047,0.7787431478500366,-0.001106078503653407,0.4894697070121765,0.7327389121055603,0.00025462149642407894,0.45862993597984314,0.7086074352264404,0.000993595109321177,0.439166396856308,0.6867613196372986,0.001299177878536284,0.4108913838863373,0.7615350484848022,0.0013006218941882253,0.36263447999954224,0.7405564188957214,-0.002558504929766059,0.33482253551483154,0.731425940990448,-0.007104077376425266,0.31237900257110596,0.7266450524330139,-0.010929890908300877,0.39807283878326416,0.8037668466567993,-0.0037508076056838036,0.3396493196487427,0.7834559679031372,-0.007831818424165249,0.3056437373161316,0.773044228553772,-0.013165035285055637,0.2794755697250366,0.7672905921936035,-0.01748666726052761,0.3974314332008362,0.8469564914703369,-0.009582399390637875,0.33846965432167053,0.8350273370742798,-0.015466419979929924,0.3044296205043793,0.8255787491798401,-0.023140281438827515,0.27780038118362427,0.8178691864013672,-0.028703680261969566,0.4058464765548706,0.8912293314933777,-0.01520220935344696,0.3568573296070099,0.8909833431243896,-0.02188914641737938,0.32653141021728516,0.888116717338562,-0.026381680741906166,0.30077823996543884,0.8823803067207336,-0.029201580211520195
0.5349364280700684,0.8499017357826233,2.152318643311446e-07,0.5217665433883667,0.776955783367157,0.00262066419236362,0.48838382959365845,0.7317049503326416,0.00656204903498292,0.45792537927627563,0.7081671357154846,0.009845019318163395,0.4378419518470764,0.6896522045135498,0.012683437205851078,0.4104061722755432,0.7602046132087708,0.0032723562326282263,0.3616531789302826,0.7401883602142334,0.0011012853356078267,0.33385035395622253,0.7310610413551331,-0.0018122796900570393,0.31226441264152527,0.7263305187225342,-0.004411868751049042,0.39816585183143616,0.8032066226005554,-0.002182733966037631,0.33897536993026733,0.7832291126251221,-0.005311889108270407,0.3044624626636505,0.7728423476219177,-0.009248173795640469,0.2786335349082947,0.7671827673912048,-0.01236784178763628,0.39794066548347473,0.8469648361206055,-0.007958410307765007,0.337594211101532,0.834405779838562,-0.013345478102564812,0.3033598065376282,0.8249766826629639,-0.02068711631000042,0.2769702672958374,0.8173267245292664,-0.025774694979190826,0.40665310621261597,0.8910108208656311,-0.013008074834942818,0.3565410375595093,0.8909600973129272,-0.019963575527071953,0.325977087020874,0.888702929019928,-0.024896971881389618,0.3005301356315613,0.8834750056266785,-0.02774622105062008
0.535219132900238,0.8479931950569153,2.259163522921881e-07,0.521453857421875,0.774535596370697,0.0037409935612231493,0.48937368392944336,0.7290880680084229,0.006606217008084059,0.45896121859550476,0.7061796188354492,0.008242654614150524,0.4363613426685333,0.6892558932304382,0.0093493377789855,0.41054072976112366,0.7572779059410095,0.0053960527293384075,0.36094930768013,0.7378629446029663,0.003412557765841484,0.33308494091033936,0.7293569445610046,0.00015608890680596232,0.31184613704681396,0.7256079912185669,-0.0024863029830157757,0.3981936275959015,0.7998096346855164,-0.0008500272524543107,0.33841562271118164,0.7810724973678589,-0.0027154504787176847,0.3034617602825165,0.772054135799408,-0.006749539170414209,0.27803510427474976,0.7675304412841797,-0.01018084678798914,0.39756518602371216,0.8443683981895447,-0.007362220901995897,0.33694684505462646,0.8324936628341675,-0.011384447105228901,0.3028356432914734,0.8235478401184082,-0.018066640943288803,0.2774345874786377,0.8162027597427368,-0.023029915988445282,0.405434250831604,0.8896961808204651,-0.013117545284330845,0.35570165514945984,0.889679491519928,-0.018452420830726624,0.32535162568092346,0.8876408338546753,-0.021974511444568634,0.300204873085022,0.8825252652168274,-0.023936301469802856
0.533774733543396,0.8471381068229675,2.2473049909876863e-07,0.5209253430366516,0.773872435092926,0.0016416640719398856,0.4895396828651428,0.7285408973693848,0.0035753780975937843,0.45887455344200134,0.7067862749099731,0.004640738479793072,0.4367159605026245,0.6894612908363342,0.005192662123590708,0.4097193777561188,0.7575308680534363,0.0023898377548903227,0.360306978225708,0.7379826307296753,-0.0008265951182693243,0.3322046995162964,0.730384111404419,-0.0046274978667497635,0.3107798993587494,0.7273023128509521,-0.007584796752780676,0.39728158712387085,0.8010759353637695,-0.0031256815418601036,0.3375648856163025,0.7829090356826782,-0.005930561106652021,0.30325058102607727,0.7731913924217224,-0.010072934441268444,0.27785205841064453,0.767235279083252,-0.01362308394163847,0.3971995711326599,0.845452070236206,-0.00908175203949213,0.3368816077709198,0.8342384099960327,-0.013728514313697815,0.30236589908599854,0.8247577548027039,-0.020560072734951973,0.27623459696769714,0.8164086937904358,-0.02567697875201702,0.4061308801174164,0.8896658420562744,-0.014483476988971233,0.3565894067287445,0.8902382254600525,-0.019991712644696236,0.3261190950870514,0.8880424499511719,-0.023613233119249344,0.3006711006164551,0.882744550704956,-0.02577424980700016
0.5339975953102112,0.8464031219482422,2.1399092986484902e-07,0.5219714641571045,0.7723159790039062,0.0019810583908110857,0.4902166724205017,0.7272359728813171,0.004425422288477421,0.45910918712615967,0.7064781188964844,0.006032918114215136,0.43742403388023376,0.6892311573028564,0.007162902504205704,0.4113466143608093,0.7572055459022522,0.002453586319461465,0.36225709319114685,0.7385271191596985,-0.0004232970532029867,0.33464717864990234,0.7306535243988037,-0.004038240760564804,0.31316885352134705,0.7268576622009277,-0.0069978078827261925,0.39848044514656067,0.8015435338020325,-0.0031537720933556557,0.33906251192092896,0.7837632894515991,-0.0058840434066951275,0.30451998114585876,0.7743842601776123,-0.010087589733302593,0.2786141633987427,0.7687973976135254,-0.013777992688119411,0.3979436159133911,0.8463609218597412,-0.009106944315135479,0.33767199516296387,0.8343488574028015,-0.013874637894332409,0.3030491769313812,0.8253422379493713,-0.02101096883416176,0.2767062783241272,0.817690908908844,-0.026326101273298264,0.40622347593307495,0.8911343812942505,-0.014427250251173973,0.3561531901359558,0.8914297819137573,-0.02016412653028965,0.32552388310432434,0.8891128301620483,-0.024202197790145874,0.3001711368560791,0.8838652968406677,-0.026671521365642548
0.5333563089370728,0.8458567261695862,2.4827872380228655e-07,0.5208249688148499,0.7747645974159241,-0.0022190981544554234,0.48991504311561584,0.7292323708534241,-0.002528383396565914,0.4591560661792755,0.7077953815460205,-0.0033581398893147707,0.43809932470321655,0.6881939768791199,-0.004577441606670618,0.4113481342792511,0.7582993507385254,-0.0006013502716086805,0.3630695044994354,0.7400821447372437,-0.005030875559896231,0.33537545800209045,0.7323136329650879,-0.010095085948705673,0.3130209445953369,0.7283490300178528,-0.014188761822879314,0.3983021676540375,0.8014472126960754,-0.00543832266703248,0.3396833539009094,0.7837365865707397,-0.00933452881872654,0.304852157831192,0.7745933532714844,-0.01482449658215046,0.2785760164260864,0.7691712975502014,-0.019465425983071327,0.39762136340141296,0.8453356027603149,-0.011056764051318169,0.33790192008018494,0.8340786695480347,-0.01689225062727928,0.3038364052772522,0.8258963823318481,-0.02458180859684944,0.27803492546081543,0.8189628720283508,-0.030240902677178383,0.40586555004119873,0.8898183107376099,-0.016525529325008392,0.35668864846229553,0.8905719518661499,-0.02293730154633522,0.32655665278434753,0.8884704113006592,-0.02709699049592018,0.30121564865112305,0.883389413356781,-0.02967933937907219
0.5336312651634216,0.8461281061172485,2.329800992129094e-07,0.5213385820388794,0.7732142806053162,0.00041712509118951857,0.4891539514064789,0.7291010618209839,0.0021712160669267178,0.4585888385772705,0.7082459330558777,0.003075934015214443,0.43789565563201904,0.6884016990661621,0.0036191469989717007,0.4103648364543915,0.7571487426757812,0.002854346763342619,0.36175358295440674,0.7386642694473267,-0.0003829439519904554,0.3344322144985199,0.7307197451591492,-0.004614916630089283,0.3130302131175995,0.7269157767295837,-0.008074604906141758,0.3974471688270569,0.8009583353996277,-0.0025237484369426966,0.33920547366142273,0.7833969593048096,-0.0056951758451759815,0.30473023653030396,0.7747531533241272,-0.010611952282488346,0.27877476811408997,0.7698097229003906,-0.01464029774069786,0.396621435880661,0.8454602360725403,-0.008556418120861053,0.33724090456962585,0.834509015083313,-0.013659573160111904,0.30344340205192566,0.8266353607177734,-0.020999407395720482,0.27775681018829346,0.8197311758995056,-0.026283880695700645,0.4050268828868866,0.8906517028808594,-0.014228747226297855,0.35562893748283386,0.8908137083053589,-0.020200276747345924,0.3254133462905884,0.8884239792823792,-0.024284876883029938,0.3002398610115051,0.8827053308486938,-0.026675570756196976
0.5315943360328674,0.8462117314338684,2.154074962845698e-07,0.5218206644058228,0.7724784016609192,0.002511310391128063,0.49025076627731323,0.7284648418426514,0.00523324403911829,0.4583844244480133,0.7090494632720947,0.007394906599074602,0.436321496963501,0.691436767578125,0.00916935596615076,0.4104473292827606,0.7552050352096558,0.0024594326969236135,0.3600739538669586,0.7382334470748901,0.0009347043815068901,0.3312034606933594,0.7331241369247437,-0.0015399615513160825,0.3090956509113312,0.7324822545051575,-0.0037338845431804657,0.3974854648113251,0.8006433248519897,-0.002433530520647764,0.3393418788909912,0.7828977704048157,-0.003751767100766301,0.30543726682662964,0.7753015160560608,-0.006784592289477587,0.28052762150764465,0.7717002630233765,-0.009760882705450058,0.39668312668800354,0.8467686176300049,-0.007459290325641632,0.337630033493042,0.8342001438140869,-0.01078900508582592,0.3035934269428253,0.8263458013534546,-0.01702186092734337,0.27811920642852783,0.8203912973403931,-0.021868325769901276,0.4043489098548889,0.8927434682846069,-0.011792617850005627,0.3552332818508148,0.8917827606201172,-0.01609574817121029,0.3251277804374695,0.8896455764770508,-0.019510263577103615,0.30078157782554626,0.8852353692054749,-0.021621854975819588
0.5338107943534851,0.846348762512207,2.3799674409019644e-07,0.5231157541275024,0.7721939086914062,-4.457228897081222e-06,0.4916645884513855,0.7286220788955688,0.0007479519699700177,0.46174851059913635,0.7090465426445007,0.0008207173668779433,0.4391447901725769,0.6923024654388428,0.0006422254955396056,0.4087013006210327,0.7528840899467468,0.0015324479900300503,0.35919278860092163,0.7367568612098694,-0.001708828378468752,0.32943195104599,0.7307997941970825,-0.005867894273251295,0.30586788058280945,0.7291344404220581,-0.009332082234323025,0.3961489498615265,0.7980766892433167,-0.0036488191690295935,0.33974704146385193,0.7820831537246704,-0.006427873857319355,0.30640268325805664,0.7747657299041748,-0.010759539902210236,0.28182706236839294,0.7716010808944702,-0.014550015330314636,0.39559870958328247,0.8450188040733337,-0.009411242790520191,0.3379333019256592,0.8338031768798828,-0.013711202889680862,0.30373555421829224,0.8268991112709045,-0.020064955577254295,0.278209388256073,0.821782112121582,-0.024865103885531425,0.40366408228874207,0.892475426197052,-0.01487749069929123,0.3551108241081238,0.8923646807670593,-0.019681401550769806,0.32494795322418213,0.8899708986282349,-0.022737331688404083,0.30097097158432007,0.885173499584198,-0.024439718574285507
0.5333366394042969,0.847245454788208,2.1696565966067283e-07,0.5222452282905579,0.7718525528907776,0.0020843837410211563,0.49079200625419617,0.7290396094322205,0.004736211616545916,0.4603792428970337,0.7106887698173523,0.006257116794586182,0.43825119733810425,0.6936197280883789,0.007425910327583551,0.40681347250938416,0.7502279877662659,0.006656660698354244,0.3573931157588959,0.7352453470230103,0.005535731092095375,0.3284502625465393,0.7295088171958923,0.0024225092492997646,0.30552440881729126,0.7279374599456787,-0.0007192245102487504,0.3938399851322174,0.7954856157302856,0.0008185198530554771,0.33869531750679016,0.7802506685256958,-0.0004884277586825192,0.30720439553260803,0.7736979126930237,-0.004605403635650873,0.28408244252204895,0.7707113027572632,-0.008261855691671371,0.3935667872428894,0.8425896167755127,-0.005658012814819813,0.33629485964775085,0.8323959708213806,-0.009508606977760792,0.3029499053955078,0.8264864087104797,-0.01610482670366764,0.27699515223503113,0.8217959403991699,-0.021054210141301155,0.40248167514801025,0.8906244039535522,-0.011680984869599342,0.35386085510253906,0.8906645178794861,-0.016578231006860733,0.32409143447875977,0.8890262842178345,-0.01995769329369068,0.29943186044692993,0.8846012949943542,-0.021877363324165344
0.5353946685791016,0.8489404916763306,2.4823441435728455e-07,0.5226852297782898,0.7749285697937012,-0.00025555843603797257,0.49189573526382446,0.7336183190345764,0.00041838677134364843,0.4614880681037903,0.7190623879432678,0.0006977222510613501,0.4351603090763092,0.7142175436019897,0.001129013136960566,0.40914615988731384,0.7474530935287476,0.0020872110035270452,0.35579296946525574,0.7249869108200073,-0.0003179368213750422,0.32334423065185547,0.7171158790588379,-0.004076927434653044,0.2971650958061218,0.7155975103378296,-0.007376908790320158,0.39669519662857056,0.795941948890686,-0.0020106693264096975,0.336978018283844,0.794624388217926,-0.0041464283131062984,0.3018238842487335,0.7980526685714722,-0.007903017103672028,0.2760261297225952,0.8030164837837219,-0.011186680756509304,0.39600232243537903,0.8465570211410522,-0.006531955674290657,0.3384661078453064,0.8483747243881226,-0.009734728373587132,0.3061808943748474,0.8468894958496094,-0.013552389107644558,0.28126823902130127,0.8458020687103271,-0.01642400585114956,0.40431156754493713,0.893821120262146,-0.010931882075965405,0.3565784990787506,0.896620512008667,-0.014753332361578941,0.3279498517513275,0.8965094089508057,-0.015730906277894974,0.30455201864242554,0.8929527401924133,-0.01540325302630663
0.5343828797340393,0.8501032590866089,2.758733614882658e-07,0.5200924873352051,0.775935709476471,-0.0005300580523908138,0.48922500014305115,0.7338460683822632,0.00023699701705481857,0.4580727517604828,0.7241030931472778,0.0005128702614456415,0.4315354526042938,0.726085901260376,0.0006678607314825058,0.4095686376094818,0.7511852979660034,0.0022244330029934645,0.35323312878608704,0.7294667363166809,-0.00028427725192159414,0.3203488886356354,0.7214328646659851,-0.0042761266231536865,0.2946568429470062,0.7189007997512817,-0.007469027768820524,0.3987043499946594,0.8025416731834412,-0.0015758080407977104,0.336296409368515,0.8048581480979919,-0.0036087327171117067,0.299910306930542,0.8077679872512817,-0.008488751947879791,0.273633748292923,0.8108623623847961,-0.012588194571435452,0.39922526478767395,0.8534010648727417,-0.0057278405874967575,0.341248095035553,0.8587505221366882,-0.008962149731814861,0.3094971477985382,0.8576964139938354,-0.013374583795666695,0.28494560718536377,0.856846809387207,-0.01660083420574665,0.40844327211380005,0.8987265229225159,-0.009713539853692055,0.3609626293182373,0.9017999172210693,-0.013525457121431828,0.3338812589645386,0.9025328159332275,-0.01432725228369236,0.31121760606765747,0.9000479578971863,-0.013788888230919838
0.5323289036750793,0.8562505841255188,3.1058587524057657e-07,0.518323540687561,0.780555784702301,-0.002343810861930251,0.48617345094680786,0.7327133417129517,-0.001587043283507228,0.4508930444717407,0.7253463268280029,-0.00035075211781077087,0.42304760217666626,0.7369999885559082,0.0008265243959613144,0.409005343914032,0.7493541240692139,0.001414888072758913,0.3513476252555847,0.7262550592422485,0.001326020690612495,0.31734177470207214,0.7187985181808472,-0.0006564049399457872,0.291734904050827,0.7174943685531616,-0.0025257295928895473,0.3964773714542389,0.8027228713035583,-0.0005097839166410267,0.3344181180000305,0.8032798171043396,0.000602227111812681,0.2978101074695587,0.8073448538780212,-0.0025529866106808186,0.27215611934661865,0.8113442063331604,-0.00562783470377326,0.39668944478034973,0.854402482509613,-0.002756767440587282,0.339709609746933,0.859458863735199,-0.0030947651248425245,0.3079499900341034,0.8595293164253235,-0.006906096823513508,0.2835949659347534,0.8585018515586853,-0.010322649963200092,0.40628254413604736,0.9002219438552856,-0.004964896477758884,0.3606939911842346,0.9017235636711121,-0.00649815471842885,0.3348265588283539,0.9019108414649963,-0.006658595055341721,0.31295129656791687,0.8979783654212952,-0.006019060034304857
0.5317250490188599,0.8690834641456604,1.9032928832984908e-07,0.51868736743927,0.7981363534927368,-0.0032819402404129505,0.48431074619293213,0.7571163177490234,-0.005153187550604343,0.4486401081085205,0.7560579180717468,-0.0054100072011351585,0.4209909439086914,0.7730496525764465,-0.005414108280092478,0.41404247283935547,0.7414193749427795,-0.0030708236154168844,0.35420748591423035,0.7186671495437622,-0.001450351788662374,0.3182932138442993,0.7099264860153198,-0.0005951931816525757,0.2903705835342407,0.7075040936470032,-0.0010415954748168588,0.39522817730903625,0.7893849015235901,-0.004094540607184172,0.34123358130455017,0.7888917326927185,-0.0013297154800966382,0.32597002387046814,0.7925049662590027,0.0019911194685846567,0.32164326310157776,0.7930706143379211,0.004257522989064455,0.3885452151298523,0.8419978022575378,-0.005787536967545748,0.32822275161743164,0.835368812084198,-0.006229307968169451,0.2920507788658142,0.8249160051345825,-0.006685907486826181,0.2631388008594513,0.8127462863922119,-0.008348352275788784,0.3896893858909607,0.8937874436378479,-0.006978187244385481,0.33919772505760193,0.8879522681236267,-0.008971125818789005,0.31067079305648804,0.8818219900131226,-0.0069818957708776,0.2848241329193115,0.8712668418884277,-0.005261317826807499
0.5382641553878784,0.8729703426361084,2.4718528379708005e-07,0.5194636583328247,0.8182043433189392,-0.005083924625068903,0.4790153503417969,0.7876364588737488,-0.005543679464608431,0.4409070611000061,0.7884998321533203,-0.004540926776826382,0.41155192255973816,0.8054025173187256,-0.002460047136992216,0.4135933816432953,0.7673174142837524,0.0018707439303398132,0.3519972562789917,0.7447614669799805,0.006410665810108185,0.31699544191360474,0.7360051870346069,0.0074480799958109856,0.28922826051712036,0.7331153154373169,0.006562935654073954,0.39680907130241394,0.8051629066467285,0.0011196230771020055,0.3338097929954529,0.8008935451507568,0.007933856919407845,0.29874494671821594,0.8034960031509399,0.00918398518115282,0.27541735768318176,0.8052248954772949,0.00836810003966093,0.39133888483047485,0.8454495072364807,-0.0005137435509823263,0.33241015672683716,0.8303728103637695,0.0019437744049355388,0.30249452590942383,0.8204404711723328,0.0006572066340595484,0.27985113859176636,0.8116514086723328,-0.0018277650233358145,0.393879771232605,0.8814349174499512,-0.0024845439475029707,0.35060521960258484,0.8658301830291748,-0.003637211862951517,0.32794779539108276,0.8589774370193481,-0.00260193576104939,0.30914920568466187,0.8506454229354858,-0.0014855096815153956
0.5447285175323486,0.8832835555076599,1.042760189307046e-07,0.5221904516220093,0.8096380233764648,-0.0008224500925280154,0.47613203525543213,0.775834321975708,-0.00281322724185884,0.4363003373146057,0.772367000579834,-0.0032762852497398853,0.40550515055656433,0.7878467440605164,-0.002544260350987315,0.41663411259651184,0.7582141160964966,1.6912092178245075e-05,0.3550495505332947,0.7292683124542236,0.00043812039075419307,0.3159043490886688,0.7168139219284058,0.0018279982032254338,0.2826501131057739,0.7111216187477112,0.0020450674928724766,0.3974495530128479,0.8099380135536194,-0.0022530280984938145,0.34713518619537354,0.7918139100074768,-0.010599102824926376,0.3651941418647766,0.7944498658180237,-0.00775945046916604,0.39102810621261597,0.7975619435310364,0.000377640564693138,0.3904340863227844,0.8664454817771912,-0.005259362049400806,0.3264144957065582,0.8434136509895325,-0.011725641787052155,0.2905799150466919,0.8234766125679016,-0.0145289096981287,0.2612249255180359,0.8063488602638245,-0.014598723500967026,0.3913722634315491,0.9201782941818237,-0.006686445791274309,0.3362818956375122,0.9078733325004578,-0.007294038310647011,0.305066853761673,0.8986238241195679,-0.003748480463400483,0.2747724652290344,0.8873776793479919,-0.0008787246770225465
0.5468468070030212,0.8892805576324463,1.673159388815293e-08,0.5200751423835754,0.8086752891540527,0.004061073064804077,0.4679012894630432,0.7688840627670288,0.0035759913735091686,0.42413634061813354,0.7709453701972961,0.0034286105073988438,0.39109736680984497,0.7891800999641418,0.0033592877443879843,0.4148569703102112,0.757506251335144,0.00023521846742369235,0.3530538082122803,0.7299864888191223,0.0009692917228676379,0.31364938616752625,0.7182738184928894,0.003317631781101227,0.28037554025650024,0.7132817506790161,0.0034420588053762913,0.39678382873535156,0.8111743927001953,-0.005579883698374033,0.35159066319465637,0.7922681570053101,-0.014850422739982605,0.3718392252922058,0.796058177947998,-0.012491051107645035,0.39712658524513245,0.7998497486114502,-0.0055253636091947556,0.391258180141449,0.8680115938186646,-0.011486689560115337,0.32851436734199524,0.8427772521972656,-0.01633758842945099,0.2917897403240204,0.8220770955085754,-0.017384687438607216,0.2614613175392151,0.8030508756637573,-0.017894774675369263,0.39276406168937683,0.9241182208061218,-0.015767764300107956,0.33364632725715637,0.9149797558784485,-0.01665116660296917,0.30073288083076477,0.9052389860153198,-0.013367332518100739,0.2687550187110901,0.8923820853233337,-0.011234189383685589
0.5521482229232788,0.893473207950592,1.2319574693719915e-08,0.5220664143562317,0.8105413913726807,0.006108968518674374,0.46765923500061035,0.7743728756904602,0.00571978185325861,0.42167800664901733,0.7764816284179688,0.006146128289401531,0.3886028528213501,0.7930024862289429,0.006591722369194031,0.41449546813964844,0.7652533054351807,-0.005684174131602049,0.35031095147132874,0.7346771359443665,-0.007166383787989616,0.3109186589717865,0.7237014770507812,-0.004389304202049971,0.2788996696472168,0.7186457514762878,-0.003345537232235074,0.3969144821166992,0.8220425844192505,-0.011679104529321194,0.3463546335697174,0.7964295744895935,-0.02132570371031761,0.366817444562912,0.7965916991233826,-0.016065457835793495,0.39286619424819946,0.7992743253707886,-0.007319610565900803,0.3939194977283478,0.8804399967193604,-0.017401136457920074,0.32608193159103394,0.8511937856674194,-0.024915490299463272,0.28740426898002625,0.8294860124588013,-0.026694711297750473,0.25566422939300537,0.8121810555458069,-0.027545074000954628,0.3981478810310364,0.9356589317321777,-0.02061999775469303,0.33602026104927063,0.9248791337013245,-0.024693582206964493,0.3015453517436981,0.9133839011192322,-0.023274077102541924,0.2681763470172882,0.9007306694984436,-0.022477345541119576
0.5624809265136719,0.9275125861167908,4.792038765799589e-08,0.5343083739280701,0.844740092754364,0.0052877627313137054,0.47715699672698975,0.8023262023925781,0.007035020273178816,0.42744535207748413,0.8077147603034973,0.011159859597682953,0.39310792088508606,0.831728994846344,0.01585794985294342,0.41670551896095276,0.8042665719985962,-0.009971680119633675,0.3406012952327728,0.7754530906677246,-0.014302695170044899,0.2920483946800232,0.7640063166618347,-0.013902600854635239,0.25435584783554077,0.7595455646514893,-0.014067569747567177,0.3993322551250458,0.8657397627830505,-0.013613549992442131,0.3383684754371643,0.8342982530593872,-0.02405601739883423,0.3552286624908447,0.8302503824234009,-0.019745491445064545,0.3815407156944275,0.8308733701705933,-0.011680589988827705,0.3961281478404999,0.9269412755966187,-0.017049646005034447,0.31804168224334717,0.898533046245575,-0.02594340220093727,0.27505719661712646,0.8774871826171875,-0.032277662307024,0.24045929312705994,0.8615691065788269,-0.036024224013090134,0.4007627069950104,0.9826629161834717,-0.01757638342678547,0.3323173522949219,0.9827566742897034,-0.023120949044823647,0.29520100355148315,0.9812595844268799,-0.02590470016002655,0.258201539516449,0.9777982234954834,-0.028340449556708336
0.5634514093399048,0.9405260682106018,5.8477873210449616e-08,0.5332122445106506,0.8538472056388855,0.0013655464863404632,0.4731079638004303,0.816977858543396,-0.00014007941354066133,0.4175591468811035,0.8228899240493774,0.0022464366629719734,0.3832010328769684,0.8553608655929565,0.005987802054733038,0.41706597805023193,0.8223060369491577,-0.015087544918060303,0.3427868187427521,0.7879639863967896,-0.020273108035326004,0.29278501868247986,0.7750980257987976,-0.02011878602206707,0.25136834383010864,0.769376814365387,-0.019997794181108475,0.395390123128891,0.8854568600654602,-0.015568113885819912,0.3358243703842163,0.8494579195976257,-0.02964617870748043,0.35703298449516296,0.8428881764411926,-0.024465322494506836,0.3891473114490509,0.8433286547660828,-0.012964218854904175,0.39222192764282227,0.945711076259613,-0.015413720160722733,0.3135789930820465,0.9195365309715271,-0.028860101476311684,0.2664794921875,0.8966891169548035,-0.03550724312663078,0.2296324521303177,0.8820267915725708,-0.03692253679037094,0.39807790517807007,0.9941931962966919,-0.011846226640045643,0.333251029253006,0.9938539266586304,-0.01638423092663288,0.2971500754356384,0.9920242428779602,-0.015512240119278431,0.2615700960159302,0.9917596578598022,-0.014472981914877892
0.5700387954711914,0.9617836475372314,1.3958354827536823e-07,0.5376902222633362,0.8710350394248962,-0.0007301477598957717,0.477357417345047,0.8338912725448608,-0.0015812707133591175,0.42054006457328796,0.8360326290130615,0.0030042151920497417,0.384424090385437,0.8627727627754211,0.008558325469493866,0.42134228348731995,0.842961311340332,-0.024337628856301308,0.3386933207511902,0.8124203085899353,-0.03205700218677521,0.2839040458202362,0.8030895590782166,-0.03246832638978958,0.23962731659412384,0.8002578020095825,-0.032052017748355865,0.40118369460105896,0.9112057089805603,-0.022700663655996323,0.3288586139678955,0.8747077584266663,-0.03289911150932312,0.34510064125061035,0.8687084317207336,-0.023935161530971527,0.3761492371559143,0.8698733448982239,-0.011938704177737236,0.39835554361343384,0.9736083149909973,-0.020615575835108757,0.3105506896972656,0.9466828107833862,-0.032538577914237976,0.26539498567581177,0.9274207353591919,-0.03759658709168434,0.23451095819473267,0.9167516231536865,-0.039276544004678726,0.40442776679992676,1.0216023921966553,-0.015069389715790749,0.3327627182006836,1.0032461881637573,-0.02031107246875763,0.2942692041397095,0.9841136336326599,-0.020654110237956047,0.25946128368377686,0.9675785899162292,-0.021335547789931297
0.5669146776199341,0.9575908184051514,3.6744406628486104e-08,0.5332386493682861,0.8681504130363464,0.009914756752550602,0.47822442650794983,0.8388788104057312,0.013396225869655609,0.4239000678062439,0.8366687893867493,0.0204839538782835,0.391664057970047,0.8638977408409119,0.02879057452082634,0.41679736971855164,0.8475630283355713,-0.011479531414806843,0.3338603377342224,0.8168869018554688,-0.018316809087991714,0.2826210856437683,0.8066932559013367,-0.019747212529182434,0.24070826172828674,0.802415668964386,-0.01906595565378666,0.39797380566596985,0.9142920970916748,-0.012010210193693638,0.32451608777046204,0.8787103295326233,-0.021409180015325546,0.34456363320350647,0.8717454671859741,-0.012428220361471176,0.37864428758621216,0.8705845475196838,0.0014747140230610967,0.3975868225097656,0.9754948019981384,-0.011483140289783478,0.31024786829948425,0.9546623229980469,-0.024054687470197678,0.25810834765434265,0.9363524317741394,-0.03342173248529434,0.22038282454013824,0.9238341450691223,-0.03637433797121048,0.40610527992248535,1.0173038244247437,-0.005847752094268799,0.3403528332710266,1.0154304504394531,-0.00699015473946929,0.306604266166687,1.0103759765625,-0.004951381124556065,0.275928258895874,1.0064523220062256,-0.0037578593473881483
0.5709136724472046,0.960929274559021,5.632617217088409e-08,0.5347179770469666,0.8731832504272461,0.00681423582136631,0.4750158488750458,0.8426302671432495,0.008652394637465477,0.4160539209842682,0.8535361289978027,0.01483359094709158,0.3829795718193054,0.8890358209609985,0.022143088281154633,0.41931572556495667,0.8490427732467651,-0.014260325580835342,0.3359862267971039,0.8193597197532654,-0.02266065590083599,0.28481775522232056,0.8088394403457642,-0.023695267736911774,0.2407761663198471,0.8016381859779358,-0.02263990417122841,0.40101221203804016,0.9183374047279358,-0.014666620641946793,0.32606738805770874,0.8830976486206055,-0.02653764747083187,0.3477027416229248,0.8780331611633301,-0.01711518131196499,0.382953017950058,0.876495361328125,-0.0019613413605839014,0.4012885093688965,0.9815923571586609,-0.014646027237176895,0.3150617778301239,0.9622737169265747,-0.030799545347690582,0.25688356161117554,0.9433326125144958,-0.04228932783007622,0.21223919093608856,0.9308884143829346,-0.045998234301805496,0.41081106662750244,1.0241146087646484,-0.009397927671670914,0.3460710048675537,1.0163781642913818,-0.01049706432968378,0.3147401213645935,1.0077379941940308,-0.007632238790392876,0.2866634726524353,1.0052571296691895,-0.00649828277528286
0.5701609253883362,0.9600158929824829,7.38418819423714e-08,0.5369740724563599,0.8694527745246887,0.004048760514706373,0.47987842559814453,0.841385006904602,0.006455597933381796,0.4232856035232544,0.8451198935508728,0.014556101523339748,0.3873194456100464,0.870073139667511,0.024393131956458092,0.41795632243156433,0.8527541160583496,-0.020838366821408272,0.33260464668273926,0.8230680823326111,-0.030257180333137512,0.2815956473350525,0.8126375675201416,-0.03256811201572418,0.2377362847328186,0.8088080286979675,-0.0319281630218029,0.401949018239975,0.9204728007316589,-0.019122306257486343,0.32196682691574097,0.8800630569458008,-0.028844963759183884,0.3452518880367279,0.8702088594436646,-0.018905486911535263,0.38142311573028564,0.8696061968803406,-0.004071895033121109,0.40413036942481995,0.979802131652832,-0.01695939339697361,0.3154199719429016,0.959962785243988,-0.03062199428677559,0.259003221988678,0.9411773681640625,-0.043125543743371964,0.21574459969997406,0.9308005571365356,-0.048515282571315765,0.41550612449645996,1.0166783332824707,-0.009881003759801388,0.35151901841163635,1.0051219463348389,-0.007624313235282898,0.3235483467578888,0.9899148344993591,-0.004145442973822355,0.299221932888031,0.9827668070793152,-0.0035610131453722715
0.570497453212738,0.9581892490386963,-3.2883210820955355e-08,0.5284980535507202,0.8663095831871033,0.01005579624325037,0.46687641739845276,0.8417526483535767,0.02068103849887848,0.4060271978378296,0.843865692615509,0.04231223091483116,0.368070513010025,0.86062091588974,0.06686080247163773,0.41938596963882446,0.8573211431503296,-0.04733716696500778,0.3235620856285095,0.8298184871673584,-0.060588154941797256,0.26833802461624146,0.818650484085083,-0.06731078773736954,0.22447048127651215,0.8146102428436279,-0.06840234994888306,0.40974611043930054,0.9255611896514893,-0.03319419175386429,0.3248647153377533,0.8965162634849548,-0.01676444709300995,0.3399357795715332,0.8797630667686462,0.010361997410655022,0.3637424111366272,0.8746118545532227,0.02609625831246376,0.40942060947418213,0.9810982346534729,-0.015842407941818237,0.3195914030075073,0.9574658870697021,-0.0020652313251048326,0.2983083128929138,0.9309602379798889,0.00665375916287303,0.2884119153022766,0.9182597398757935,0.008247225545346737,0.41375401616096497,1.016284704208374,0.005971341393887997,0.350515753030777,1.0042296648025513,0.024617541581392288,0.34022703766822815,0.9871909618377686,0.03696132078766823,0.337169885635376,0.9797250628471375,0.04199015349149704
0.5757838487625122,0.9592141509056091,3.120365477116138e-08,0.5331388711929321,0.8696882128715515,0.013072696514427662,0.47413185238838196,0.839453935623169,0.018935156986117363,0.4134279489517212,0.8436110019683838,0.03125075250864029,0.37659260630607605,0.8610378503799438,0.044515445828437805,0.4204086363315582,0.8557521104812622,-0.031305886805057526,0.3251867890357971,0.8294098377227783,-0.044044893234968185,0.2687493562698364,0.820823609828949,-0.04827900603413582,0.22378011047840118,0.8167484998703003,-0.04769885540008545,0.40718021988868713,0.9274716973304749,-0.026337075978517532,0.32136279344558716,0.89739590883255,-0.024948138743638992,0.3329574465751648,0.8843528032302856,-0.00549444230273366,0.35875895619392395,0.8788896799087524,0.011040681041777134,0.4087928831577301,0.985839307308197,-0.018951663747429848,0.31475692987442017,0.9660025835037231,-0.021122775971889496,0.27065321803092957,0.945389986038208,-0.020773079246282578,0.24154283106327057,0.9348601698875427,-0.02008248306810856,0.41761454939842224,1.0225766897201538,-0.006203354801982641,0.3506861925125122,1.0132867097854614,0.0021298269275575876,0.32764068245887756,0.9999707341194153,0.01119399443268776,0.3102463483810425,0.9917380213737488,0.016023389995098114
0.5751295685768127,0.9680337905883789,4.1464343070174436e-08,0.5353409647941589,0.8733760118484497,-0.0013544608373194933,0.4720671772956848,0.843661904335022,0.0013158086221665144,0.4092562198638916,0.843950092792511,0.014283334836363792,0.3729010820388794,0.8664244413375854,0.02961045131087303,0.42714357376098633,0.8618974089622498,-0.05094624310731888,0.32570210099220276,0.8319168090820312,-0.06505019217729568,0.26704904437065125,0.819405734539032,-0.07036163657903671,0.21914179623126984,0.8146053552627563,-0.07203894853591919,0.4087393879890442,0.9306676983833313,-0.03919706866145134,0.31725162267684937,0.8927072286605835,-0.03806766867637634,0.33781343698501587,0.8773642778396606,-0.019758176058530807,0.37233251333236694,0.8734347224235535,-0.005513944663107395,0.40410712361335754,0.9852010607719421,-0.025020845234394073,0.30926650762557983,0.9548763036727905,-0.023045603185892105,0.28560125827789307,0.9249926805496216,-0.020009832456707954,0.2779925465583801,0.9093778729438782,-0.019747426733374596,0.40654465556144714,1.0195040702819824,-0.007611046079546213,0.3437579274177551,1.005105972290039,-0.002214421983808279,0.3288857042789459,0.9856426119804382,0.002207839861512184,0.321071982383728,0.9771844744682312,0.0035301800817251205
0.5742899179458618,0.9659837484359741,-3.866149711484468e-08,0.536598801612854,0.8784662485122681,-0.0002603270986583084,0.4714328348636627,0.8453380465507507,0.0014239257434383035,0.40734410285949707,0.8451275825500488,0.011932170949876308,0.3695200979709625,0.8625961542129517,0.023929961025714874,0.4227599501609802,0.8636722564697266,-0.048657603561878204,0.32157102227211,0.8293696045875549,-0.05818219482898712,0.26539045572280884,0.8152610063552856,-0.060302142053842545,0.21955999732017517,0.8122179508209229,-0.06131523475050926,0.40982329845428467,0.9280462265014648,-0.03810529783368111,0.3238960802555084,0.8925423622131348,-0.0390661358833313,0.3514241576194763,0.8803769946098328,-0.024186598137021065,0.3838646113872528,0.8824162483215332,-0.013689149171113968,0.40837836265563965,0.9804646968841553,-0.02375873364508152,0.3246666193008423,0.9513669610023499,-0.022114790976047516,0.3330461382865906,0.9238806962966919,-0.012204431928694248,0.35198575258255005,0.912960410118103,-0.007509831804782152,0.4098346531391144,1.0181851387023926,-0.006760723423212767,0.33126336336135864,1.0097285509109497,-0.008017425425350666,0.29743313789367676,0.9982104897499084,-0.007726363837718964,0.26906466484069824,0.9914395213127136,-0.008565028198063374
0.5804783701896667,0.963312029838562,-4.116424179301248e-08,0.5361839532852173,0.8662298321723938,0.01638696901500225,0.47550198435783386,0.8399299383163452,0.02647460252046585,0.4136899709701538,0.834972083568573,0.04435309022665024,0.37577879428863525,0.8516782522201538,0.06408774107694626,0.4252399206161499,0.8501602411270142,-0.03469352051615715,0.32194918394088745,0.8229321241378784,-0.04428976774215698,0.2627210021018982,0.8125019669532776,-0.04649847373366356,0.21588873863220215,0.8094266653060913,-0.04527687281370163,0.41017210483551025,0.9227088689804077,-0.0277097225189209,0.315846711397171,0.8886308670043945,-0.020163223147392273,0.3329610228538513,0.8754580616950989,0.0032306292559951544,0.36340969800949097,0.8718680143356323,0.020569387823343277,0.4092349410057068,0.9842227101325989,-0.017339956015348434,0.3109038472175598,0.9612644910812378,-0.011727209202945232,0.27842745184898376,0.9383999705314636,-0.0072270664386451244,0.2617166340351105,0.927814245223999,-0.0060809021815657616,0.41508379578590393,1.0257985591888428,-0.0015485790790989995,0.34335532784461975,1.0228451490402222,0.008474239148199558,0.31762129068374634,1.011867880821228,0.015177142806351185,0.29783642292022705,1.0071487426757812,0.01760452799499035
0.5839617252349854,0.9610493183135986,1.1088375551082663e-08,0.5386576652526855,0.8638171553611755,0.014968916773796082,0.4742506444454193,0.8397197127342224,0.02248169668018818,0.40980303287506104,0.8372459411621094,0.037341780960559845,0.37088850140571594,0.8603035807609558,0.05389825254678726,0.42596369981765747,0.8475298881530762,-0.034515637904405594,0.32446619868278503,0.8196600079536438,-0.04576980695128441,0.2657772898674011,0.811713695526123,-0.04703193157911301,0.21816280484199524,0.8092074990272522,-0.04392918944358826,0.41060319542884827,0.9211358428001404,-0.03070678375661373,0.316701203584671,0.8860276937484741,-0.029818620532751083,0.33195915818214417,0.875595211982727,-0.008566637523472309,0.36310893297195435,0.8708341717720032,0.010533333756029606,0.4097594916820526,0.9849101901054382,-0.024196695536375046,0.30980515480041504,0.964959442615509,-0.028251105919480324,0.2569904923439026,0.94633549451828,-0.03198585286736488,0.21993780136108398,0.9368348121643066,-0.03373705968260765,0.4163495898246765,1.0252174139022827,-0.011378119699656963,0.3472819924354553,1.0171624422073364,-0.0010105161927640438,0.3190760612487793,1.001926302909851,0.007763285655528307,0.2964932918548584,0.9943767786026001,0.011231357231736183
0.5857560038566589,0.9600011110305786,7.762680809264566e-08,0.5429962277412415,0.8657035231590271,0.007328280713409185,0.47693344950675964,0.8424435257911682,0.007701171096414328,0.4121991693973541,0.8478209376335144,0.013814323581755161,0.3741326332092285,0.8758664131164551,0.020809980109333992,0.4243629276752472,0.8478014469146729,-0.03257325291633606,0.3236686885356903,0.819288432598114,-0.04498189315199852,0.26529237627983093,0.8113424181938171,-0.04667298495769501,0.217009499669075,0.8086357116699219,-0.044961027801036835,0.4076135754585266,0.9188303351402283,-0.03104051761329174,0.3164680004119873,0.8862656950950623,-0.04063735157251358,0.3347914516925812,0.8772683143615723,-0.02647802233695984,0.3684826195240021,0.8721437454223633,-0.009477914310991764,0.407817006111145,0.9800126552581787,-0.02770284377038479,0.30938708782196045,0.9627888202667236,-0.03863849863409996,0.2521405816078186,0.9442675709724426,-0.04515331983566284,0.21128565073013306,0.9341081380844116,-0.04742619767785072,0.4168212115764618,1.0198893547058105,-0.019217532128095627,0.3485562205314636,1.013364553451538,-0.0151631198823452,0.3191205859184265,1.0010932683944702,-0.008905765600502491,0.29439592361450195,0.9952462911605835,-0.006225582677870989
0.5816205143928528,0.9573220014572144,5.753092580107477e-08,0.5414043664932251,0.8666232824325562,0.004356325138360262,0.4735139310359955,0.8390793204307556,0.0030927443876862526,0.4061071276664734,0.8355858325958252,0.007739338092505932,0.3653924763202667,0.8585853576660156,0.012970926240086555,0.4243263006210327,0.8439702987670898,-0.03560205176472664,0.32638785243034363,0.8123058676719666,-0.04661903902888298,0.2678835391998291,0.802946925163269,-0.04690966755151749,0.21843834221363068,0.8005855083465576,-0.04571080207824707,0.40528377890586853,0.9143363237380981,-0.03399745002388954,0.3122939467430115,0.8797895908355713,-0.046470530331134796,0.3343237340450287,0.871086597442627,-0.03374636173248291,0.37169399857521057,0.8689846396446228,-0.018164603039622307,0.4032512605190277,0.9757055640220642,-0.03053387813270092,0.29979002475738525,0.9536116123199463,-0.04403909668326378,0.24741646647453308,0.9329001903533936,-0.04953068494796753,0.21237356960773468,0.9216609001159668,-0.05141706392168999,0.4088094234466553,1.0183883905410767,-0.022222988307476044,0.3299122452735901,1.005876898765564,-0.026864120736718178,0.2899918854236603,0.9891279935836792,-0.02689039520919323,0.25529342889785767,0.9767475128173828,-0.02809390425682068
0.5877515077590942,0.9593250751495361,-8.253461913909632e-09,0.5463683009147644,0.8661927580833435,0.011565446853637695,0.4792030453681946,0.8389763832092285,0.01645575277507305,0.41378533840179443,0.8427881002426147,0.026692839339375496,0.37525835633277893,0.871680498123169,0.03677041828632355,0.4284757971763611,0.8410754203796387,-0.030096860602498055,0.32704871892929077,0.8102326393127441,-0.038751788437366486,0.2660168409347534,0.8017062544822693,-0.03631274402141571,0.2167755365371704,0.7985117435455322,-0.03297625854611397,0.4092576205730438,0.9116576313972473,-0.02976461686193943,0.3142719864845276,0.8778240084648132,-0.03815928474068642,0.3334738314151764,0.8738328218460083,-0.02125352807343006,0.36949247121810913,0.873894214630127,-0.0037032626569271088,0.40784725546836853,0.9750298261642456,-0.027285389602184296,0.3018808960914612,0.9524439573287964,-0.039065275341272354,0.2517032027244568,0.9358452558517456,-0.04296785965561867,0.2205219268798828,0.926738440990448,-0.04412726312875748,0.4133996367454529,1.0215299129486084,-0.019162261858582497,0.3285549283027649,1.0038986206054688,-0.02737523801624775,0.2837218642234802,0.9835149049758911,-0.030968759208917618,0.24586212635040283,0.9656155705451965,-0.034352850168943405
0.583656907081604,0.9587468504905701,4.8521414441893285e-08,0.5397728085517883,0.8598069548606873,0.009923714213073254,0.4718933701515198,0.833451509475708,0.012883109971880913,0.40583983063697815,0.8329877853393555,0.020893825218081474,0.36485397815704346,0.858147919178009,0.030519910156726837,0.4222113788127899,0.8388376832008362,-0.018889177590608597,0.32687926292419434,0.8062562942504883,-0.02657550573348999,0.27125421166419983,0.7977592349052429,-0.024409810081124306,0.22384727001190186,0.7937784790992737,-0.02043878473341465,0.40266305208206177,0.9140398502349854,-0.01974395662546158,0.31121066212654114,0.8774290680885315,-0.031984128057956696,0.33450785279273987,0.8714843392372131,-0.01889856718480587,0.3736584186553955,0.8691622018814087,0.00011740878835553303,0.4012107253074646,0.9835214018821716,-0.019629182294011116,0.3017541468143463,0.9666252732276917,-0.03665902093052864,0.23729228973388672,0.9478466510772705,-0.04940502345561981,0.18618537485599518,0.9356458187103271,-0.05355760455131531,0.4079132080078125,1.0287883281707764,-0.013360514305531979,0.33479374647140503,1.0243738889694214,-0.014528803527355194,0.2964324653148651,1.0157511234283447,-0.013366210274398327,0.2604076862335205,1.0134985446929932,-0.013757850043475628
0.5879884362220764,0.9544172286987305,7.744258567754514e-08,0.5407576560974121,0.8501937389373779,0.012759581208229065,0.46896082162857056,0.8224716186523438,0.014075773768126965,0.40012913942337036,0.8242982625961304,0.019991325214505196,0.36078643798828125,0.8498364090919495,0.026725048199295998,0.42562243342399597,0.8223750591278076,-0.02664278633892536,0.32556238770484924,0.7904859781265259,-0.03765034303069115,0.2674093246459961,0.7831469774246216,-0.037800319492816925,0.21951165795326233,0.7802131175994873,-0.035394810140132904,0.4067964255809784,0.9024654030799866,-0.029396874830126762,0.31551486253738403,0.8662428855895996,-0.04175504297018051,0.33317676186561584,0.8570666313171387,-0.02896771766245365,0.36629918217658997,0.8511344194412231,-0.011637215502560139,0.405158668756485,0.9776485562324524,-0.03019106201827526,0.3008410930633545,0.9586970806121826,-0.04554648697376251,0.2339344322681427,0.9383134245872498,-0.05623175576329231,0.18158675730228424,0.9232727289199829,-0.06064601615071297,0.41187429428100586,1.0325344800949097,-0.024623291566967964,0.3397914171218872,1.0342984199523926,-0.02568267472088337,0.3016929626464844,1.0273406505584717,-0.02348748780786991,0.2660454511642456,1.0233654975891113,-0.023401757702231407
0.5873175859451294,0.9495456218719482,5.779146050599593e-08,0.5414926409721375,0.8467975854873657,0.010591971687972546,0.4683600962162018,0.821681559085846,0.010956652462482452,0.397590696811676,0.8264604806900024,0.015832599252462387,0.3573416769504547,0.8533786535263062,0.02193678729236126,0.42147350311279297,0.8170067667961121,-0.02321169711649418,0.32444119453430176,0.7896449565887451,-0.03404775634407997,0.2669185400009155,0.783381462097168,-0.03548673912882805,0.21901719272136688,0.7823202610015869,-0.034314751625061035,0.40361589193344116,0.8979095220565796,-0.025465218350291252,0.31565552949905396,0.8674815893173218,-0.03809579089283943,0.33586448431015015,0.8591307401657104,-0.02726650796830654,0.37008556723594666,0.8543975949287415,-0.01112174242734909,0.4028113782405853,0.9739187955856323,-0.026071269065141678,0.30115586519241333,0.9586915373802185,-0.040766067802906036,0.23480206727981567,0.9401238560676575,-0.05157884582877159,0.18262696266174316,0.9270415902137756,-0.05596550181508064,0.4114410877227783,1.0288714170455933,-0.02082519233226776,0.3412436544895172,1.0344924926757812,-0.01969050243496895,0.3055613934993744,1.032117247581482,-0.015869585797190666,0.2725798487663269,1.0327327251434326,-0.014669408090412617
0.5952664613723755,0.954826295375824,7.060871354269693e-08,0.5486447215080261,0.8535565137863159,0.014807822182774544,0.474909245967865,0.8199954032897949,0.018096281215548515,0.40592920780181885,0.8218023180961609,0.02504349686205387,0.3661952614784241,0.8504752516746521,0.03238135576248169,0.42935875058174133,0.8143821358680725,-0.018232177942991257,0.3282836377620697,0.7878558039665222,-0.024487361311912537,0.2690151035785675,0.7814240455627441,-0.02205045334994793,0.2203206866979599,0.7779437899589539,-0.019150719046592712,0.4102672040462494,0.8953703045845032,-0.02249198593199253,0.3176766037940979,0.8590534925460815,-0.03341653198003769,0.33436092734336853,0.8583426475524902,-0.021537115797400475,0.36720237135887146,0.8592156767845154,-0.005275313276797533,0.4078824818134308,0.9754681587219238,-0.024635598063468933,0.3031119406223297,0.9521045684814453,-0.03650752082467079,0.23812423646450043,0.9349974989891052,-0.04509129747748375,0.19024012982845306,0.9222574830055237,-0.049246810376644135,0.4145718812942505,1.0396373271942139,-0.02081029862165451,0.3430447578430176,1.0452033281326294,-0.022281169891357422,0.3028014004230499,1.0406765937805176,-0.021210214123129845,0.26539546251296997,1.0347859859466553,-0.021796880289912224
0.6001688241958618,0.9452164173126221,1.0239366332598365e-07,0.5527220964431763,0.8452158570289612,0.007501806132495403,0.4755490720272064,0.8070905208587646,0.008358454331755638,0.4084269404411316,0.8152722120285034,0.013764888979494572,0.3721076250076294,0.8498688340187073,0.019666306674480438,0.4316864609718323,0.8104375004768372,-0.02142617292702198,0.32841265201568604,0.7827287316322327,-0.02366827428340912,0.26790541410446167,0.7767507433891296,-0.0184448454529047,0.2184271514415741,0.7756072282791138,-0.015104982070624828,0.4112643003463745,0.890066921710968,-0.023228943347930908,0.31886744499206543,0.8531904816627502,-0.0340568833053112,0.3371102511882782,0.8510995507240295,-0.023818714544177055,0.3718050718307495,0.8540927767753601,-0.009113730862736702,0.40690878033638,0.9638815522193909,-0.023019572719931602,0.3020041882991791,0.9378293752670288,-0.030012482777237892,0.24518826603889465,0.9197205901145935,-0.03459515422582626,0.20412607491016388,0.9098087549209595,-0.037345025688409805,0.41036659479141235,1.0237631797790527,-0.018578078597784042,0.3349931240081787,1.0202722549438477,-0.018305029720067978,0.29434525966644287,1.0102139711380005,-0.01729935221374035,0.2567787766456604,1.0004523992538452,-0.01813441887497902
0.5963190197944641,0.9484895467758179,9.17823044233046e-08,0.5449656248092651,0.8402471542358398,0.015788011252880096,0.46764740347862244,0.8107135891914368,0.018873553723096848,0.3992370665073395,0.8171760439872742,0.024534666910767555,0.3630601167678833,0.8443702459335327,0.030584078282117844,0.42614471912384033,0.8068538308143616,-0.012766658328473568,0.3276181221008301,0.7820037603378296,-0.02039065957069397,0.2682701349258423,0.776791512966156,-0.02009843848645687,0.21964192390441895,0.7770859003067017,-0.018100786954164505,0.40561726689338684,0.8895223140716553,-0.01801939122378826,0.3175162076950073,0.8554351329803467,-0.030353905633091927,0.33792999386787415,0.8453206419944763,-0.02044999971985817,0.37384462356567383,0.8405370712280273,-0.003978876397013664,0.4035152792930603,0.9669304490089417,-0.02126993238925934,0.3028852641582489,0.9451271891593933,-0.03346998617053032,0.2371908724308014,0.9216008186340332,-0.04303259402513504,0.18733082711696625,0.9057561159133911,-0.046594955027103424,0.41162294149398804,1.0256128311157227,-0.018669961020350456,0.34566831588745117,1.0213643312454224,-0.0152002964168787,0.31274157762527466,1.0109230279922485,-0.00935080461204052,0.2835826873779297,1.0051453113555908,-0.0064863706938922405
0.6011761426925659,0.9395273923873901,6.924357620619048e-08,0.5505436062812805,0.8341853618621826,0.014848805032670498,0.47342610359191895,0.8019775152206421,0.0165997464209795,0.40568119287490845,0.8132515549659729,0.02059486135840416,0.36727479100227356,0.8503372073173523,0.024989323690533638,0.4292774200439453,0.7891495227813721,-0.007035161834210157,0.3328642249107361,0.768837571144104,-0.012860314920544624,0.27366459369659424,0.7649160623550415,-0.012196137569844723,0.22372861206531525,0.7645810842514038,-0.010992266237735748,0.4076988101005554,0.8708061575889587,-0.014798407442867756,0.31806468963623047,0.8439590334892273,-0.0289309062063694,0.3408437967300415,0.8428858518600464,-0.020271724089980125,0.3777381181716919,0.8420789241790771,-0.004024918656796217,0.4043479859828949,0.9529740810394287,-0.021197549998760223,0.30465805530548096,0.9319069981575012,-0.03367694467306137,0.23538732528686523,0.9109716415405273,-0.041350264102220535,0.17938771843910217,0.894582211971283,-0.043854933232069016,0.41213029623031616,1.0205143690109253,-0.022260401397943497,0.34464097023010254,1.018477201461792,-0.019251912832260132,0.30735307931900024,1.0110907554626465,-0.011959158815443516,0.27043235301971436,1.0058515071868896,-0.008138817735016346
0.6015886664390564,0.9359910488128662,8.268174411796281e-08,0.5546790361404419,0.8314309120178223,0.013772925361990929,0.47943833470344543,0.7976222634315491,0.014626305550336838,0.4132722020149231,0.8033348321914673,0.0178363099694252,0.3756822645664215,0.8352969288825989,0.021683325991034508,0.42822229862213135,0.7917110323905945,-0.012544641271233559,0.32948899269104004,0.7676135301589966,-0.020635876804590225,0.270282119512558,0.7648926377296448,-0.02085595764219761,0.22215509414672852,0.7681572437286377,-0.019553914666175842,0.40801510214805603,0.8735635876655579,-0.01917317882180214,0.3209117352962494,0.846545398235321,-0.03417127579450607,0.342345267534256,0.8385719060897827,-0.02555091865360737,0.3772697150707245,0.83322674036026,-0.009614696726202965,0.4057735800743103,0.9528185725212097,-0.024219442158937454,0.3070525527000427,0.933922529220581,-0.03619273379445076,0.2403080314397812,0.9102506637573242,-0.04350530728697777,0.1867188662290573,0.8918761610984802,-0.04584599658846855,0.4152555465698242,1.0156748294830322,-0.024259284138679504,0.35029956698417664,1.012610673904419,-0.020563939586281776,0.31503650546073914,1.004917860031128,-0.013425346463918686,0.2811870574951172,0.9993682503700256,-0.009474675171077251
0.6019630432128906,0.9301881194114685,3.151397010014989e-08,0.5543950796127319,0.8243995308876038,0.01979179121553898,0.47847017645835876,0.7962901592254639,0.02529972419142723,0.4104311466217041,0.8015344738960266,0.032860804349184036,0.36985114216804504,0.8310166001319885,0.041291337460279465,0.4303642213344574,0.7897039651870728,-0.007303446065634489,0.33116668462753296,0.7618850469589233,-0.013024095445871353,0.27225461602211,0.7576939463615417,-0.011629976332187653,0.22388774156570435,0.758776068687439,-0.008607953786849976,0.4092767536640167,0.8682186007499695,-0.013461855240166187,0.32055574655532837,0.8374416828155518,-0.02280370146036148,0.3389647603034973,0.8276779651641846,-0.01096088346093893,0.3698703646659851,0.8213640451431274,0.006227213889360428,0.4066033363342285,0.9452691674232483,-0.0176103375852108,0.3067675530910492,0.9274545907974243,-0.028561564162373543,0.24054893851280212,0.9055095314979553,-0.03694229945540428,0.18631643056869507,0.88877272605896,-0.03961337357759476,0.4152144491672516,1.0015181303024292,-0.01551678217947483,0.34437835216522217,1.0025651454925537,-0.010294811800122261,0.30564284324645996,0.9978481531143188,-0.0031848906073719263,0.269046425819397,0.9978137016296387,0.0005936692468822002
0.6017802953720093,0.9278335571289062,8.673809759329743e-08,0.551795482635498,0.8226751089096069,0.009603672660887241,0.4729005992412567,0.7967193722724915,0.00898211169987917,0.4028699994087219,0.8041657209396362,0.012050017714500427,0.36050719022750854,0.8305210471153259,0.016795020550489426,0.4286918640136719,0.789486289024353,-0.016432980075478554,0.3316037952899933,0.7610284090042114,-0.026605945080518723,0.272125244140625,0.756826639175415,-0.027756163850426674,0.2231036275625229,0.7586042284965515,-0.02626754157245159,0.40873751044273376,0.8707737922668457,-0.01958566904067993,0.3205500841140747,0.8424325585365295,-0.03597332537174225,0.3425152003765106,0.8319503664970398,-0.026609638705849648,0.37787923216819763,0.8249365091323853,-0.009329812601208687,0.40621641278266907,0.947663426399231,-0.02159610018134117,0.30536168813705444,0.9297009706497192,-0.03754432871937752,0.24047233164310455,0.9083409905433655,-0.046114731580019,0.18711668252944946,0.8933791518211365,-0.04734864830970764,0.4139174818992615,1.0046122074127197,-0.01829785667359829,0.3422461450099945,1.0057233572006226,-0.017248881980776787,0.30272701382637024,1.0016350746154785,-0.011520572938024998,0.2643280029296875,1.0018737316131592,-0.007677268702536821
0.6107765436172485,0.9241052269935608,7.430338655467494e-08,0.5597699880599976,0.8231014013290405,0.012347739189863205,0.47836819291114807,0.7871891260147095,0.014485915191471577,0.41124558448791504,0.8004791736602783,0.01940743811428547,0.369436651468277,0.8320729732513428,0.02457503415644169,0.43245455622673035,0.7743163108825684,-0.013541283085942268,0.33180326223373413,0.7489134669303894,-0.018114490434527397,0.2716907262802124,0.744953989982605,-0.013809212483465672,0.22312158346176147,0.7458742260932922,-0.010052142664790154,0.411348819732666,0.855224609375,-0.01993517391383648,0.32199662923812866,0.8301135897636414,-0.03240186721086502,0.33918678760528564,0.8285297751426697,-0.02234211377799511,0.36935654282569885,0.8257197737693787,-0.006640123203396797,0.40777042508125305,0.9367742538452148,-0.024952759966254234,0.30622756481170654,0.913945734500885,-0.0355905145406723,0.24185608327388763,0.8917071223258972,-0.041603367775678635,0.18818917870521545,0.8733537793159485,-0.044021934270858765,0.4145893454551697,1.0069410800933838,-0.02507217973470688,0.3418763279914856,1.0103068351745605,-0.025744477286934853,0.3002583980560303,1.0060514211654663,-0.022334400564432144,0.25932934880256653,1.0031663179397583,-0.02056713029742241
0.6154937744140625,0.927103579044342,3.9213123415038353e-08,0.5666824579238892,0.8241152763366699,0.01074861828237772,0.48266178369522095,0.7881659865379333,0.01129389088600874,0.4102312922477722,0.7978428602218628,0.013802623376250267,0.36804789304733276,0.8293238878250122,0.01706779934465885,0.43319693207740784,0.7731117010116577,-0.007739588152617216,0.33632493019104004,0.7493996620178223,-0.014388821087777615,0.2766847312450409,0.7487120628356934,-0.013341580517590046,0.22853589057922363,0.7529140114784241,-0.012247123755514622,0.41179734468460083,0.8537182807922363,-0.015625087544322014,0.3231032192707062,0.8284149169921875,-0.034252915531396866,0.34579095244407654,0.8261959552764893,-0.0276601891964674,0.3807593882083893,0.823731541633606,-0.012416196055710316,0.40835288166999817,0.9353474378585815,-0.022870196029543877,0.3081546425819397,0.9152387976646423,-0.037262920290231705,0.2425057739019394,0.894291877746582,-0.04312639683485031,0.18739937245845795,0.8768763542175293,-0.04406384751200676,0.41553348302841187,1.0052735805511475,-0.02587421052157879,0.3404468894004822,1.003664255142212,-0.027432525530457497,0.2974296808242798,0.9981498122215271,-0.023158783093094826,0.2549484670162201,0.9936373829841614,-0.020550355315208435
0.6106275320053101,0.899965763092041,2.600022241949773e-07,0.5619810819625854,0.8041813373565674,0.02155609056353569,0.49721622467041016,0.7522265911102295,0.02322216145694256,0.43573522567749023,0.7597583532333374,0.022835170850157738,0.39758872985839844,0.7884575128555298,0.019501933827996254,0.43339988589286804,0.7614119052886963,-0.01246605534106493,0.33451351523399353,0.7279279828071594,-0.020324641838669777,0.27833983302116394,0.7157585024833679,-0.021039236336946487,0.23662033677101135,0.7100133895874023,-0.021240858361124992,0.41537439823150635,0.8330565690994263,-0.027645787224173546,0.31760916113853455,0.8014158010482788,-0.0350247360765934,0.2917722165584564,0.7870404124259949,-0.03255175054073334,0.2851191759109497,0.7737975716590881,-0.02986399084329605,0.4138485789299011,0.9077051281929016,-0.039584651589393616,0.30921003222465515,0.8903352618217468,-0.04895060881972313,0.2472740262746811,0.8773682713508606,-0.056478168815374374,0.20249615609645844,0.8631150722503662,-0.06328099220991135,0.4231988787651062,0.9757884740829468,-0.046814680099487305,0.33994099497795105,0.9874953627586365,-0.055198367685079575,0.2894973158836365,0.9891273975372314,-0.05759356543421745,0.24492959678173065,0.9836248755455017,-0.059581443667411804
0.6087879538536072,0.8958069086074829,3.2456452458973217e-07,0.5643443465232849,0.7951692938804626,0.02097288705408573,0.5028895139694214,0.7400200366973877,0.02451428771018982,0.4412080645561218,0.7367917895317078,0.02635558694601059,0.3985958397388458,0.7569285035133362,0.025562744587659836,0.4329339265823364,0.7518587112426758,-0.015009415335953236,0.3321119546890259,0.7181347608566284,-0.020228607580065727,0.27853718400001526,0.7060800194740295,-0.017568161711096764,0.24062839150428772,0.6999689936637878,-0.015046045184135437,0.415414422750473,0.8217306733131409,-0.0291795302182436,0.3103864789009094,0.7878953814506531,-0.03447017818689346,0.26754188537597656,0.7698029279708862,-0.03196888417005539,0.24539509415626526,0.7553503513336182,-0.030074715614318848,0.41314995288848877,0.8949464559555054,-0.039693109691143036,0.3063318729400635,0.8804152607917786,-0.04653190076351166,0.24579747021198273,0.868523120880127,-0.053251463919878006,0.20365464687347412,0.8570701479911804,-0.05947794020175934,0.4222354590892792,0.9607551097869873,-0.04601055383682251,0.3338945209980011,0.9693583846092224,-0.05613164231181145,0.2814313471317291,0.9736794233322144,-0.06123525649309158,0.23650763928890228,0.9735457897186279,-0.06416306644678116
0.6011919379234314,0.8879654407501221,3.096017451298394e-07,0.5622791051864624,0.7846769094467163,0.01709703542292118,0.5038958191871643,0.7217562198638916,0.01934894360601902,0.43838396668434143,0.7019644379615784,0.01957557164132595,0.3883993625640869,0.7058435082435608,0.017421113327145576,0.43045204877853394,0.7380571365356445,-0.012335949577391148,0.332588791847229,0.7064058780670166,-0.019581375643610954,0.2808520197868347,0.6954227089881897,-0.020603477954864502,0.2427709996700287,0.6906946897506714,-0.02041439153254032,0.4117164611816406,0.8063942790031433,-0.025884930044412613,0.3076019287109375,0.7733133435249329,-0.030956799164414406,0.2570502758026123,0.7585325837135315,-0.031420692801475525,0.22488127648830414,0.7488971948623657,-0.03204980865120888,0.4080672860145569,0.8773544430732727,-0.03635074943304062,0.3043673634529114,0.8618481159210205,-0.040541332215070724,0.24625469744205475,0.8523460030555725,-0.04470755159854889,0.20663073658943176,0.8448727130889893,-0.049384672194719315,0.4170457720756531,0.9448131322860718,-0.04381343722343445,0.33342525362968445,0.9500657916069031,-0.049567703157663345,0.28580206632614136,0.9512465596199036,-0.0507185198366642,0.24640491604804993,0.9475744962692261,-0.050769731402397156
0.583116352558136,0.8106123805046082,2.1153755369596183e-07,0.5424094200134277,0.7133814096450806,0.010613387450575829,0.49857082962989807,0.6576003432273865,0.011301716789603233,0.4621219336986542,0.628684937953949,0.005754323676228523,0.436365008354187,0.6116323471069336,-0.0013388257939368486,0.4158312678337097,0.674909770488739,0.01634915918111801,0.34821295738220215,0.641570508480072,0.008473774418234825,0.3125440776348114,0.6269015073776245,-0.0010123808169737458,0.282481849193573,0.6151220798492432,-0.008423670195043087,0.3985503315925598,0.723673403263092,0.0007098008645698428,0.3178868591785431,0.695502519607544,-0.0032818354666233063,0.2759728729724884,0.6818084716796875,-0.01207654643803835,0.24253036081790924,0.6706026196479797,-0.020236223936080933,0.39544618129730225,0.7776686549186707,-0.015825118869543076,0.3172602951526642,0.7591136693954468,-0.018642500042915344,0.2743813395500183,0.747572660446167,-0.02558806724846363,0.2396720051765442,0.7365735769271851,-0.03323596343398094,0.40402674674987793,0.835303008556366,-0.032135140150785446,0.33978772163391113,0.8373526930809021,-0.034865137189626694,0.30228301882743835,0.8358712792396545,-0.03502057120203972,0.2680530250072479,0.8320955634117126,-0.036142747849226
0.5712507367134094,0.7878785729408264,1.6598428942415921e-07,0.5438833236694336,0.7005161643028259,0.017220331355929375,0.5039595365524292,0.6488682627677917,0.022786960005760193,0.46532249450683594,0.6236288547515869,0.023403070867061615,0.4362729787826538,0.6130383014678955,0.021978573873639107,0.41997984051704407,0.6629992127418518,0.011481428518891335,0.3525729477405548,0.6316217184066772,0.0060021900571882725,0.3163253664970398,0.6150591373443604,0.0006935427081771195,0.2871401906013489,0.6058778762817383,-0.002810616511851549,0.4052537977695465,0.7097862958908081,-0.0028802314773201942,0.32619377970695496,0.6818019151687622,-0.006472461856901646,0.2843201160430908,0.6707445979118347,-0.010884629562497139,0.2530335783958435,0.665784478187561,-0.014863967895507812,0.4030209183692932,0.7615770101547241,-0.016129838302731514,0.32724326848983765,0.7459061145782471,-0.0194239541888237,0.2864077687263489,0.7364614009857178,-0.02354663982987404,0.2564736008644104,0.7306163907051086,-0.027600383386015892,0.41083458065986633,0.8159682154655457,-0.027822330594062805,0.3474308252334595,0.8167852759361267,-0.03172983601689339,0.310024619102478,0.8166058659553528,-0.03183196485042572,0.27905339002609253,0.8158318996429443,-0.03138239309191704
0.5636727809906006,0.7729628086090088,2.1022451335284131e-07,0.5350022912025452,0.6871548295021057,0.004524568561464548,0.5045817494392395,0.6308318376541138,0.0025277002714574337,0.47437402606010437,0.6026319861412048,-0.0033635878935456276,0.4510892927646637,0.588222324848175,-0.010212918743491173,0.4245007038116455,0.6563677787780762,0.00915469042956829,0.36013057827949524,0.6324374079704285,0.0012849335325881839,0.3242802023887634,0.6229931116104126,-0.007970430888235569,0.29413020610809326,0.6188730597496033,-0.014513138681650162,0.4101768136024475,0.7012518644332886,-0.0012727229623124003,0.34011226892471313,0.6761665344238281,-0.005705818999558687,0.30192357301712036,0.6675289869308472,-0.013729854486882687,0.27223002910614014,0.6634986996650696,-0.02055632323026657,0.40658026933670044,0.7485069632530212,-0.012440617196261883,0.33912140130996704,0.7308244109153748,-0.015888476744294167,0.30236199498176575,0.721428394317627,-0.02146524004638195,0.2744302749633789,0.7154412865638733,-0.026728834956884384,0.41169273853302,0.7971181273460388,-0.02361542545258999,0.35518500208854675,0.7944249510765076,-0.026924459263682365,0.321637362241745,0.7934327125549316,-0.02673744596540928,0.2932467460632324,0.7923989295959473,-0.02633899264037609
0.5575343370437622,0.7597193121910095,2.3724359721200017e-07,0.5326718688011169,0.6818508505821228,0.006605992559343576,0.4960220456123352,0.6320062875747681,0.005944210570305586,0.4653418958187103,0.5992697477340698,0.0023439263459295034,0.45340242981910706,0.5688466429710388,-0.003063633106648922,0.4269469678401947,0.6564422845840454,-0.0013161172391846776,0.3627925217151642,0.6304985284805298,-0.007658606395125389,0.3261831998825073,0.6199363470077515,-0.013040971010923386,0.29675745964050293,0.6137325167655945,-0.01733623445034027,0.41437870264053345,0.7002924680709839,-0.011252974160015583,0.3453805148601532,0.6775246262550354,-0.016468221321702003,0.3050963878631592,0.6694696545600891,-0.022190459072589874,0.2739199995994568,0.6648733615875244,-0.027198055759072304,0.4120727479457855,0.7457271218299866,-0.0204410869628191,0.3448774814605713,0.7318545579910278,-0.024534797295928,0.3052319884300232,0.7232650518417358,-0.03024408034980297,0.27500104904174805,0.7169946432113647,-0.03565806895494461,0.41807791590690613,0.7917386293411255,-0.028932439163327217,0.3637097477912903,0.7913879752159119,-0.03375451639294624,0.3294706344604492,0.7913125157356262,-0.03562753647565842,0.3006434142589569,0.7911145687103271,-0.03677601367235184
0.5516684055328369,0.7523317337036133,2.682875219761627e-07,0.530872106552124,0.6785535216331482,0.0021236727479845285,0.4951101541519165,0.6313911080360413,0.00034977158065885305,0.46193647384643555,0.604817271232605,-0.003593369387090206,0.4458352327346802,0.5761273503303528,-0.008474746719002724,0.42382946610450745,0.6532622575759888,0.0006315144128166139,0.36505451798439026,0.6297702789306641,-0.005468158517032862,0.33089643716812134,0.619967520236969,-0.011224749498069286,0.3042891025543213,0.6149410605430603,-0.015623808838427067,0.41011300683021545,0.6968922019004822,-0.007217857986688614,0.34537386894226074,0.6751523613929749,-0.011907877400517464,0.3064504861831665,0.6673977971076965,-0.017649561166763306,0.2772907018661499,0.6638997793197632,-0.02239927463233471,0.4070557653903961,0.7420542240142822,-0.01524290069937706,0.3436258137226105,0.7292923331260681,-0.01954510435461998,0.30591607093811035,0.7212547063827515,-0.025676365941762924,0.2783045172691345,0.7151630520820618,-0.031117167323827744,0.41249582171440125,0.7873420715332031,-0.023073019459843636,0.3624805808067322,0.7875458002090454,-0.028541550040245056,0.3301633298397064,0.7876289486885071,-0.031219806522130966,0.303404301404953,0.7869426012039185,-0.032751090824604034
0.550507664680481,0.751128613948822,2.1238368219655968e-07,0.5347830057144165,0.67298823595047,0.009796627797186375,0.4988677203655243,0.6274250149726868,0.015248366631567478,0.46624070405960083,0.6104705333709717,0.01816951110959053,0.4415872395038605,0.6023147106170654,0.02029583230614662,0.42006930708885193,0.6477451324462891,0.010459540411829948,0.3630104064941406,0.6297741532325745,0.009375293739140034,0.33046936988830566,0.6255984902381897,0.0071362219750881195,0.30723899602890015,0.6266292333602905,0.00568127678707242,0.4063539505004883,0.693744421005249,0.0018222228391095996,0.3422490954399109,0.6777954697608948,0.0019335353281348944,0.30460959672927856,0.6729893088340759,-0.0004728904168587178,0.27826905250549316,0.6715605854988098,-0.0027169615495949984,0.4049733579158783,0.7435238361358643,-0.006484153214842081,0.3426693379878998,0.7361547946929932,-0.0072195217944681644,0.3078133761882782,0.7306916117668152,-0.01119723729789257,0.28255414962768555,0.7255861759185791,-0.014747999608516693,0.41351771354675293,0.796033501625061,-0.013694941066205502,0.36355137825012207,0.7986044883728027,-0.014529086649417877,0.3332214057445526,0.7972607016563416,-0.014526077546179295,0.3090277910232544,0.7921724319458008,-0.014280837960541248
0.5496491193771362,0.7481464743614197,1.9289433339508832e-07,0.5350022315979004,0.6712947487831116,0.006457956042140722,0.49982786178588867,0.6250504851341248,0.009854910895228386,0.4643929600715637,0.6084820032119751,0.011564631015062332,0.4382486343383789,0.5982925891876221,0.012720747850835323,0.4226292669773102,0.643211305141449,0.003995624836534262,0.36393851041793823,0.6271006464958191,0.0011747149983420968,0.33018559217453003,0.6243196725845337,-0.0016762998420745134,0.30588725209236145,0.6268608570098877,-0.0034461687318980694,0.4088320732116699,0.6912813782691956,-0.0031597621273249388,0.3426275849342346,0.6751731038093567,-0.004488218110054731,0.3049076199531555,0.6709310412406921,-0.00679254112765193,0.2795829772949219,0.6711145639419556,-0.008904868736863136,0.40688005089759827,0.7418552041053772,-0.009986001066863537,0.3435022830963135,0.7350426316261292,-0.01126144453883171,0.3082028031349182,0.7301797270774841,-0.014884361065924168,0.2837825119495392,0.726041853427887,-0.018344808369874954,0.4140072166919708,0.7937452793121338,-0.016015293076634407,0.363645076751709,0.7963284254074097,-0.01755610480904579,0.33295372128486633,0.7964379191398621,-0.01805664412677288,0.30840685963630676,0.7931042909622192,-0.01813006028532982
0.5479565858840942,0.7617017030715942,1.6143285108682903e-07,0.5327484011650085,0.6787386536598206,0.008910125121474266,0.49120184779167175,0.6290927529335022,0.014186258427798748,0.45030128955841064,0.610592246055603,0.017316404730081558,0.4175800085067749,0.6011595726013184,0.019933421164751053,0.41768720746040344,0.6406795978546143,0.008836775086820126,0.3572353422641754,0.6290994882583618,0.007276944816112518,0.3219015598297119,0.6298615336418152,0.005663317162543535,0.29722124338150024,0.6356734037399292,0.0048103188164532185,0.40416088700294495,0.6882711052894592,0.0008174233953468502,0.33855655789375305,0.6781308054924011,-0.0018781316466629505,0.29873985052108765,0.6770865321159363,-0.004517741966992617,0.27108168601989746,0.6802241206169128,-0.005745846312493086,0.401915043592453,0.7406575679779053,-0.006782687269151211,0.33837178349494934,0.7379269599914551,-0.0101644741371274,0.30297714471817017,0.7356500029563904,-0.012438208796083927,0.2775254547595978,0.7344900965690613,-0.013336497358977795,0.40949907898902893,0.7964968681335449,-0.013260997831821442,0.35611096024513245,0.8022110462188721,-0.01531955786049366,0.3243975043296814,0.8038069009780884,-0.014186173677444458,0.3000468313694,0.8032528162002563,-0.012025661766529083
0.5434364080429077,0.7760828137397766,1.676628045288453e-07,0.5200051069259644,0.6973437070846558,0.00414563063532114,0.47528982162475586,0.651665449142456,0.003983710892498493,0.4281473755836487,0.639890730381012,0.002579232444986701,0.39250463247299194,0.6335411071777344,0.00029601057758554816,0.41423356533050537,0.6585268378257751,-0.0035800363402813673,0.3501967787742615,0.6483906507492065,-0.010267547331750393,0.31415605545043945,0.6504639983177185,-0.015342207625508308,0.2873052954673767,0.6579453945159912,-0.01855657994747162,0.40185263752937317,0.7109798192977905,-0.011311321519315243,0.3337964415550232,0.7005324959754944,-0.016060279682278633,0.29349666833877563,0.6986798644065857,-0.020681116729974747,0.26408180594444275,0.7012085914611816,-0.024409325793385506,0.3999101221561432,0.7664031982421875,-0.018486063927412033,0.33395916223526,0.7630040645599365,-0.02276230789721012,0.2964510917663574,0.7604212760925293,-0.026151468977332115,0.26885831356048584,0.7585479617118835,-0.029262175783514977,0.4066919982433319,0.8214936852455139,-0.024781793355941772,0.3521597385406494,0.8282128572463989,-0.029705161228775978,0.32019180059432983,0.8303053975105286,-0.030225461348891258,0.2947709858417511,0.8284100294113159,-0.02961217425763607
0.5465971231460571,0.8018617630004883,2.0977211079298286e-07,0.5086552500724792,0.7229870557785034,0.004972604103386402,0.45713841915130615,0.6834458708763123,0.0006031924276612699,0.40630480647087097,0.6827567219734192,-0.004888851195573807,0.36881306767463684,0.6966518759727478,-0.012967339716851711,0.42187246680259705,0.6889697313308716,-0.023101206868886948,0.35053750872612,0.681739866733551,-0.03687654808163643,0.30772078037261963,0.6873339414596558,-0.044103700667619705,0.2749035358428955,0.6974179744720459,-0.04828827828168869,0.4131931662559509,0.7440124154090881,-0.033965758979320526,0.33677366375923157,0.7336272597312927,-0.04611192271113396,0.29045242071151733,0.734713613986969,-0.05159928649663925,0.2565433084964752,0.7397000193595886,-0.05538282170891762,0.4133686423301697,0.803372323513031,-0.04292817413806915,0.33985114097595215,0.8007814884185791,-0.05148441344499588,0.29674410820007324,0.800778329372406,-0.05420481041073799,0.26531553268432617,0.8011108040809631,-0.05667608603835106,0.4215136468410492,0.8630582690238953,-0.050525180995464325,0.36205270886421204,0.8704662322998047,-0.058263372629880905,0.32717767357826233,0.8729182481765747,-0.0583672858774662,0.29970836639404297,0.8724578619003296,-0.05737321078777313
0.558709979057312,0.852177083492279,2.1916477521699562e-07,0.5184576511383057,0.7842220664024353,0.004518189001828432,0.45803189277648926,0.7480313181877136,-0.0038993412163108587,0.40062543749809265,0.7558371424674988,-0.012048762291669846,0.36021870374679565,0.7753811478614807,-0.02316988818347454,0.4394640326499939,0.7392726540565491,-0.04228135570883751,0.35014694929122925,0.7369603514671326,-0.061071280390024185,0.29892635345458984,0.7543256282806396,-0.06830938905477524,0.2633354067802429,0.773810625076294,-0.0717780813574791,0.4377076327800751,0.7955077290534973,-0.05420976132154465,0.3437126874923706,0.7874904274940491,-0.06959758698940277,0.28933829069137573,0.7932132482528687,-0.0749865397810936,0.2510622441768646,0.8004400730133057,-0.07923993468284607,0.4414062201976776,0.8565703630447388,-0.0630016103386879,0.3530871272087097,0.8621534705162048,-0.07321002334356308,0.3043593764305115,0.8700549602508545,-0.0763067752122879,0.2699156403541565,0.8750925064086914,-0.07987105846405029,0.4501380920410156,0.9170542359352112,-0.06992881000041962,0.3821050524711609,0.9347083568572998,-0.08033166825771332,0.3437590003013611,0.9443156719207764,-0.08234569430351257,0.3114889860153198,0.9480878114700317,-0.08315391093492508
0.597608208656311,0.9045711159706116,2.8489807846199255e-07,0.5596989393234253,0.8307681083679199,-0.0038340124301612377,0.5103957653045654,0.7820666432380676,-0.00793453212827444,0.4645005166530609,0.7547292113304138,-0.012542704120278358,0.43159183859825134,0.7319079637527466,-0.01789218932390213,0.4433150291442871,0.8295121192932129,-0.010386872105300426,0.3713418245315552,0.818889856338501,-0.02003534696996212,0.3310408890247345,0.8169086575508118,-0.02772061713039875,0.2985959053039551,0.8146169185638428,-0.033145494759082794,0.43699654936790466,0.8821287751197815,-0.015537848696112633,0.35872021317481995,0.8793587684631348,-0.024390170350670815,0.31359419226646423,0.8794670104980469,-0.03312059864401817,0.27854427695274353,0.8794251084327698,-0.04013904556632042,0.4426860809326172,0.931939959526062,-0.020500071346759796,0.3723267614841461,0.9374426603317261,-0.026962606236338615,0.33132845163345337,0.939082682132721,-0.03377295657992363,0.2998890280723572,0.9391797780990601,-0.03983374312520027,0.456908643245697,0.9773344993591309,-0.025649063289165497,0.4044191539287567,0.9886636137962341,-0.030493197962641716,0.3748878836631775,0.9926872849464417,-0.032022953033447266,0.3521895706653595,0.9937411546707153,-0.03293124958872795
0.5791972279548645,0.8267263174057007,3.2600024724160903e-07,0.5498049259185791,0.7466669082641602,0.0015965162310749292,0.5130869746208191,0.6922017335891724,-0.0006236180197447538,0.4792225956916809,0.6584150791168213,-0.00650986609980464,0.45314115285873413,0.6282202005386353,-0.013258100487291813,0.4339737594127655,0.7110519409179688,0.01237506978213787,0.3742532730102539,0.6820666790008545,0.004719243850558996,0.3409344553947449,0.6705814003944397,-0.004785821307450533,0.3118038773536682,0.6625946760177612,-0.011714814230799675,0.42057690024375916,0.7540801167488098,0.0029049268923699856,0.35485389828681946,0.7284161448478699,-0.0001316621492151171,0.32038426399230957,0.7163993120193481,-0.007694761268794537,0.29174691438674927,0.7069818377494812,-0.01439566072076559,0.4179961383342743,0.8008592128753662,-0.008323612622916698,0.3559299111366272,0.7804238200187683,-0.010301272384822369,0.3220037817955017,0.7693421244621277,-0.013803963549435139,0.29549533128738403,0.7581453919410706,-0.018059393391013145,0.42591604590415955,0.8528531789779663,-0.02032599411904812,0.37533876299858093,0.8437213897705078,-0.02015472576022148,0.3477827310562134,0.8314478993415833,-0.016512257978320122,0.3244810104370117,0.818228542804718,-0.014437827281653881
0.5627575516700745,0.7906858921051025,2.58479502690534e-07,0.5408929586410522,0.7092675566673279,0.008858620189130306,0.5045725107192993,0.6538635492324829,0.01121035497635603,0.4722541868686676,0.6210997700691223,0.01019824855029583,0.45383885502815247,0.5956863164901733,0.007734415587037802,0.43449631333351135,0.6797986626625061,0.006743744481354952,0.37922120094299316,0.6474925875663757,0.0009103485499508679,0.3472088873386383,0.633029580116272,-0.0050625549629330635,0.3210659623146057,0.624282717704773,-0.009077735245227814,0.42105531692504883,0.7252234816551208,-0.003303662408143282,0.35663747787475586,0.6950775980949402,-0.0071785952895879745,0.3219999670982361,0.6809503436088562,-0.011975642293691635,0.2954885959625244,0.6720078587532043,-0.015728265047073364,0.4177018702030182,0.7728278636932373,-0.012983370572328568,0.3564551770687103,0.7547135949134827,-0.015661144629120827,0.3227316737174988,0.7420472502708435,-0.01858334243297577,0.29835888743400574,0.7317250967025757,-0.02151399292051792,0.4229915738105774,0.8222387433052063,-0.021990127861499786,0.3741382360458374,0.8159055709838867,-0.02296089194715023,0.3449210524559021,0.8071235418319702,-0.020853903144598007,0.322111576795578,0.7967013120651245,-0.019257375970482826
0.5529085993766785,0.751153826713562,2.464657313794305e-07,0.5347605347633362,0.6821861267089844,0.0013427684316411614,0.5006070137023926,0.6296729445457458,-0.0005462356493808329,0.4715171456336975,0.5985376238822937,-0.005426102317869663,0.4563572108745575,0.5673677921295166,-0.011283486150205135,0.4251205325126648,0.644515335559845,0.00475402781739831,0.37352919578552246,0.619931697845459,-0.002196553396061063,0.34539148211479187,0.6085891127586365,-0.01007059682160616,0.3216811418533325,0.6021299958229065,-0.015748968347907066,0.41351309418678284,0.6846885681152344,-0.004293971695005894,0.3551250696182251,0.6605417132377625,-0.008324977941811085,0.32406872510910034,0.6482243537902832,-0.014643336646258831,0.2993851900100708,0.6398811340332031,-0.01995575614273548,0.411332905292511,0.7279122471809387,-0.014247963204979897,0.35542362928390503,0.7093630433082581,-0.018050190061330795,0.32301631569862366,0.6977012157440186,-0.022359155118465424,0.29836827516555786,0.6875718235969543,-0.026539206504821777,0.4166850745677948,0.7758811116218567,-0.02450697310268879,0.36995822191238403,0.7676459550857544,-0.02745627611875534,0.34261780977249146,0.7599183917045593,-0.026486579328775406,0.3203696608543396,0.7513025999069214,-0.025899944826960564
0.5477464199066162,0.7450175285339355,2.3280530569991242e-07,0.5308135747909546,0.6726526021957397,0.003978895489126444,0.498712956905365,0.6187343597412109,0.0036274243611842394,0.47012531757354736,0.5879043936729431,0.000513325328938663,0.4577566087245941,0.5599948763847351,-0.0038386937230825424,0.4271004796028137,0.6363081336021423,0.006057433784008026,0.3769148588180542,0.6152588129043579,0.0012508259387686849,0.34781330823898315,0.6062600016593933,-0.004985511302947998,0.3241559863090515,0.6015804409980774,-0.009697580710053444,0.41396307945251465,0.6764159202575684,-0.002737765433266759,0.35660454630851746,0.6518224477767944,-0.005694362800568342,0.32440364360809326,0.6403627395629883,-0.011138679459691048,0.2998020648956299,0.6331278085708618,-0.015682127326726913,0.41016289591789246,0.7199326157569885,-0.011818626895546913,0.35383340716362,0.7012393474578857,-0.014733885414898396,0.3223763108253479,0.6904259920120239,-0.018952857702970505,0.2997702360153198,0.6820036768913269,-0.022794334217905998,0.41374820470809937,0.7680760622024536,-0.02071366459131241,0.3663100600242615,0.7603065371513367,-0.022832030430436134,0.3390764594078064,0.753084659576416,-0.02203088440001011,0.3172905445098877,0.7447899580001831,-0.021437283605337143
0.5433158278465271,0.7413565516471863,2.424555987090571e-07,0.5306142568588257,0.6694424748420715,0.0028993296436965466,0.5011528134346008,0.6194884777069092,0.0019582693930715322,0.4723394513130188,0.5920969247817993,-0.0012050456134602427,0.4570648670196533,0.5662774443626404,-0.004993515554815531,0.42764267325401306,0.6333326101303101,0.0040577915497124195,0.37685084342956543,0.6112744808197021,-0.00046572924475185573,0.34700343012809753,0.6023000478744507,-0.005879465956240892,0.32382461428642273,0.5979700684547424,-0.009905608370900154,0.4131673276424408,0.6743382811546326,-0.003248589113354683,0.3560042679309845,0.6499366760253906,-0.005757327191531658,0.32341206073760986,0.6390537023544312,-0.009889774024486542,0.299827516078949,0.6321935653686523,-0.013589625246822834,0.40835413336753845,0.7189968824386597,-0.010803679004311562,0.35223427414894104,0.7002584934234619,-0.012944648042321205,0.3215074837207794,0.6899068355560303,-0.016125287860631943,0.30047377943992615,0.6822697520256042,-0.01948133483529091,0.41111990809440613,0.7670301795005798,-0.018210457637906075,0.36657145619392395,0.7586259245872498,-0.01998157985508442,0.3398161828517914,0.7520366311073303,-0.019388876855373383,0.31870296597480774,0.7449671030044556,-0.018912112340331078
0.5442419052124023,0.7362174987792969,2.3664986770199903e-07,0.5288482308387756,0.6666791439056396,0.002406683284789324,0.49735531210899353,0.615638017654419,0.00024187054077629,0.46903353929519653,0.5865104794502258,-0.00419660983607173,0.45555397868156433,0.5580782890319824,-0.009475176222622395,0.425275057554245,0.6259589195251465,0.0014224500628188252,0.37440696358680725,0.6068027019500732,-0.004499262664467096,0.34449291229248047,0.5993703603744507,-0.01090477965772152,0.32123804092407227,0.5961339473724365,-0.015726681798696518,0.41232001781463623,0.667529284954071,-0.006613054778426886,0.3570133447647095,0.645156979560852,-0.010106058791279793,0.32544344663619995,0.6349587440490723,-0.015176953747868538,0.30174270272254944,0.6282426118850708,-0.019677672535181046,0.4088151752948761,0.7134490013122559,-0.014830052852630615,0.3543214499950409,0.6955674290657043,-0.017945272848010063,0.3226878345012665,0.68568354845047,-0.021961629390716553,0.3001898527145386,0.6775985956192017,-0.026036815717816353,0.4127814471721649,0.763378918170929,-0.022899260744452477,0.3685051202774048,0.7559514045715332,-0.025952208787202835,0.3416483402252197,0.7495624423027039,-0.026152728125452995,0.3200766146183014,0.7420896291732788,-0.02626371942460537
0.5420078039169312,0.730440080165863,1.9731365341613127e-07,0.5279046893119812,0.6639545559883118,0.00532836839556694,0.4978501796722412,0.6166941523551941,0.006985605228692293,0.4710412919521332,0.5920178890228271,0.006279631983488798,0.45463159680366516,0.570978581905365,0.004857257474213839,0.4251316785812378,0.6364713311195374,0.007440231740474701,0.37548187375068665,0.6148407459259033,0.0044215950183570385,0.3484897315502167,0.6059309244155884,0.00015453783271368593,0.32878929376602173,0.6010152101516724,-0.0027831480838358402,0.412119597196579,0.6755420565605164,-2.9756143703707494e-05,0.35628044605255127,0.6541728377342224,-0.0012695245677605271,0.3246203064918518,0.6446484327316284,-0.004888531751930714,0.30151575803756714,0.6379403471946716,-0.008244164288043976,0.40878331661224365,0.7165699601173401,-0.007712322752922773,0.35336777567863464,0.6992561221122742,-0.009431621991097927,0.32224369049072266,0.689379096031189,-0.013167066499590874,0.29992565512657166,0.6810917854309082,-0.01670483686029911,0.4128444790840149,0.759770929813385,-0.014956969767808914,0.3674902319908142,0.752766489982605,-0.016610870137810707,0.3404388427734375,0.7472934126853943,-0.01636890135705471,0.3187958300113678,0.7410302758216858,-0.01609203591942787
0.5412406325340271,0.7278646230697632,2.095505209354087e-07,0.5254061222076416,0.6620619893074036,0.005476545076817274,0.4962816536426544,0.6186259388923645,0.008039567619562149,0.4709663987159729,0.6002272963523865,0.008058320730924606,0.45693549513816833,0.5867457985877991,0.007025959435850382,0.4264204502105713,0.6415818333625793,0.008642650209367275,0.3787161111831665,0.6223849654197693,0.005258332006633282,0.35307300090789795,0.6131688952445984,0.0002379980287514627,0.33348339796066284,0.6071923971176147,-0.0034565129317343235,0.4144539535045624,0.6801555156707764,0.00027343080728314817,0.3575671911239624,0.660426914691925,-0.0018022204749286175,0.3249490559101105,0.6500205993652344,-0.007103404495865107,0.3002179265022278,0.6418268084526062,-0.011604227125644684,0.4117489457130432,0.7199230790138245,-0.008464228361845016,0.3554851710796356,0.703080415725708,-0.011521593667566776,0.3229280412197113,0.6928558349609375,-0.017631161957979202,0.29814422130584717,0.6838294267654419,-0.022541765123605728,0.41652193665504456,0.7616498470306396,-0.01668919064104557,0.3703216016292572,0.7546427249908447,-0.020155685022473335,0.3423460125923157,0.750255823135376,-0.021666530519723892,0.31848615407943726,0.7451594471931458,-0.022559870034456253
0.5400137901306152,0.7314327359199524,2.09031966846851e-07,0.5281639099121094,0.6646475791931152,0.004622960928827524,0.49763402342796326,0.6213067770004272,0.007784499786794186,0.4666388928890228,0.6046644449234009,0.009217125363647938,0.4456721246242523,0.5932876467704773,0.009952662512660027,0.425401896238327,0.6397578716278076,0.009578975848853588,0.3760279715061188,0.6228510141372681,0.008649244904518127,0.35011348128318787,0.6155160665512085,0.005348739214241505,0.3307912349700928,0.6119783520698547,0.0028381720185279846,0.41186654567718506,0.6789554357528687,0.0031392357777804136,0.35678011178970337,0.6605595350265503,0.00410274276509881,0.3248295187950134,0.6534304618835449,0.0004178646195214242,0.3014329671859741,0.6489048600196838,-0.003151139011606574,0.4091099798679352,0.7202993631362915,-0.003626099554821849,0.35412484407424927,0.7036700248718262,-0.004581978544592857,0.32243698835372925,0.6941908597946167,-0.009873122908174992,0.2990996241569519,0.6861506700515747,-0.01441848836839199,0.41386979818344116,0.7635679244995117,-0.009875519201159477,0.3673325181007385,0.7548189163208008,-0.012185230851173401,0.33957749605178833,0.7491433620452881,-0.01342055108398199,0.3163577914237976,0.7421776652336121,-0.014008469879627228
0.5399179458618164,0.728276789188385,1.9688134500484011e-07,0.5290337204933167,0.6631379723548889,0.0055295624770224094,0.4992157220840454,0.6237766742706299,0.009653838351368904,0.47109556198120117,0.6085730791091919,0.01166793704032898,0.45155802369117737,0.5961061120033264,0.013174847699701786,0.424585223197937,0.6409947276115417,0.012901883572340012,0.3778773844242096,0.6240832805633545,0.012649831362068653,0.3529997169971466,0.6167470216751099,0.009473571553826332,0.3335425853729248,0.6123479604721069,0.0067063127644360065,0.4111374318599701,0.6793526411056519,0.005957535933703184,0.35668015480041504,0.6618888974189758,0.0066661774180829525,0.3259057104587555,0.6539971232414246,0.0029428156558424234,0.30271637439727783,0.6480368971824646,-0.0005332022556103766,0.40852344036102295,0.7197413444519043,-0.001528314664028585,0.35411110520362854,0.7044884562492371,-0.003199095604941249,0.3228127062320709,0.6955561637878418,-0.008604099042713642,0.29883939027786255,0.6879098415374756,-0.012917397543787956,0.4141272306442261,0.7619810104370117,-0.008492514491081238,0.36878079175949097,0.7534356117248535,-0.010815253481268883,0.3415409028530121,0.74793541431427,-0.011921561323106289,0.3186664581298828,0.7413644194602966,-0.01243479736149311
0.5402238368988037,0.7296905517578125,1.9858298117014783e-07,0.5296574831008911,0.6636289954185486,0.00561608886346221,0.5003612637519836,0.625167191028595,0.00952589325606823,0.47245320677757263,0.6085705757141113,0.0114053413271904,0.45378226041793823,0.5942166447639465,0.012688101269304752,0.42671236395835876,0.6403400897979736,0.01102218497544527,0.3790498971939087,0.6237823963165283,0.010046263225376606,0.3523825705051422,0.6160764694213867,0.0069314269348979,0.3310302495956421,0.61142498254776,0.004224882461130619,0.4128212332725525,0.6777834296226501,0.003991028293967247,0.357481449842453,0.6612140536308289,0.0034466946963220835,0.326005220413208,0.653335690498352,-0.00022306876780930907,0.3020951747894287,0.6471932530403137,-0.0033590930979698896,0.40958526730537415,0.718460202217102,-0.0034221415407955647,0.35429084300994873,0.704807698726654,-0.0059222690761089325,0.32258573174476624,0.69605553150177,-0.011052602902054787,0.2981475591659546,0.6878669261932373,-0.014920995570719242,0.4143974483013153,0.7616105079650879,-0.010237479582428932,0.3683392107486725,0.7541522979736328,-0.012881346046924591,0.34085699915885925,0.7481123805046082,-0.013823429122567177,0.31774601340293884,0.7404274940490723,-0.01411046925932169
0.5385575294494629,0.7280412912368774,1.8673914325972873e-07,0.5296135544776917,0.6618174314498901,0.006700507830828428,0.5009227991104126,0.6214483976364136,0.01121918298304081,0.4724102318286896,0.605640172958374,0.013839044608175755,0.45173460245132446,0.5960339903831482,0.015757368877530098,0.4264928996562958,0.6393725872039795,0.010652119293808937,0.37866443395614624,0.6226773262023926,0.010547065176069736,0.35286080837249756,0.6149901747703552,0.008315030485391617,0.33272337913513184,0.6103519797325134,0.006419327110052109,0.41303861141204834,0.6769322156906128,0.003758922917768359,0.35670945048332214,0.66060870885849,0.004786859732121229,0.32537370920181274,0.653057336807251,0.0022568954154849052,0.30249714851379395,0.6475434303283691,-0.00033571000676602125,0.4101387858390808,0.7172340750694275,-0.0032658642157912254,0.3543296158313751,0.703574538230896,-0.004317101556807756,0.3225700259208679,0.6944948434829712,-0.00900530256330967,0.2987552881240845,0.686244010925293,-0.012891487218439579,0.4148942232131958,0.7593250274658203,-0.0095455851405859,0.3684147596359253,0.7533890604972839,-0.011380761861801147,0.34092551469802856,0.747465193271637,-0.012216136790812016,0.3181718587875366,0.7398732304573059,-0.012566225603222847
0.5382765531539917,0.7274637222290039,2.0676472445302352e-07,0.5291742086410522,0.661016047000885,0.003713693469762802,0.4996759295463562,0.6202877759933472,0.007448344491422176,0.47184598445892334,0.604832649230957,0.009304079227149487,0.45165497064590454,0.5950144529342651,0.010557028464972973,0.4245701730251312,0.6388998627662659,0.011482383124530315,0.37894314527511597,0.6225051283836365,0.010680047795176506,0.35353562235832214,0.6141629219055176,0.007032343652099371,0.33306148648262024,0.6088347434997559,0.003936551045626402,0.41193199157714844,0.6767001748085022,0.004933429881930351,0.3579203486442566,0.6600013375282288,0.005370905622839928,0.32694506645202637,0.6513344645500183,0.0013430656399577856,0.30329006910324097,0.6451607942581177,-0.002539493143558502,0.40940797328948975,0.7168540954589844,-0.0024301193188875914,0.35554856061935425,0.7022247910499573,-0.0045025283470749855,0.32424217462539673,0.6927195191383362,-0.01044578105211258,0.3000516891479492,0.684435248374939,-0.015220585279166698,0.4137069284915924,0.759248673915863,-0.009499423205852509,0.3681660294532776,0.7522029876708984,-0.01256987638771534,0.34039637446403503,0.7459771037101746,-0.014533800072968006,0.31695711612701416,0.7382643222808838,-0.015805162489414215
0.5391903519630432,0.7281555533409119,2.1231099367469142e-07,0.530765175819397,0.6626378297805786,0.005935873836278915,0.5027635097503662,0.6252018809318542,0.009603847749531269,0.4748460054397583,0.6087478995323181,0.011499329470098019,0.45579758286476135,0.5959206819534302,0.012850292026996613,0.42793023586273193,0.6410414576530457,0.009982666932046413,0.37914901971817017,0.6230027675628662,0.009348883293569088,0.3521815240383148,0.6147098541259766,0.006710822228342295,0.33153924345970154,0.6097261905670166,0.004536646883934736,0.4142846465110779,0.6786690354347229,0.0035574049688875675,0.35744765400886536,0.6616905331611633,0.0033913960214704275,0.3258226811885834,0.6529780626296997,-5.3916032811685e-06,0.3027510643005371,0.6457188129425049,-0.002967205597087741,0.4107763469219208,0.719289243221283,-0.003022602526471019,0.3539482057094574,0.7033914923667908,-0.00491800531744957,0.3216490149497986,0.6931928992271423,-0.010037356056272984,0.29782652854919434,0.6840235590934753,-0.013919489458203316,0.41475605964660645,0.7616505026817322,-0.00884197186678648,0.36807048320770264,0.7529930472373962,-0.010756530798971653,0.3397333323955536,0.7465644478797913,-0.011700989678502083,0.31674429774284363,0.738876461982727,-0.012003405019640923
0.5397399663925171,0.7278604507446289,2.1437713826344407e-07,0.5306785106658936,0.662563145160675,0.004829598590731621,0.5017406344413757,0.6245128512382507,0.007098812144249678,0.473638653755188,0.6083120703697205,0.0075227865017950535,0.4541035592556,0.5947205424308777,0.007377765607088804,0.42678025364875793,0.6399197578430176,0.007889136672019958,0.379116952419281,0.6221849918365479,0.00569180166348815,0.3527262210845947,0.6143132448196411,0.0018750119488686323,0.3320210576057434,0.6101291179656982,-0.0010182774858549237,0.41333141922950745,0.6777123808860779,0.0010453645372763276,0.3575465679168701,0.6607480049133301,0.0001447260583518073,0.32580915093421936,0.6526654362678528,-0.003535173600539565,0.3019160032272339,0.6467837691307068,-0.006816941313445568,0.41008156538009644,0.7187146544456482,-0.006075642071664333,0.3543621897697449,0.7042694091796875,-0.008277186192572117,0.3218708038330078,0.6945040822029114,-0.013135695829987526,0.2975839674472809,0.6857429146766663,-0.016994750127196312,0.41431549191474915,0.7616093158721924,-0.01265349518507719,0.36784133315086365,0.7537566423416138,-0.01468596886843443,0.33973315358161926,0.7472914457321167,-0.015226064249873161,0.3170064687728882,0.739643394947052,-0.015303859487175941
0.5368214845657349,0.7302108407020569,2.0805103417842474e-07,0.5288891792297363,0.6638363599777222,0.007632697466760874,0.5020725131034851,0.6255831122398376,0.012113107368350029,0.4733004868030548,0.6081833839416504,0.014843701384961605,0.453328013420105,0.595514178276062,0.017160648480057716,0.4276035726070404,0.6400766968727112,0.010705528780817986,0.3787490427494049,0.6201778650283813,0.010797484777867794,0.3523111641407013,0.6124981045722961,0.009029553271830082,0.33232423663139343,0.6086259484291077,0.007609021849930286,0.4132027328014374,0.6778879165649414,0.004221098031848669,0.35643070936203003,0.6594803333282471,0.004584440961480141,0.32464563846588135,0.6518124938011169,0.0019300637068226933,0.30112552642822266,0.6459246873855591,-0.00039223494241014123,0.4093776345252991,0.7186894416809082,-0.002117255935445428,0.35319459438323975,0.7030616402626038,-0.003335260320454836,0.32118403911590576,0.6929673552513123,-0.007982200011610985,0.29728254675865173,0.6836977005004883,-0.011549637652933598,0.41324588656425476,0.7608963251113892,-0.007492028176784515,0.36670684814453125,0.7528069019317627,-0.008539477363228798,0.3391190767288208,0.7468887567520142,-0.008905225433409214,0.31664884090423584,0.7390771508216858,-0.008761386387050152
0.5389294624328613,0.7313677072525024,1.8741148721801437e-07,0.5303142070770264,0.6647984981536865,0.007358793634921312,0.5014966726303101,0.6258769631385803,0.012255259789526463,0.472256064414978,0.60853111743927,0.015351427718997002,0.4530301094055176,0.5950725674629211,0.01797392964363098,0.4286441206932068,0.643298864364624,0.011419068090617657,0.38063672184944153,0.6237084269523621,0.011581049300730228,0.3557908535003662,0.6147754192352295,0.009780330583453178,0.33709877729415894,0.6095117330551147,0.008287651464343071,0.41435518860816956,0.6806239485740662,0.004701951518654823,0.35748255252838135,0.6618444323539734,0.004924587905406952,0.32617753744125366,0.6526362299919128,0.0022644137497991323,0.30340784788131714,0.6458796858787537,-2.2245045329327695e-05,0.41029685735702515,0.7207324504852295,-0.0020857157651335,0.35335445404052734,0.7044183611869812,-0.0038134781643748283,0.32150959968566895,0.6935603022575378,-0.008650985546410084,0.29785633087158203,0.6843075752258301,-0.012217299081385136,0.4139052927494049,0.7623944282531738,-0.007936274632811546,0.36619168519973755,0.753903865814209,-0.009676781482994556,0.3378503620624542,0.7472808957099915,-0.010487646795809269,0.31472277641296387,0.7391675114631653,-0.010695848613977432
0.5385993123054504,0.7316245436668396,1.8449915728524502e-07,0.5296183824539185,0.664070188999176,0.008686007000505924,0.5017340779304504,0.6253222823143005,0.013934768736362457,0.47304704785346985,0.6086023449897766,0.01734655536711216,0.45284536480903625,0.5953624248504639,0.020191002637147903,0.4285086691379547,0.6418077945709229,0.010380727238953114,0.37992388010025024,0.6210678815841675,0.01065792702138424,0.3545415997505188,0.612877607345581,0.009523719549179077,0.33589765429496765,0.6087801456451416,0.008592200465500355,0.41440993547439575,0.6800833940505981,0.0033739726059138775,0.3572157025337219,0.6605578064918518,0.0031870913226157427,0.3255435526371002,0.652478814125061,0.0010721320286393166,0.30273663997650146,0.6470707058906555,-0.0006441264413297176,0.41115692257881165,0.7211657762527466,-0.0033852094784379005,0.3537592589855194,0.7043501734733582,-0.005636905785650015,0.3216767907142639,0.6942005157470703,-0.010257476009428501,0.29784131050109863,0.685495913028717,-0.013480422087013721,0.4157426357269287,0.7638011574745178,-0.00893915630877018,0.3678043484687805,0.7547192573547363,-0.011202537454664707,0.33912938833236694,0.7481722831726074,-0.012146473862230778,0.3156391382217407,0.740099310874939,-0.012271028012037277
0.5384359955787659,0.7317044734954834,2.0840158754253935e-07,0.5298821330070496,0.664173424243927,0.0038474847096949816,0.5032454133033752,0.6259745359420776,0.006677808705717325,0.4754631519317627,0.6107401847839355,0.007773000746965408,0.4543813467025757,0.5987625122070312,0.008444737643003464,0.42587488889694214,0.6420297622680664,0.009853980503976345,0.3786389231681824,0.6230974793434143,0.00829541776329279,0.3535323441028595,0.6142838597297668,0.00466864462941885,0.3343689441680908,0.6089005470275879,0.0018192925490438938,0.4122013747692108,0.6801842451095581,0.0036146489437669516,0.3568686544895172,0.6634191274642944,0.002542962087318301,0.32571497559547424,0.6548008918762207,-0.0017678707372397184,0.30265653133392334,0.6481016874313354,-0.005415288265794516,0.409618616104126,0.720711350440979,-0.0032503895927220583,0.3541478216648102,0.7053638100624084,-0.006513671483844519,0.3226957321166992,0.6951724886894226,-0.01237425860017538,0.2990083694458008,0.6860174536705017,-0.016628943383693695,0.41482824087142944,0.7627620697021484,-0.009607764892280102,0.36860430240631104,0.7551640868186951,-0.012938447296619415,0.3401792645454407,0.7495484352111816,-0.01460496336221695,0.31638097763061523,0.7423980832099915,-0.015348866581916809
0.5383391380310059,0.7317069172859192,1.932339159793628e-07,0.5304363369941711,0.6647784113883972,0.0059283943846821785,0.5033557415008545,0.62690669298172,0.009823890402913094,0.476198673248291,0.6101975440979004,0.011810299940407276,0.45533549785614014,0.599920392036438,0.013405407778918743,0.42533180117607117,0.6400476694107056,0.011478805914521217,0.3784577250480652,0.6230324506759644,0.010941010899841785,0.3537977337837219,0.615382194519043,0.008100214414298534,0.33524441719055176,0.6106897592544556,0.005741559434682131,0.4113931655883789,0.6786217093467712,0.00472317123785615,0.3565112352371216,0.6621860265731812,0.00427004462108016,0.3262971043586731,0.6534655094146729,0.0007140973466448486,0.30409637093544006,0.6465614438056946,-0.002327348105609417,0.4086746871471405,0.7201589345932007,-0.002419138327240944,0.3534350097179413,0.7048048377037048,-0.005122292321175337,0.32224172353744507,0.6950478553771973,-0.010476301424205303,0.2989238500595093,0.6861913800239563,-0.014337925240397453,0.4139222800731659,0.7632216215133667,-0.008843929506838322,0.3669467568397522,0.7549904584884644,-0.011598145589232445,0.3383667469024658,0.7491579055786133,-0.012962372042238712,0.3147667348384857,0.7417256236076355,-0.013485121540725231
0.5370270609855652,0.7312831282615662,1.869226196049567e-07,0.5291858315467834,0.6635614633560181,0.004990179557353258,0.5012829303741455,0.6239476203918457,0.008194084279239178,0.47360461950302124,0.6084133386611938,0.009361141361296177,0.4526378810405731,0.5983637571334839,0.010049942880868912,0.4232368469238281,0.6359519362449646,0.011311087757349014,0.3770812749862671,0.621096134185791,0.010677049867808819,0.35254448652267456,0.6148585081100464,0.007434856612235308,0.33434557914733887,0.6117907762527466,0.00465942220762372,0.4094698131084442,0.6754719018936157,0.0044214376248419285,0.35589632391929626,0.660903811454773,0.004476495552808046,0.32612958550453186,0.6536896228790283,0.0006521070026792586,0.3042359948158264,0.6487047076225281,-0.0028832165990024805,0.4070219397544861,0.7179021835327148,-0.0029716291464865208,0.352956622838974,0.7034898996353149,-0.005339713767170906,0.32256004214286804,0.6948016285896301,-0.010648720897734165,0.299907922744751,0.6874949932098389,-0.014784881845116615,0.41260644793510437,0.7620972394943237,-0.0098138228058815,0.366874635219574,0.7544758319854736,-0.01279646996408701,0.33896368741989136,0.749056875705719,-0.014131356962025166,0.3159618377685547,0.7425019145011902,-0.014698280021548271
0.5337110161781311,0.7347145080566406,1.8844507110316044e-07,0.5217839479446411,0.6657699346542358,0.00622791051864624,0.4953256845474243,0.6201232075691223,0.008012755773961544,0.46403756737709045,0.6124995946884155,0.008017479442059994,0.43811461329460144,0.6186337471008301,0.0075853560119867325,0.42020657658576965,0.630125880241394,0.009464509785175323,0.37029194831848145,0.6186258792877197,0.008796049281954765,0.3442361056804657,0.6163039207458496,0.006303014233708382,0.3265860378742218,0.6166723370552063,0.004602910950779915,0.4040476083755493,0.6726651191711426,0.002865706803277135,0.35147231817245483,0.6628347635269165,0.005579785909503698,0.3242902159690857,0.6610338687896729,0.0038483692333102226,0.3070720434188843,0.6602442264556885,0.001620676601305604,0.398917555809021,0.7194468379020691,-0.003748825518414378,0.345846027135849,0.711571216583252,-0.0024074953980743885,0.3181014060974121,0.7071754336357117,-0.004580710083246231,0.29853665828704834,0.7023517489433289,-0.007296916097402573,0.4023009240627289,0.76824951171875,-0.009700687602162361,0.357751727104187,0.7638744115829468,-0.009869909845292568,0.33243295550346375,0.7607603669166565,-0.008718449622392654,0.311730295419693,0.7550510168075562,-0.00742942001670599
0.5352374911308289,0.7392634749412537,1.7766194559953874e-07,0.5219405293464661,0.6705142259597778,0.0036677734460681677,0.49291881918907166,0.6262218356132507,0.004023778717964888,0.4623797535896301,0.6234668493270874,0.0026768557727336884,0.4384153485298157,0.6324729919433594,0.0008726148516871035,0.42062607407569885,0.6295488476753235,0.009008636698126793,0.3702356219291687,0.6199132800102234,0.0073279025964438915,0.3430827260017395,0.6158992052078247,0.0033512564841657877,0.3234715759754181,0.6146405935287476,0.00016850831161718816,0.40608200430870056,0.6724369525909424,0.002537414198741317,0.35411205887794495,0.6666446328163147,0.003855509916320443,0.3271743655204773,0.6653604507446289,0.001092327875085175,0.3092033267021179,0.6647329926490784,-0.0018802498234435916,0.400922566652298,0.7200902104377747,-0.004495696164667606,0.34760570526123047,0.7144585251808167,-0.0047181034460663795,0.3191854655742645,0.7101867198944092,-0.006753937341272831,0.2980663776397705,0.7044604420661926,-0.009167404845356941,0.4040147662162781,0.7713086009025574,-0.011233210563659668,0.35878095030784607,0.7693765759468079,-0.012596038170158863,0.3332822620868683,0.7661522030830383,-0.011296097189188004,0.31199920177459717,0.7606191039085388,-0.009874967858195305
0.5301370620727539,0.7447108626365662,1.999979559741405e-07,0.5193123817443848,0.6752262711524963,0.0012057023122906685,0.49381500482559204,0.6301724910736084,0.0006838600384071469,0.46333014965057373,0.6288874745368958,-0.001148273004218936,0.4374133050441742,0.638971209526062,-0.003204774111509323,0.4193624258041382,0.6347025036811829,0.008269855752587318,0.36998671293258667,0.6232197284698486,0.006024974398314953,0.3430052697658539,0.6204113364219666,0.0014525125734508038,0.323884516954422,0.6203787326812744,-0.002154658315703273,0.40319350361824036,0.6800054907798767,0.003002704354003072,0.3525674641132355,0.6710219383239746,0.0032787832897156477,0.327711284160614,0.6669454574584961,-0.0007006392697803676,0.3113108277320862,0.6642382144927979,-0.004402384627610445,0.39743104577064514,0.7283979058265686,-0.0031155049800872803,0.34451621770858765,0.7222168445587158,-0.004412355367094278,0.3174847364425659,0.7163082361221313,-0.007542196661233902,0.29762476682662964,0.7096027135848999,-0.01051158457994461,0.3997921347618103,0.7775141000747681,-0.009084662422537804,0.3545355200767517,0.7739405035972595,-0.011182992719113827,0.3292129635810852,0.7699688076972961,-0.010806988924741745,0.30811721086502075,0.7630272507667542,-0.009993662126362324
0.5287736654281616,0.7485688328742981,2.299521639770319e-07,0.5166900753974915,0.6833351254463196,0.0005307742394506931,0.4855513274669647,0.6419790387153625,-0.0013403338380157948,0.4567859470844269,0.6504327654838562,-0.0038543560076504946,0.43479323387145996,0.671728253364563,-0.006960971746593714,0.4141694903373718,0.6380218863487244,9.926628263201565e-05,0.3567056953907013,0.6188223361968994,-0.0014688828960061073,0.32258644700050354,0.6115350723266602,-0.0032806044910103083,0.2964307963848114,0.610373854637146,-0.005184043198823929,0.3978569507598877,0.6838406920433044,-0.005146852694451809,0.34575992822647095,0.6767532825469971,-0.006244140677154064,0.3268316388130188,0.6771299839019775,-0.008622931316494942,0.31828129291534424,0.6780909895896912,-0.010515481233596802,0.39187440276145935,0.7327921986579895,-0.010735402815043926,0.3339666724205017,0.7229598760604858,-0.012393392622470856,0.2997564673423767,0.7169547080993652,-0.017063738778233528,0.2738780379295349,0.7100290060043335,-0.021597856655716896,0.3932901918888092,0.7813588380813599,-0.01586596481502056,0.3433198630809784,0.7806597948074341,-0.01856304332613945,0.3143969774246216,0.77774977684021,-0.019618675112724304,0.29001182317733765,0.771364688873291,-0.02031751349568367
0.5301648378372192,0.7547969818115234,1.6652400347538787e-07,0.5163161754608154,0.6849843859672546,0.004732516128569841,0.48493218421936035,0.6421031355857849,0.00315323518589139,0.45406949520111084,0.6486978530883789,0.00033580409944988787,0.43032020330429077,0.6703341007232666,-0.003097409848123789,0.4122757017612457,0.6380271911621094,0.0023545026779174805,0.35296109318733215,0.6186851263046265,-2.124455750163179e-05,0.31717827916145325,0.6118520498275757,-0.001616019639186561,0.290311336517334,0.6107919216156006,-0.0031401743181049824,0.3944099545478821,0.6836364269256592,-0.00438098656013608,0.34408849477767944,0.6740282773971558,-0.006331905722618103,0.33431917428970337,0.6747798919677734,-0.00621605571359396,0.3341124355792999,0.6745833158493042,-0.005482912994921207,0.38856691122055054,0.7345765829086304,-0.011303001083433628,0.32841789722442627,0.7232038974761963,-0.014983978122472763,0.2924225330352783,0.7154588103294373,-0.018650051206350327,0.26499706506729126,0.706347644329071,-0.021980438381433487,0.3913246989250183,0.7860919237136841,-0.016829801723361015,0.3406684994697571,0.7840656042098999,-0.019907061010599136,0.3109978139400482,0.7800145149230957,-0.019003819674253464,0.28478410840034485,0.7728792428970337,-0.018100162968039513
0.5380455255508423,0.7830209136009216,8.436164478098362e-08,0.518509566783905,0.70432448387146,0.007507286034524441,0.47234779596328735,0.6667890548706055,0.007955019362270832,0.4295674264431,0.6697547435760498,0.00846797414124012,0.39947134256362915,0.6872677206993103,0.008080579340457916,0.42064595222473145,0.6475008726119995,-0.005080146715044975,0.352908730506897,0.6208280920982361,-0.00810888223350048,0.3113303482532501,0.6111617088317871,-0.006669165100902319,0.27867043018341064,0.6069164276123047,-0.005962720140814781,0.4015103280544281,0.6993604898452759,-0.01193814817816019,0.3466271162033081,0.6827630400657654,-0.020008563995361328,0.35448890924453735,0.6850695610046387,-0.016380269080400467,0.3702751696109772,0.6847787499427795,-0.009937381371855736,0.39464235305786133,0.7579349875450134,-0.0182816032320261,0.32714399695396423,0.7355526685714722,-0.02565092034637928,0.28840726613998413,0.7210550308227539,-0.028139669448137283,0.2576633095741272,0.7056694030761719,-0.029294399544596672,0.3956511914730072,0.8158751726150513,-0.02199353463947773,0.3367821276187897,0.8086634278297424,-0.026072192937135696,0.3050230145454407,0.7986673712730408,-0.024492936208844185,0.27523934841156006,0.7849008440971375,-0.023075900971889496
0.5574525594711304,0.7908689975738525,1.713545194625965e-09,0.5252178311347961,0.7091058492660522,0.013834554702043533,0.47358641028404236,0.6650665402412415,0.01720864698290825,0.42883193492889404,0.6644368171691895,0.020071282982826233,0.39704641699790955,0.6815915703773499,0.02188587374985218,0.42650607228279114,0.657277524471283,-0.0035955917555838823,0.35507825016975403,0.6275965571403503,-0.008629471994936466,0.31245362758636475,0.6162629127502441,-0.0070207430981099606,0.2795649766921997,0.6088656187057495,-0.005039449781179428,0.4097748100757599,0.7110719680786133,-0.012828584760427475,0.34937727451324463,0.691563069820404,-0.024092208594083786,0.35871827602386475,0.6947432160377502,-0.018560755997896194,0.37677231431007385,0.6949248909950256,-0.008660310879349709,0.40446528792381287,0.771308183670044,-0.021097389981150627,0.33154234290122986,0.7463058829307556,-0.03305209428071976,0.2893162965774536,0.7274466753005981,-0.03672933951020241,0.25582969188690186,0.7085079550743103,-0.03654409945011139,0.4053271412849426,0.8282113075256348,-0.025530388578772545,0.3405306935310364,0.8158758282661438,-0.03331119567155838,0.30489522218704224,0.8028916716575623,-0.032719459384679794,0.2725558578968048,0.787601888179779,-0.030871301889419556
0.5632060170173645,0.8064539432525635,1.4871869957744366e-08,0.5330390930175781,0.7194287180900574,0.014666244387626648,0.47934702038764954,0.6774953603744507,0.01742914877831936,0.43027204275131226,0.6711593866348267,0.019632194191217422,0.3947408199310303,0.6827347874641418,0.02092614956200123,0.42786705493927,0.6621375679969788,-0.0039907884784042835,0.3533760607242584,0.6296274065971375,-0.007268053479492664,0.31119513511657715,0.617729902267456,-0.005018230061978102,0.27794742584228516,0.6108272075653076,-0.002950497902929783,0.408390611410141,0.7179074287414551,-0.012734083458781242,0.35115617513656616,0.6953061819076538,-0.018681952729821205,0.3597736060619354,0.6975852847099304,-0.011209595948457718,0.3749258816242218,0.6963143944740295,-0.0024583828635513783,0.40254145860671997,0.7801458835601807,-0.02017577737569809,0.33016085624694824,0.753241777420044,-0.027681902050971985,0.28909122943878174,0.7334445118904114,-0.029031673446297646,0.25725609064102173,0.7139302492141724,-0.02940097451210022,0.4041042625904083,0.8390951752662659,-0.023780671879649162,0.33686143159866333,0.8278015851974487,-0.02681557647883892,0.3013658821582794,0.8145131468772888,-0.02288036048412323,0.2700648307800293,0.7986821532249451,-0.019745701923966408
0.578441858291626,0.8319882750511169,-2.3008313476680087e-08,0.5358515381813049,0.7396214604377747,0.02285611815750599,0.47274547815322876,0.701619565486908,0.028292199596762657,0.4163692593574524,0.7018115520477295,0.03302157297730446,0.3790673017501831,0.7174986600875854,0.03612067177891731,0.43771886825561523,0.6898842453956604,-0.010939870029687881,0.35774943232536316,0.6479939222335815,-0.02033086307346821,0.30876338481903076,0.6344196200370789,-0.019490256905555725,0.2705801725387573,0.6264603137969971,-0.016982337459921837,0.4171673357486725,0.7505879402160645,-0.02249034494161606,0.35084769129753113,0.7201354503631592,-0.03175338730216026,0.3555808663368225,0.7199499011039734,-0.02049778588116169,0.3702833652496338,0.7158010601997375,-0.008403082378208637,0.41075262427330017,0.8178886771202087,-0.0318349227309227,0.32816943526268005,0.7845404744148254,-0.04558209702372551,0.28148701786994934,0.7595212459564209,-0.047356877475976944,0.24611850082874298,0.7340644598007202,-0.046466901898384094,0.41291582584381104,0.878957211971283,-0.03552777320146561,0.33867108821868896,0.8673089146614075,-0.04408758133649826,0.30040523409843445,0.8514043092727661,-0.042025141417980194,0.26772862672805786,0.8328183889389038,-0.039635077118873596
0.5809089541435242,0.8425967693328857,-5.0864708001086e-09,0.5453121066093445,0.7474895715713501,0.016826486214995384,0.48164257407188416,0.7030764818191528,0.019485406577587128,0.4221915304660797,0.7006722092628479,0.023115914314985275,0.3840144872665405,0.7137927412986755,0.025917498394846916,0.4392199218273163,0.6933496594429016,-0.016909269616007805,0.355489581823349,0.6534395217895508,-0.023615187034010887,0.3071025013923645,0.6412755250930786,-0.02008838951587677,0.26908090710639954,0.634666919708252,-0.015973618254065514,0.4192321002483368,0.7600401639938354,-0.02584504522383213,0.3452838659286499,0.7247697114944458,-0.03590069338679314,0.35722142457962036,0.7227138876914978,-0.023786796256899834,0.3796265721321106,0.7214483618736267,-0.00944413524121046,0.41256967186927795,0.8277075290679932,-0.032468006014823914,0.3246612548828125,0.7906290292739868,-0.04250451177358627,0.27642127871513367,0.7627657651901245,-0.04178110510110855,0.2397158145904541,0.7383875250816345,-0.039706017822027206,0.4132637679576874,0.8889411091804504,-0.034337546676397324,0.33646929264068604,0.8757544159889221,-0.03789069131016731,0.2972773313522339,0.8579081892967224,-0.0327000766992569,0.2626006007194519,0.8393850326538086,-0.02868974767625332
0.5849655866622925,0.8517459630966187,-6.572670940840908e-08,0.546208381652832,0.7531667351722717,0.02655147761106491,0.4823095500469208,0.7098035216331482,0.032966457307338715,0.42156705260276794,0.7051537036895752,0.03904614970088005,0.3843574523925781,0.7196652293205261,0.04367171600461006,0.43889889121055603,0.7014884948730469,-0.011814962141215801,0.35313451290130615,0.6618974208831787,-0.01735769957304001,0.3049694001674652,0.6487116813659668,-0.012856447137892246,0.26769116520881653,0.6406080722808838,-0.007437667343765497,0.4162680208683014,0.7690408229827881,-0.022128308191895485,0.34667161107063293,0.7321183681488037,-0.02704671397805214,0.35989588499069214,0.7293611764907837,-0.010836866684257984,0.3830943703651428,0.7274665832519531,0.0052421484142541885,0.4105336666107178,0.8378654718399048,-0.029329191893339157,0.32242023944854736,0.7993022799491882,-0.03839665651321411,0.2735763192176819,0.7691011428833008,-0.03811316937208176,0.23749284446239471,0.7428486347198486,-0.036524951457977295,0.4129854142665863,0.898828387260437,-0.030063530430197716,0.3349224328994751,0.8856067657470703,-0.03197883069515228,0.29598724842071533,0.8682426810264587,-0.025660693645477295,0.2618468999862671,0.8503441214561462,-0.02128250151872635
0.6028895974159241,0.8729591965675354,3.9802522167065035e-08,0.558239758014679,0.7742795348167419,0.014112935401499271,0.4834965467453003,0.732515811920166,0.015570730902254581,0.41785693168640137,0.736945629119873,0.01962927356362343,0.37634599208831787,0.76039719581604,0.023324688896536827,0.4450250267982483,0.7258074879646301,-0.024728352203965187,0.35024818778038025,0.6827736496925354,-0.03446285426616669,0.29385483264923096,0.6689589023590088,-0.03117372654378414,0.2500261664390564,0.6616535782814026,-0.027564965188503265,0.42441466450691223,0.798136293888092,-0.03245123475790024,0.3384263515472412,0.7581861615180969,-0.04692124202847481,0.3480250835418701,0.7538723349571228,-0.03447835147380829,0.3723177909851074,0.7536042332649231,-0.019339190796017647,0.41822510957717896,0.8725263476371765,-0.03831091523170471,0.31535622477531433,0.8321011662483215,-0.05385627970099449,0.25911879539489746,0.8029624223709106,-0.0576021634042263,0.21534767746925354,0.7787434458732605,-0.058193620294332504,0.42005011439323425,0.9369170665740967,-0.03890788182616234,0.33739137649536133,0.9284923076629639,-0.050489891320466995,0.2927113473415375,0.9142721891403198,-0.05312192067503929,0.25085800886154175,0.8988325595855713,-0.054636966437101364
0.6096322536468506,0.8837693929672241,3.891309319214997e-08,0.5646038055419922,0.7800809144973755,0.014107544906437397,0.4855773448944092,0.7312055826187134,0.015521273016929626,0.4175819754600525,0.7321196794509888,0.019288158044219017,0.3742906451225281,0.7479953169822693,0.02250828593969345,0.4455547332763672,0.7277547717094421,-0.024444036185741425,0.3503403663635254,0.685474157333374,-0.03225120157003403,0.29393470287323,0.6719524264335632,-0.027982231229543686,0.24870005249977112,0.6639933586120605,-0.023911813274025917,0.42583751678466797,0.8020077347755432,-0.03359648585319519,0.3363266885280609,0.7581552267074585,-0.0474427230656147,0.34657615423202515,0.7539247870445251,-0.03576670214533806,0.3700580596923828,0.7527957558631897,-0.020795607939362526,0.4198327660560608,0.8768283724784851,-0.040353238582611084,0.31808772683143616,0.8364396095275879,-0.05200963839888573,0.25974515080451965,0.8051047325134277,-0.052940305322408676,0.21507543325424194,0.7785142064094543,-0.05245909094810486,0.4213624596595764,0.9452062249183655,-0.04247737303376198,0.33550161123275757,0.9365673661231995,-0.04779956489801407,0.28846484422683716,0.918929398059845,-0.04519200697541237,0.24662481248378754,0.9017103314399719,-0.04360579326748848
0.6201008558273315,0.8947504162788391,1.5425104038513382e-07,0.5679374933242798,0.7917529344558716,0.01372626330703497,0.48164987564086914,0.7459965348243713,0.013606703840196133,0.40927234292030334,0.7513619065284729,0.015317575074732304,0.3623754382133484,0.7728862762451172,0.016418753191828728,0.4497981071472168,0.7455353736877441,-0.026955032721161842,0.3431124687194824,0.7006224393844604,-0.03669027239084244,0.2822153866291046,0.6865898370742798,-0.03315190598368645,0.23402394354343414,0.6792201399803162,-0.029589198529720306,0.4304407835006714,0.8236497044563293,-0.03638491779565811,0.33242470026016235,0.78188556432724,-0.053661394864320755,0.33231109380722046,0.7725573182106018,-0.04695424810051918,0.34839680790901184,0.7667679190635681,-0.03586772084236145,0.4227841794490814,0.9021943807601929,-0.04301157593727112,0.3131541907787323,0.8699372410774231,-0.056174907833337784,0.2507845163345337,0.8401440978050232,-0.06127051264047623,0.20479249954223633,0.8151344060897827,-0.06373657286167145,0.4221406877040863,0.9695917367935181,-0.044981423765420914,0.33114850521087646,0.9680366516113281,-0.052558865398168564,0.2784707248210907,0.9543454647064209,-0.05469866096973419,0.23211802542209625,0.9382590651512146,-0.05622412636876106
0.62725830078125,0.9014385342597961,1.5638029537967668e-08,0.5741004943847656,0.7935065031051636,0.019942017272114754,0.48833391070365906,0.7446999549865723,0.02476714737713337,0.416665643453598,0.7463737726211548,0.032013144344091415,0.3707152009010315,0.7677292227745056,0.038838256150484085,0.4485737383365631,0.7435793280601501,-0.023973073810338974,0.34204936027526855,0.70159512758255,-0.03427432104945183,0.2792317271232605,0.6873946189880371,-0.03028690814971924,0.2294653058052063,0.6757944822311401,-0.025296293199062347,0.428094744682312,0.822789192199707,-0.035026609897613525,0.3269782066345215,0.7792141437530518,-0.05244622379541397,0.33780616521835327,0.7774881720542908,-0.040905777364969254,0.36498066782951355,0.7750797271728516,-0.023972738534212112,0.422054648399353,0.9047168493270874,-0.04329976439476013,0.31088536977767944,0.8670652508735657,-0.05940612405538559,0.24571043252944946,0.8353210687637329,-0.06499756872653961,0.19523003697395325,0.8061118125915527,-0.06613639742136002,0.424166738986969,0.9777467846870422,-0.045446597039699554,0.33335697650909424,0.9753928780555725,-0.052365317940711975,0.28145384788513184,0.9619026780128479,-0.05184103175997734,0.2344595044851303,0.9488475918769836,-0.05151203274726868
0.6314846873283386,0.9048336744308472,4.6083737714752715e-08,0.5760137438774109,0.7955888509750366,0.018314294517040253,0.4878917336463928,0.7490675449371338,0.019657591357827187,0.41269201040267944,0.751287043094635,0.023522285744547844,0.3646518588066101,0.7671415209770203,0.027005372568964958,0.4511979818344116,0.7520692944526672,-0.031106431037187576,0.34110525250434875,0.7063837647438049,-0.0417819581925869,0.2775146961212158,0.6934657096862793,-0.0369521863758564,0.22850573062896729,0.6848606467247009,-0.03181353956460953,0.4313516914844513,0.8363093137741089,-0.041101329028606415,0.32641810178756714,0.7850802540779114,-0.05923302471637726,0.3353630006313324,0.7756841778755188,-0.04716604948043823,0.3617938756942749,0.7704729437828064,-0.030741507187485695,0.4263286292552948,0.9170457720756531,-0.04784763231873512,0.30825018882751465,0.8759034276008606,-0.06288067251443863,0.24162518978118896,0.8420612812042236,-0.06693212687969208,0.19096270203590393,0.813017725944519,-0.06830465793609619,0.4292972981929779,0.985166072845459,-0.048697903752326965,0.3359149694442749,0.9836511015892029,-0.05698372423648834,0.2810702919960022,0.9715440273284912,-0.058335453271865845,0.23094679415225983,0.9605674743652344,-0.0596960112452507
0.6354289650917053,0.9266353249549866,2.1206570011145232e-07,0.5826473236083984,0.8141773343086243,0.01260644942522049,0.4932836890220642,0.7643981575965881,0.009411223232746124,0.4132416248321533,0.770172655582428,0.009357237257063389,0.3664984107017517,0.7959577441215515,0.008871355094015598,0.45214197039604187,0.7724151611328125,-0.030250227078795433,0.33671966195106506,0.727924108505249,-0.0432596430182457,0.2714836001396179,0.7140090465545654,-0.042265232652425766,0.21945978701114655,0.7053532600402832,-0.03874849155545235,0.4312574863433838,0.8618313074111938,-0.0370880588889122,0.3263912796974182,0.809292197227478,-0.05837589129805565,0.335912823677063,0.7950392365455627,-0.05032072588801384,0.36361610889434814,0.7868331074714661,-0.034415509551763535,0.4263050854206085,0.9463671445846558,-0.04106391966342926,0.31045860052108765,0.9130282402038574,-0.05949626863002777,0.23604431748390198,0.8775075674057007,-0.06812033802270889,0.18152445554733276,0.8510890603065491,-0.07032022625207901,0.4301387369632721,1.011409878730774,-0.038980573415756226,0.34299156069755554,1.0070736408233643,-0.04232960194349289,0.291186660528183,0.9939206838607788,-0.039019111543893814,0.24675895273685455,0.983582615852356,-0.036641065031290054
0.6407538056373596,0.9344775676727295,1.3636035589570383e-07,0.5859375,0.8184032440185547,0.020410334691405296,0.4967929422855377,0.7663240432739258,0.024834468960762024,0.4177165627479553,0.7669642567634583,0.03230815380811691,0.37108659744262695,0.7920312881469727,0.039584819227457047,0.45633408427238464,0.7725154161453247,-0.019463466480374336,0.3394358158111572,0.7275038957595825,-0.025201333686709404,0.27323660254478455,0.7133309245109558,-0.018166663125157356,0.21954749524593353,0.7010005712509155,-0.011041367426514626,0.4327920377254486,0.8613559603691101,-0.027339724823832512,0.3215351700782776,0.8076353669166565,-0.04129813611507416,0.33525627851486206,0.7987136244773865,-0.027118287980556488,0.3677965998649597,0.7909711003303528,-0.0068916683085262775,0.4262058138847351,0.9475996494293213,-0.03216329216957092,0.3083566427230835,0.9080457091331482,-0.04420166462659836,0.23390346765518188,0.8722773790359497,-0.05028274282813072,0.1770685613155365,0.8429161310195923,-0.05184266343712807,0.42732828855514526,1.0180401802062988,-0.030373960733413696,0.33915549516677856,1.0108568668365479,-0.030841855332255363,0.28677666187286377,0.9974737167358398,-0.027620188891887665,0.23936717212200165,0.98603355884552,-0.026022611185908318
0.6419326066970825,0.9331016540527344,1.31657060364887e-07,0.5876848697662354,0.816659688949585,0.012445131316781044,0.49388715624809265,0.7700706124305725,0.011848398484289646,0.41187071800231934,0.7722698450088501,0.015471874736249447,0.3634439706802368,0.7956877946853638,0.019101377576589584,0.4554365277290344,0.7732677459716797,-0.029489103704690933,0.33918920159339905,0.7301899194717407,-0.03821756690740585,0.272943377494812,0.716447651386261,-0.03309806436300278,0.21845801174640656,0.7076528668403625,-0.027817457914352417,0.43255895376205444,0.8639058470726013,-0.03601530194282532,0.318807989358902,0.810006856918335,-0.055261291563510895,0.3369903564453125,0.7981624603271484,-0.043805595487356186,0.3736158609390259,0.7925553321838379,-0.024798182770609856,0.4265986382961273,0.9486193656921387,-0.0397954098880291,0.3064594864845276,0.9119908809661865,-0.055523090064525604,0.231500044465065,0.874512255191803,-0.06304250657558441,0.17407259345054626,0.8462831377983093,-0.06530961394309998,0.429071307182312,1.0145844221115112,-0.03779091686010361,0.33710721135139465,1.005375862121582,-0.04060586541891098,0.284163236618042,0.9903175830841064,-0.0385800264775753,0.2369823455810547,0.9797616004943848,-0.03813235089182854
0.6461939215660095,0.9413049817085266,1.601264472128605e-07,0.5869804620742798,0.8210411667823792,0.019020967185497284,0.49638450145721436,0.7789642810821533,0.020747065544128418,0.41535744071006775,0.7799315452575684,0.02595354989171028,0.3676353394985199,0.806280791759491,0.03095375746488571,0.459965318441391,0.7808212041854858,-0.02455449290573597,0.34310483932495117,0.7388863563537598,-0.03406859189271927,0.27683520317077637,0.7263883948326111,-0.03146637976169586,0.22152701020240784,0.7181227207183838,-0.026721835136413574,0.4375077486038208,0.873768150806427,-0.03033013641834259,0.32656723260879517,0.8216656446456909,-0.04338015988469124,0.3393130600452423,0.8103305101394653,-0.02962937019765377,0.37200310826301575,0.8051588535308838,-0.010566995479166508,0.4315333068370819,0.9621567130088806,-0.033011503517627716,0.31248146295547485,0.9273841977119446,-0.046552691608667374,0.23134705424308777,0.8933042287826538,-0.05720088630914688,0.1706627607345581,0.8705750703811646,-0.06180718168616295,0.43355777859687805,1.026297926902771,-0.02839839458465576,0.34998002648353577,1.0110676288604736,-0.024331029504537582,0.30212435126304626,0.9908862113952637,-0.01881096139550209,0.260783314704895,0.9777451753616333,-0.017028478905558586
0.6482502222061157,0.9355804920196533,2.0132442557496688e-07,0.5876573920249939,0.8176884651184082,0.021746734157204628,0.4991263449192047,0.7792090177536011,0.02207379788160324,0.4149821400642395,0.7780951857566833,0.02646232768893242,0.3616314232349396,0.7994493246078491,0.030478909611701965,0.4621768891811371,0.7764031887054443,-0.03495039418339729,0.3395799398422241,0.7393671274185181,-0.047127630561590195,0.2730541229248047,0.7259153127670288,-0.04465077072381973,0.21771234273910522,0.7183447480201721,-0.03864465281367302,0.4399219751358032,0.8713245391845703,-0.040303200483322144,0.3295132517814636,0.8232327699661255,-0.049094442278146744,0.33599886298179626,0.8099645376205444,-0.030814290046691895,0.3614272475242615,0.8034775853157043,-0.01074516586959362,0.43408164381980896,0.9598227739334106,-0.04170439764857292,0.3153204321861267,0.9264341592788696,-0.05546226724982262,0.2321096956729889,0.892301619052887,-0.06610304117202759,0.16866549849510193,0.869839072227478,-0.0717918798327446,0.4359501302242279,1.020858645439148,-0.0347311906516552,0.35758668184280396,1.0004801750183105,-0.030383780598640442,0.31711825728416443,0.9772800207138062,-0.023097630590200424,0.28183913230895996,0.9639139175415039,-0.020508060231804848
0.656638503074646,0.9303295612335205,2.0465520833568007e-07,0.5955167412757874,0.8152713179588318,0.01620643585920334,0.5038564801216125,0.7743261456489563,0.013720642775297165,0.4232996106147766,0.7784518003463745,0.015153550542891026,0.37339258193969727,0.8056367635726929,0.016486475244164467,0.4686902165412903,0.7738218307495117,-0.0343567430973053,0.34713679552078247,0.735619843006134,-0.048524387180805206,0.28057587146759033,0.725396990776062,-0.047196753323078156,0.2247639000415802,0.7174736857414246,-0.042690061032772064,0.44709107279777527,0.8675584197044373,-0.04111343249678612,0.33010363578796387,0.8182671070098877,-0.05922236293554306,0.34120291471481323,0.8075122237205505,-0.04586274176836014,0.372222363948822,0.8000622987747192,-0.026079092174768448,0.44159945845603943,0.956925094127655,-0.044734228402376175,0.31940925121307373,0.9243535399436951,-0.06284106522798538,0.23547178506851196,0.8910740613937378,-0.07380712032318115,0.17137831449508667,0.8665192723274231,-0.07790223509073257,0.44432690739631653,1.0215774774551392,-0.041053954511880875,0.36309874057769775,1.0046101808547974,-0.039529819041490555,0.3183402717113495,0.9834925532341003,-0.03351839259266853,0.27865147590637207,0.9701875448226929,-0.03105051815509796
0.6631658673286438,0.9360775947570801,1.7698863530313247e-07,0.6030745506286621,0.8177290558815002,0.013132509775459766,0.5069539546966553,0.7749015092849731,0.010297280736267567,0.42297524213790894,0.7850732803344727,0.011693584732711315,0.3718276619911194,0.8160240054130554,0.013026654720306396,0.4731050431728363,0.7712858319282532,-0.03139829635620117,0.3519803285598755,0.7349093556404114,-0.04524562507867813,0.2833743691444397,0.7234905958175659,-0.044601988047361374,0.22470632195472717,0.7150521278381348,-0.041818805038928986,0.4502664804458618,0.8657748103141785,-0.03874179720878601,0.33162835240364075,0.8168104887008667,-0.0603601299226284,0.34628260135650635,0.8079261183738708,-0.050815753638744354,0.37905848026275635,0.8026711940765381,-0.03296862542629242,0.44367748498916626,0.9563599824905396,-0.04337140545248985,0.32090169191360474,0.9234256148338318,-0.06235678866505623,0.2366398572921753,0.8893915414810181,-0.07365153729915619,0.17075490951538086,0.8648412227630615,-0.07827924191951752,0.4458652138710022,1.0257121324539185,-0.041424550116062164,0.36386895179748535,1.0137485265731812,-0.04236087575554848,0.31887882947921753,0.997653067111969,-0.037871308624744415,0.2779422104358673,0.9898589253425598,-0.03629939258098602
0.6620251536369324,0.9333062171936035,2.128883949126248e-07,0.6025570631027222,0.8114643692970276,0.018677856773138046,0.5084065794944763,0.7734307050704956,0.01828598603606224,0.4216049909591675,0.7849672436714172,0.0216846726834774,0.369645357131958,0.8122536540031433,0.024261832237243652,0.4737447500228882,0.7642978429794312,-0.033033061772584915,0.35010597109794617,0.7315194606781006,-0.04622942581772804,0.2835765480995178,0.7233300805091858,-0.04415080323815346,0.2280840426683426,0.7186821103096008,-0.03918030112981796,0.45088377594947815,0.8593149781227112,-0.04066702350974083,0.3316706418991089,0.8178243637084961,-0.053987979888916016,0.3397858738899231,0.8065285682678223,-0.03906893730163574,0.3654939532279968,0.7970918416976929,-0.019941935315728188,0.44484639167785645,0.9498748779296875,-0.04470927640795708,0.32577192783355713,0.9202529191970825,-0.06012822315096855,0.24077108502388,0.8869143724441528,-0.07059051096439362,0.17406976222991943,0.8636925220489502,-0.07603228837251663,0.44838055968284607,1.0179121494293213,-0.04128504544496536,0.37744492292404175,0.9882634282112122,-0.03739967197179794,0.3442085385322571,0.9581183791160583,-0.028880883008241653,0.3140229284763336,0.941026508808136,-0.025496650487184525
0.6600226163864136,0.9295014142990112,2.585863398962829e-07,0.6005874872207642,0.8119122385978699,0.016266779974102974,0.5079655051231384,0.7692687511444092,0.01571578159928322,0.4285281300544739,0.7725295424461365,0.018096351996064186,0.3791547417640686,0.7997157573699951,0.020488178357481956,0.47009527683258057,0.7710829377174377,-0.027342580258846283,0.3494757413864136,0.7283388376235962,-0.03781255707144737,0.2826712131500244,0.7189510464668274,-0.035004034638404846,0.22840961813926697,0.7144255638122559,-0.03020527772605419,0.4480277895927429,0.8614193797111511,-0.034653209149837494,0.3318791091442108,0.8124274015426636,-0.05070735886693001,0.3378920257091522,0.7950448393821716,-0.039621543139219284,0.3635045289993286,0.782875120639801,-0.0223096814006567,0.44222840666770935,0.9482097029685974,-0.03870191425085068,0.32322490215301514,0.9199002981185913,-0.05200536921620369,0.24775180220603943,0.8901252150535583,-0.05944462865591049,0.19092658162117004,0.868981659412384,-0.06181349232792854,0.4453839361667633,1.0110727548599243,-0.03672664240002632,0.36014431715011597,0.9971868395805359,-0.035534732043743134,0.3103168308734894,0.9823710322380066,-0.03072463721036911,0.26732492446899414,0.9747800230979919,-0.027978211641311646
0.6653043031692505,0.9231982827186584,8.81866384361274e-08,0.6067896485328674,0.8041391372680664,0.01831698603928089,0.5135577321052551,0.7607166171073914,0.021192042157053947,0.4292251467704773,0.764904797077179,0.02896231785416603,0.3775513172149658,0.7892996072769165,0.037275392562150955,0.47354286909103394,0.757615327835083,-0.030465103685855865,0.3546265959739685,0.7188152074813843,-0.043049704283475876,0.28468799591064453,0.7101255059242249,-0.040570568293333054,0.2265436351299286,0.7036783695220947,-0.03530315309762955,0.45064258575439453,0.8496983051300049,-0.03644682839512825,0.33032914996147156,0.8056147694587708,-0.050979625433683395,0.343650758266449,0.7971856594085693,-0.033966511487960815,0.3757571876049042,0.7886577248573303,-0.01188660878688097,0.444659948348999,0.937971293926239,-0.03950509428977966,0.3195258378982544,0.9060180187225342,-0.056061211973428726,0.24099238216876984,0.8739539384841919,-0.06404882669448853,0.17890232801437378,0.8486127853393555,-0.06572819501161575,0.4467337429523468,1.00531005859375,-0.035272255539894104,0.35760629177093506,0.9957023859024048,-0.035995785146951675,0.30609041452407837,0.9819908738136292,-0.031630225479602814,0.2579190135002136,0.974516749382019,-0.02946319803595543
0.6688660979270935,0.9282402396202087,1.6088542054149002e-07,0.6088730096817017,0.8104894161224365,0.012873460538685322,0.5132216811180115,0.766031801700592,0.009907594881951809,0.4308689534664154,0.7691603302955627,0.010793444700539112,0.3803785741329193,0.7944345474243164,0.012144448235630989,0.47225016355514526,0.7618012428283691,-0.029591955244541168,0.3543202579021454,0.7190684676170349,-0.04346074163913727,0.2852458357810974,0.7099829316139221,-0.04276451840996742,0.22895610332489014,0.7043216824531555,-0.0391477569937706,0.44927120208740234,0.8523587584495544,-0.03622850403189659,0.33432096242904663,0.8035151362419128,-0.057104866951704025,0.34676748514175415,0.7919915318489075,-0.04530887305736542,0.37757179141044617,0.7822747826576233,-0.025466272607445717,0.44329696893692017,0.9407687187194824,-0.040559060871601105,0.32164791226387024,0.9096086025238037,-0.058754388242959976,0.24146105349063873,0.8765398263931274,-0.06644180417060852,0.1792198121547699,0.8495316505432129,-0.06739052385091782,0.4462684392929077,1.0076154470443726,-0.038797326385974884,0.35704725980758667,1.0015292167663574,-0.04005404934287071,0.30332261323928833,0.9889889359474182,-0.035129714757204056,0.255420446395874,0.9806424975395203,-0.031959354877471924
0.6714506149291992,0.9205791354179382,1.1663865961963893e-07,0.6076374053955078,0.8058720231056213,0.014086544513702393,0.5122991800308228,0.7631148099899292,0.012466157786548138,0.4279302656650543,0.7682676315307617,0.015498436987400055,0.3745786249637604,0.7886618375778198,0.019023654982447624,0.47310543060302734,0.7553377747535706,-0.03146672993898392,0.35303932428359985,0.7157320976257324,-0.043536752462387085,0.283447265625,0.7086122632026672,-0.03977034613490105,0.22620569169521332,0.7038780450820923,-0.03454029932618141,0.452269583940506,0.8477601408958435,-0.038992274552583694,0.33158668875694275,0.8024175763130188,-0.058538101613521576,0.3475688695907593,0.795762836933136,-0.04456068202853203,0.38130059838294983,0.7869362831115723,-0.023615095764398575,0.4475173056125641,0.9386095404624939,-0.044049814343452454,0.32200533151626587,0.9064555764198303,-0.0615539476275444,0.242231547832489,0.8741787672042847,-0.06887902319431305,0.17777276039123535,0.8464276790618896,-0.07056370377540588,0.4508589804172516,1.011767864227295,-0.042792510241270065,0.3589213490486145,1.0089020729064941,-0.04576405510306358,0.304623007774353,0.9987602233886719,-0.04284851625561714,0.2532055675983429,0.9918720126152039,-0.04159928485751152
0.6706984043121338,0.9176706075668335,3.8588265027783564e-08,0.606021523475647,0.8002960085868835,0.019850241020321846,0.5128591060638428,0.7610162496566772,0.022108251228928566,0.42952215671539307,0.7659732103347778,0.02887164242565632,0.37761640548706055,0.7870405316352844,0.03615986183285713,0.47253093123435974,0.7514218091964722,-0.02812725305557251,0.3519379496574402,0.7128700017929077,-0.03790658712387085,0.2813724875450134,0.7053202390670776,-0.03182307630777359,0.22344620525836945,0.6992738246917725,-0.024854784831404686,0.45040836930274963,0.8443713784217834,-0.035866644233465195,0.3288997411727905,0.8002889156341553,-0.052306484431028366,0.3494192361831665,0.7952953577041626,-0.03451208025217056,0.3876918852329254,0.787587583065033,-0.010866395197808743,0.445626437664032,0.9348477125167847,-0.04068133234977722,0.31703662872314453,0.9015130400657654,-0.05687831714749336,0.23822465538978577,0.8703646659851074,-0.06306261569261551,0.17488843202590942,0.8436904549598694,-0.06387936323881149,0.44890883564949036,1.0068790912628174,-0.038258813321590424,0.35531705617904663,1.0033632516860962,-0.04121941328048706,0.30101364850997925,0.993150532245636,-0.038414206355810165,0.2492239624261856,0.986483633518219,-0.03719880431890488
0.673569917678833,0.9103588461875916,1.7394780726931458e-08,0.6091434955596924,0.7946720123291016,0.020238036289811134,0.5156336426734924,0.7525039315223694,0.022809788584709167,0.43579861521720886,0.7632215023040771,0.02934468537569046,0.3875672519207001,0.7898870706558228,0.03596462681889534,0.47721222043037415,0.7462190985679626,-0.02949514612555504,0.3560580909252167,0.7062966227531433,-0.0408790297806263,0.285449743270874,0.699481189250946,-0.0356895811855793,0.22684182226657867,0.6931358575820923,-0.030008194968104362,0.4544602334499359,0.8368596434593201,-0.03946491330862045,0.3296473026275635,0.7899085283279419,-0.060616686940193176,0.34780073165893555,0.7858662009239197,-0.046594154089689255,0.3836827278137207,0.7800543904304504,-0.025469457730650902,0.4483852982521057,0.9255862236022949,-0.046279534697532654,0.31615644693374634,0.8886698484420776,-0.06557957828044891,0.2362576127052307,0.8598288297653198,-0.07401558756828308,0.1716790795326233,0.8353056311607361,-0.07629843801259995,0.4506690800189972,0.9964773058891296,-0.04588639363646507,0.3545133173465729,0.988146185874939,-0.05240408703684807,0.2985858619213104,0.9765191674232483,-0.05220429226756096,0.24530218541622162,0.9703254699707031,-0.052853215485811234
0.6754999756813049,0.9090715050697327,7.857305028835526e-09,0.6090428233146667,0.7966095209121704,0.022872302681207657,0.5144110918045044,0.7565617561340332,0.025177614763379097,0.4316505789756775,0.7623024582862854,0.03043806366622448,0.38155871629714966,0.7819715142250061,0.035666897892951965,0.47546109557151794,0.7470821738243103,-0.027819395065307617,0.3569177985191345,0.7042338848114014,-0.040620721876621246,0.28688451647758484,0.6956408023834229,-0.036353617906570435,0.23068058490753174,0.6896147727966309,-0.030632100999355316,0.45384666323661804,0.8374779224395752,-0.03882918134331703,0.33340826630592346,0.7895025610923767,-0.06163506954908371,0.34930184483528137,0.7808828353881836,-0.04775041714310646,0.3832428753376007,0.7723485231399536,-0.02623811550438404,0.4490008056163788,0.9272410869598389,-0.04648163169622421,0.3199272155761719,0.8917005658149719,-0.06970907747745514,0.24011532962322235,0.859488308429718,-0.07850679010152817,0.1763933300971985,0.8320186734199524,-0.07966361194849014,0.4518776535987854,0.9993587136268616,-0.046320244669914246,0.35362541675567627,0.9951655268669128,-0.056658413261175156,0.2957245707511902,0.9850231409072876,-0.05731201171875,0.24199561774730682,0.979110062122345,-0.057523902505636215
0.6768208742141724,0.9096020460128784,9.891200747347284e-09,0.6126759648323059,0.796576976776123,0.02196819707751274,0.5169768929481506,0.7558461427688599,0.02546229586005211,0.43331965804100037,0.7617884874343872,0.03292025625705719,0.3814055919647217,0.7822045683860779,0.040689852088689804,0.47647324204444885,0.7440682649612427,-0.0288793183863163,0.35703808069229126,0.7035584449768066,-0.04079606756567955,0.28637295961380005,0.6944853067398071,-0.03646405041217804,0.2285109907388687,0.6874793171882629,-0.030938977375626564,0.45391759276390076,0.8343445658683777,-0.03883150592446327,0.33140885829925537,0.7875055074691772,-0.05814938619732857,0.3471296429634094,0.782846212387085,-0.04274492710828781,0.3808632493019104,0.77716064453125,-0.02127082832157612,0.4473642408847809,0.9250718355178833,-0.04550495371222496,0.3164937496185303,0.8867561221122742,-0.06372905522584915,0.2377176135778427,0.855656087398529,-0.07012264430522919,0.17485618591308594,0.8292306661605835,-0.0712839737534523,0.44960224628448486,1.001023530960083,-0.04483906924724579,0.35462987422943115,0.9965305328369141,-0.0511222742497921,0.29842111468315125,0.9837471842765808,-0.04989445582032204,0.24542634189128876,0.9754331111907959,-0.04956604167819023
0.6749858856201172,0.9061471819877625,6.877812541716821e-09,0.6104563474655151,0.793015718460083,0.02578013949096203,0.5169812440872192,0.7492689490318298,0.029098348692059517,0.43244269490242004,0.7521490454673767,0.03550463914871216,0.3811107277870178,0.7722890973091125,0.04167322441935539,0.47636911273002625,0.7399587035179138,-0.029352078214287758,0.3546794354915619,0.69902503490448,-0.04148432984948158,0.2851773500442505,0.6897228956222534,-0.03691278025507927,0.22856144607067108,0.6822339296340942,-0.030901845544576645,0.4551822543144226,0.8303370475769043,-0.04096260666847229,0.33280691504478455,0.7834879755973816,-0.05820351094007492,0.34458622336387634,0.778613269329071,-0.041557565331459045,0.3740682005882263,0.7714440822601318,-0.020599866285920143,0.44978970289230347,0.9202941060066223,-0.04880566895008087,0.31843745708465576,0.8812801837921143,-0.067694291472435,0.23946142196655273,0.852405309677124,-0.07424312829971313,0.1773059070110321,0.8263867497444153,-0.07575935870409012,0.45185449719429016,0.9942691326141357,-0.04861292243003845,0.3516681492328644,0.988499641418457,-0.05514806509017944,0.29498064517974854,0.9766063094139099,-0.053248051553964615,0.2423197478055954,0.9677965641021729,-0.0526529923081398
0.6726846694946289,0.9083269238471985,-1.2167276075558675e-08,0.6067785024642944,0.7930372357368469,0.030632324516773224,0.5148278474807739,0.751061201095581,0.03715142980217934,0.4294227957725525,0.7488870620727539,0.04667572304606438,0.3756946623325348,0.7632060050964355,0.05615539103746414,0.473588764667511,0.7401347160339355,-0.02775244228541851,0.3524613380432129,0.6991283297538757,-0.03891821205615997,0.28190189599990845,0.6901987195014954,-0.03332044184207916,0.22651858627796173,0.6848458647727966,-0.025309588760137558,0.4515577256679535,0.8314409255981445,-0.038169167935848236,0.3328968286514282,0.7830782532691956,-0.050229888409376144,0.3423503339290619,0.7755894660949707,-0.028872402384877205,0.372159481048584,0.7679259777069092,-0.005002980120480061,0.44650426506996155,0.922507643699646,-0.044432174414396286,0.31742942333221436,0.8850955963134766,-0.060400623828172684,0.2417006641626358,0.8537510633468628,-0.06500083953142166,0.18388524651527405,0.8253854513168335,-0.06501831859350204,0.4490323066711426,0.9973565936088562,-0.04193783551454544,0.34985411167144775,0.9973971843719482,-0.04678826779127121,0.29327917098999023,0.9868597388267517,-0.044377267360687256,0.24143168330192566,0.9776667952537537,-0.0429353266954422
0.6737159490585327,0.9084978103637695,4.4047126834811934e-08,0.6093612313270569,0.79437655210495,0.021711623296141624,0.5153459906578064,0.7484301328659058,0.023233896121382713,0.4315410256385803,0.7523446679115295,0.02800728566944599,0.3794345259666443,0.7738704681396484,0.03272022679448128,0.47632908821105957,0.7401680946350098,-0.03224911913275719,0.35518091917037964,0.6978898644447327,-0.047461219131946564,0.28400546312332153,0.6909529566764832,-0.0453236848115921,0.2267528623342514,0.6858210563659668,-0.04064498096704483,0.455104798078537,0.8306732177734375,-0.04342523589730263,0.3339669704437256,0.784365177154541,-0.06373810768127441,0.341703325510025,0.7804685831069946,-0.050148192793130875,0.3678969740867615,0.7738439440727234,-0.03100600652396679,0.4491429328918457,0.9210942387580872,-0.0510890930891037,0.3209642171859741,0.8852797150611877,-0.07070868462324142,0.2438899576663971,0.8555712103843689,-0.0767776370048523,0.18396919965744019,0.8274528980255127,-0.07757464796304703,0.4514257609844208,0.9957520961761475,-0.051556993275880814,0.35241201519966125,0.9910817742347717,-0.057799082249403,0.2958705425262451,0.9792282581329346,-0.0549921914935112,0.24464814364910126,0.969818115234375,-0.05317604914307594
0.6723184585571289,0.905053973197937,-9.886310436968415e-08,0.6041604280471802,0.7916318774223328,0.03539199382066727,0.514003574848175,0.7544052600860596,0.046461861580610275,0.430388480424881,0.7509145736694336,0.060785189270973206,0.3784181475639343,0.7639189958572388,0.07543500512838364,0.47079986333847046,0.7381138205528259,-0.02551843784749508,0.3503251075744629,0.6987057328224182,-0.03811098635196686,0.27943381667137146,0.6910431385040283,-0.03340865299105644,0.22418341040611267,0.6856381893157959,-0.02523118257522583,0.4510149359703064,0.8283810615539551,-0.03677210211753845,0.33366113901138306,0.7842538356781006,-0.04771381989121437,0.3436735272407532,0.7783371210098267,-0.025595013052225113,0.3726974129676819,0.7693659067153931,-0.0014481585239991546,0.4467942416667938,0.9201875925064087,-0.043830037117004395,0.3196563720703125,0.8882414102554321,-0.06094912067055702,0.2448953092098236,0.8576073050498962,-0.06774082779884338,0.18632769584655762,0.8270054459571838,-0.06873741745948792,0.4493434429168701,0.9952086806297302,-0.0413566455245018,0.34644532203674316,0.9994486570358276,-0.047282226383686066,0.28960084915161133,0.9898164868354797,-0.04621661826968193,0.23823541402816772,0.9804871082305908,-0.045568663626909256
0.6736075282096863,0.9081593155860901,-1.6370556465972186e-08,0.6085821986198425,0.7932274341583252,0.025299984961748123,0.5161222815513611,0.7505769729614258,0.02961813099682331,0.43378254771232605,0.752514123916626,0.03740658611059189,0.3815616965293884,0.773533821105957,0.045452602207660675,0.4754980206489563,0.7393689751625061,-0.03220938891172409,0.3549199402332306,0.7016124129295349,-0.049108296632766724,0.28224611282348633,0.693744421005249,-0.04854857921600342,0.22394061088562012,0.6873455047607422,-0.04440704733133316,0.4551820158958435,0.8286870718002319,-0.04341532662510872,0.3376680910587311,0.7879847884178162,-0.06255743652582169,0.3448636531829834,0.7829824090003967,-0.047407593578100204,0.3712978959083557,0.7751963138580322,-0.02780124358832836,0.44905880093574524,0.9201297163963318,-0.05116567015647888,0.3194119334220886,0.88518226146698,-0.07258588075637817,0.2403380125761032,0.8570712208747864,-0.0803743228316307,0.1778339445590973,0.8299816250801086,-0.08215989172458649,0.45059439539909363,0.9959385395050049,-0.05088246241211891,0.3522794246673584,0.9942611455917358,-0.05940230190753937,0.29539400339126587,0.9836020469665527,-0.05820583552122116,0.24263149499893188,0.9748868942260742,-0.05750991404056549
0.6703691482543945,0.9148082137107849,2.8879853175567405e-07,0.6049991846084595,0.8062191009521484,0.021853040903806686,0.5128366947174072,0.7651849985122681,0.019579559564590454,0.4358970820903778,0.782910168170929,0.01811113953590393,0.3891042470932007,0.8271217346191406,0.013836870901286602,0.4760183095932007,0.7595396041870117,-0.03252917155623436,0.34660035371780396,0.7286646962165833,-0.04566294327378273,0.2800748348236084,0.7227768301963806,-0.04446158930659294,0.22660402953624725,0.7187497019767761,-0.041953980922698975,0.46149638295173645,0.8501097559928894,-0.04683780297636986,0.32807767391204834,0.8145560622215271,-0.06621875613927841,0.316976398229599,0.8078916072845459,-0.060618530958890915,0.3272455930709839,0.8016596436500549,-0.0496547669172287,0.46059101819992065,0.9433588981628418,-0.056536491960287094,0.32829350233078003,0.9234354496002197,-0.07177645713090897,0.24928361177444458,0.9069510102272034,-0.08142778277397156,0.19100189208984375,0.8950276970863342,-0.08705223351716995,0.4667966067790985,1.0203852653503418,-0.05978840962052345,0.3748995363712311,1.026587963104248,-0.06521376967430115,0.32115185260772705,1.0263097286224365,-0.06581081449985504,0.27300065755844116,1.0250861644744873,-0.06703368574380875
0.6660742163658142,0.9366461038589478,4.785806595464237e-07,0.6007133722305298,0.8321117162704468,0.018160458654165268,0.5171536803245544,0.793677568435669,0.014769624918699265,0.4419402480125427,0.8115763068199158,0.009967993944883347,0.3966820240020752,0.8541435599327087,0.0014875255292281508,0.4801560640335083,0.7830839157104492,-0.03206053003668785,0.35274556279182434,0.764307975769043,-0.04764890670776367,0.2874809801578522,0.7610956430435181,-0.051426369696855545,0.239794060587883,0.758783221244812,-0.05240147188305855,0.46669456362724304,0.8666672706604004,-0.04790596663951874,0.3336334824562073,0.8447509407997131,-0.06075732037425041,0.27143239974975586,0.8310713768005371,-0.06313503533601761,0.23288309574127197,0.8173974752426147,-0.0645512044429779,0.4651239216327667,0.9555085897445679,-0.059595298022031784,0.3319511115550995,0.9563749432563782,-0.06931108236312866,0.25514668226242065,0.9592025279998779,-0.07890114933252335,0.20081043243408203,0.9581250548362732,-0.0872826799750328,0.4735753536224365,1.0351499319076538,-0.06704892218112946,0.37632113695144653,1.0488241910934448,-0.07517664134502411,0.3205334544181824,1.0549567937850952,-0.07930892705917358,0.273765504360199,1.0538256168365479,-0.08237557858228683
0.6661540269851685,0.9481366276741028,3.3932789733626123e-07,0.5942822694778442,0.8689484000205994,0.008505087345838547,0.5065523386001587,0.8434035778045654,-0.0003740823594853282,0.43244078755378723,0.8640764951705933,-0.0100148506462574,0.3876284956932068,0.9093327522277832,-0.02275308594107628,0.4751680791378021,0.8203908205032349,-0.036049675196409225,0.35293516516685486,0.8244671821594238,-0.05557780712842941,0.28475695848464966,0.83780837059021,-0.06565660983324051,0.23360349237918854,0.8498266935348511,-0.07029961049556732,0.48002782464027405,0.8929927349090576,-0.04927610978484154,0.3487062156200409,0.8986546993255615,-0.06376263499259949,0.27795326709747314,0.9101061820983887,-0.06825985759496689,0.228462353348732,0.9201902747154236,-0.07141412794589996,0.4874172508716583,0.9705939888954163,-0.05905051901936531,0.36975693702697754,0.9847909808158875,-0.06423220783472061,0.3061002492904663,0.9969313740730286,-0.06259507685899734,0.26246440410614014,1.00749933719635,-0.06286574900150299,0.4967377185821533,1.0439410209655762,-0.06735388189554214,0.40903520584106445,1.0557787418365479,-0.06850355863571167,0.3580912947654724,1.0615527629852295,-0.06291993707418442,0.31716734170913696,1.066750407218933,-0.05858559533953667
0.6575888395309448,0.7464608550071716,2.7625077336779214e-07,0.6418479681015015,0.6680952310562134,-0.005203774198889732,0.6059857606887817,0.6079598665237427,-0.012972808443009853,0.5628281831741333,0.5765376687049866,-0.019498959183692932,0.5290689468383789,0.5495589375495911,-0.027972307056188583,0.5651594996452332,0.6233552694320679,-0.03557688742876053,0.496101051568985,0.5901674628257751,-0.05136262625455856,0.45397883653640747,0.5757978558540344,-0.058375079184770584,0.4206330180168152,0.566866397857666,-0.06253831833600998,0.5522446632385254,0.6697523593902588,-0.04222196340560913,0.47680890560150146,0.6377115845680237,-0.05887598916888237,0.4279767572879791,0.6227136850357056,-0.06826984882354736,0.3910871148109436,0.6134863495826721,-0.07472209632396698,0.5470736026763916,0.7203609347343445,-0.04703780263662338,0.47418269515037537,0.6981151700019836,-0.06089874729514122,0.4293353259563446,0.6855217218399048,-0.0685761570930481,0.3959529995918274,0.6757310032844543,-0.07398049533367157,0.5484974384307861,0.7729777097702026,-0.050944071263074875,0.4913606643676758,0.7654880285263062,-0.06511889398097992,0.45586922764778137,0.7591379880905151,-0.07093286514282227,0.42606544494628906,0.7517291307449341,-0.0735340490937233
0.6209292411804199,0.7064633965492249,3.8663952750539465e-07,0.5974528789520264,0.6113395690917969,0.00795791856944561,0.5597744584083557,0.5508314371109009,0.01200554147362709,0.518946647644043,0.5173557996749878,0.01255432702600956,0.4943227171897888,0.48284417390823364,0.01194104366004467,0.5095419883728027,0.558666467666626,0.0183080043643713,0.4605332314968109,0.525370717048645,0.015636736527085304,0.427737295627594,0.5033046007156372,0.00928034633398056,0.4006254971027374,0.48646682500839233,0.004387101624161005,0.49097928404808044,0.5993046760559082,0.0097818523645401,0.4403511583805084,0.5643285512924194,0.008792602457106113,0.40798163414001465,0.5414078235626221,0.001392113626934588,0.38402819633483887,0.5214647054672241,-0.004120476543903351,0.4791944921016693,0.6424234509468079,0.0009348610765300691,0.43035411834716797,0.6111537218093872,-0.001158412080258131,0.3958576023578644,0.5906195044517517,-0.006739065982401371,0.36907514929771423,0.5711351633071899,-0.011148784309625626,0.47646838426589966,0.6908241510391235,-0.007425111718475819,0.42784231901168823,0.6679506897926331,-0.010751352645456791,0.39835119247436523,0.6539018154144287,-0.011107267811894417,0.3730205297470093,0.6395636200904846,-0.010133440606296062
0.5843796730041504,0.6558264493942261,3.490771689484973e-07,0.5620872974395752,0.5705370903015137,0.017826879397034645,0.5293070673942566,0.5186634063720703,0.02385612018406391,0.49868467450141907,0.4869893193244934,0.025225067511200905,0.48169568181037903,0.46075910329818726,0.025596221908926964,0.46779388189315796,0.5210960507392883,0.01632683165371418,0.41609644889831543,0.49131137132644653,0.01570889726281166,0.38255709409713745,0.4747896194458008,0.013327193446457386,0.35539281368255615,0.46314167976379395,0.011950434185564518,0.45030513405799866,0.5564526319503784,0.004104285035282373,0.39035454392433167,0.5222806334495544,0.003934506326913834,0.3535459637641907,0.5035605430603027,0.0017320039914920926,0.32594621181488037,0.4889121651649475,0.0009420249843969941,0.4399409890174866,0.5981667041778564,-0.00658072205260396,0.3850221633911133,0.5701408982276917,-0.005617104936391115,0.3499898314476013,0.55303555727005,-0.007388930767774582,0.32427793741226196,0.5400738716125488,-0.008644386194646358,0.43927016854286194,0.6478711366653442,-0.015595904551446438,0.3939115107059479,0.6289975643157959,-0.012541696429252625,0.3671819567680359,0.6174787878990173,-0.007589078973978758,0.3473164141178131,0.6069836020469666,-0.002992312889546156
0.5624648332595825,0.6356692910194397,1.9420684793658438e-07,0.5486981868743896,0.5600054860115051,0.009078679606318474,0.5201376676559448,0.5092172622680664,0.01075881626456976,0.4880250096321106,0.48401275277137756,0.009394221007823944,0.46913525462150574,0.46643829345703125,0.006576497573405504,0.4586963653564453,0.509564220905304,0.004487665835767984,0.40672361850738525,0.47993189096450806,-0.001159277861006558,0.37695616483688354,0.46829938888549805,-0.006414659786969423,0.35310471057891846,0.46280211210250854,-0.009714130312204361,0.441850870847702,0.5463750958442688,-0.005613597575575113,0.3819638788700104,0.5116403698921204,-0.008712506853044033,0.3489110469818115,0.49704307317733765,-0.012105775997042656,0.3244282603263855,0.4891178011894226,-0.014897170476615429,0.43311378359794617,0.5887793898582458,-0.01512506790459156,0.3760295510292053,0.5617663860321045,-0.017143376171588898,0.3450377881526947,0.5467298626899719,-0.018998557701706886,0.3231535851955414,0.5360511541366577,-0.021367788314819336,0.43203338980674744,0.6359269618988037,-0.02391347847878933,0.386501669883728,0.619186520576477,-0.025177709758281708,0.36081138253211975,0.6083847284317017,-0.022852428257465363,0.34072571992874146,0.5985421538352966,-0.020989803597331047
0.5551974773406982,0.6287361979484558,1.5663417229916377e-07,0.5456463694572449,0.557235836982727,0.008573582395911217,0.5165407657623291,0.5081459879875183,0.01003168523311615,0.48906686902046204,0.4803755283355713,0.008799944072961807,0.47555726766586304,0.45673710107803345,0.006266421638429165,0.4542521834373474,0.5074266791343689,0.000770825135987252,0.40333351492881775,0.478336900472641,-0.004078204277902842,0.37412646412849426,0.4668910503387451,-0.007803513668477535,0.3522745668888092,0.4627385139465332,-0.010065121576189995,0.43801718950271606,0.5436767935752869,-0.008426311425864697,0.3806459903717041,0.510283350944519,-0.010920053347945213,0.34884971380233765,0.4977625012397766,-0.012928599491715431,0.32673126459121704,0.49324655532836914,-0.014882182702422142,0.4301614761352539,0.585419237613678,-0.01672493852674961,0.3743535280227661,0.557247519493103,-0.018263865262269974,0.344035267829895,0.5437015891075134,-0.01979723945260048,0.32380008697509766,0.5362241864204407,-0.021963002160191536,0.4290134012699127,0.632474422454834,-0.024117503315210342,0.38310590386390686,0.6165893077850342,-0.025642503052949905,0.3563371002674103,0.605959415435791,-0.024140162393450737,0.3362233340740204,0.5969626307487488,-0.022831078618764877
0.5445693731307983,0.6232119202613831,1.3604322646187939e-07,0.5347514152526855,0.5555272698402405,0.009104442782700062,0.5052343606948853,0.5087462067604065,0.014042219147086143,0.4788919687271118,0.484980970621109,0.01598290726542473,0.4663276672363281,0.4680560529232025,0.01714508607983589,0.4389689266681671,0.5165318250656128,0.012615804560482502,0.3945630192756653,0.49132800102233887,0.011670691892504692,0.3677913546562195,0.48304107785224915,0.008777755312621593,0.345929354429245,0.48123881220817566,0.006423555314540863,0.4224870204925537,0.5511645078659058,0.003929840866476297,0.3695620894432068,0.525623083114624,0.003541799494996667,0.3392280638217926,0.5165910720825195,0.0009308091830462217,0.3159595727920532,0.5126345157623291,-0.0013142715906724334,0.41490423679351807,0.5894591808319092,-0.004675538279116154,0.36379143595695496,0.5692535042762756,-0.005438562482595444,0.3361799716949463,0.5586225986480713,-0.007929322309792042,0.3155580759048462,0.5522122979164124,-0.010231527499854565,0.41468486189842224,0.6314757466316223,-0.012650522403419018,0.37143439054489136,0.6182973384857178,-0.013418587855994701,0.3463885188102722,0.6105297803878784,-0.012447717599570751,0.3262672424316406,0.6039136648178101,-0.011503644287586212
0.540622889995575,0.6204532384872437,1.6287738446862932e-07,0.5316812992095947,0.5518786311149597,0.0025558946654200554,0.5042399764060974,0.5068773031234741,0.004487368278205395,0.47711896896362305,0.48658186197280884,0.004346971865743399,0.459178626537323,0.4703589379787445,0.0036941668950021267,0.43712595105171204,0.5172774195671082,0.007281038910150528,0.3934665322303772,0.4944833517074585,0.0033147872891277075,0.36597609519958496,0.48564839363098145,-0.002128106541931629,0.34389686584472656,0.48209285736083984,-0.006170958746224642,0.42104947566986084,0.5531958341598511,0.0007178746745921671,0.3673034906387329,0.5324970483779907,-0.0017648210050538182,0.33648115396499634,0.523052453994751,-0.006380739621818066,0.313096284866333,0.5170312523841858,-0.010144534520804882,0.4140130579471588,0.5913796424865723,-0.006413747556507587,0.36210328340530396,0.5720365047454834,-0.0093673225492239,0.3338840901851654,0.561383843421936,-0.01311243325471878,0.31273454427719116,0.5541293025016785,-0.016096292063593864,0.4146963357925415,0.632298469543457,-0.01352522149682045,0.37234023213386536,0.6200517416000366,-0.01633862406015396,0.34705284237861633,0.6127421855926514,-0.016205856576561928,0.326511025428772,0.6070666909217834,-0.015585173852741718
0.539272665977478,0.6195964217185974,1.8214964825347124e-07,0.5306690335273743,0.553738534450531,0.003291635774075985,0.5041133761405945,0.5107574462890625,0.005562191363424063,0.47769561409950256,0.49258100986480713,0.0059041972272098064,0.45809417963027954,0.47869235277175903,0.005653047002851963,0.43494483828544617,0.5183343887329102,0.007601712364703417,0.3893895149230957,0.49583277106285095,0.005016655661165714,0.36215531826019287,0.4858628213405609,0.0007259314297698438,0.34031715989112854,0.4803024232387543,-0.0025629799347370863,0.4196902811527252,0.5543130040168762,0.00121147814206779,0.3665234446525574,0.5365084409713745,0.00017807136464398354,0.3351671099662781,0.5281336307525635,-0.004130533896386623,0.3118915557861328,0.5223515629768372,-0.007973131723701954,0.41404715180397034,0.5930030941963196,-0.005609091836959124,0.3625450134277344,0.5764689445495605,-0.00763009674847126,0.332827627658844,0.5656831860542297,-0.012293163686990738,0.3104133605957031,0.557224690914154,-0.01614985801279545,0.4158226549625397,0.6339036226272583,-0.012223721481859684,0.37270164489746094,0.6216517686843872,-0.015065531246364117,0.34658747911453247,0.6136840581893921,-0.016038384288549423,0.32489919662475586,0.60601407289505,-0.016237914562225342
0.5384330749511719,0.6215975284576416,1.9356775737833232e-07,0.5315152406692505,0.5547727942466736,0.004736321046948433,0.5043119788169861,0.512225866317749,0.007326576858758926,0.4779577851295471,0.4900445342063904,0.0077580721117556095,0.4651183485984802,0.4682244062423706,0.0074643464758992195,0.4352295398712158,0.5190577507019043,0.009416612796485424,0.391366571187973,0.4956633150577545,0.007924187928438187,0.36425256729125977,0.48495715856552124,0.004208473023027182,0.34290415048599243,0.47915327548980713,0.0010355296544730663,0.42016327381134033,0.55487459897995,0.0024802489206194878,0.3671573996543884,0.5366881489753723,0.0022028046660125256,0.33533769845962524,0.527681827545166,-0.0016659485409036279,0.3117791414260864,0.5215493440628052,-0.005303618498146534,0.41446158289909363,0.5935589075088501,-0.00469321571290493,0.3628597557544708,0.576508641242981,-0.006264855153858662,0.33275431394577026,0.5651106238365173,-0.010828026570379734,0.31050485372543335,0.5562621355056763,-0.014662097208201885,0.41566309332847595,0.6342102289199829,-0.01152090821415186,0.3725811839103699,0.6220362782478333,-0.014011341147124767,0.34599989652633667,0.6133487224578857,-0.014841485768556595,0.3242371082305908,0.6051716208457947,-0.01502988487482071
0.5376152992248535,0.6216210722923279,1.9680511798014777e-07,0.5316251516342163,0.555948793888092,0.002560477936640382,0.5040795803070068,0.5119070410728455,0.004044980742037296,0.47634851932525635,0.4867364764213562,0.0036382044199854136,0.4647047519683838,0.4604042172431946,0.0027734320610761642,0.43490082025527954,0.5201411843299866,0.00857452116906643,0.3913428485393524,0.49598613381385803,0.006986228283494711,0.3650357127189636,0.48477765917778015,0.0030722147785127163,0.3440944254398346,0.4786706864833832,-0.00038167228922247887,0.41910937428474426,0.5547780394554138,0.0026639802381396294,0.3682819604873657,0.5359655022621155,0.0021507837809622288,0.33760109543800354,0.5282450914382935,-0.002099379198625684,0.3142985999584198,0.5236712694168091,-0.005995766259729862,0.4124346077442169,0.593137800693512,-0.0036591796670109034,0.36221805214881897,0.5764255523681641,-0.0056643313728272915,0.3329271078109741,0.566491425037384,-0.010382840409874916,0.3110550045967102,0.5594118237495422,-0.014290528371930122,0.41265830397605896,0.6339398622512817,-0.009813307784497738,0.3707238733768463,0.6214137077331543,-0.012791137211024761,0.345444917678833,0.6133166551589966,-0.013805840164422989,0.3249700963497162,0.6058772802352905,-0.014008517377078533
0.5366144180297852,0.6225641965866089,1.7843532873484946e-07,0.5322889685630798,0.5565866827964783,0.004373372066766024,0.5064731240272522,0.5139290690422058,0.008264074102044106,0.4791533052921295,0.4963371157646179,0.010210343636572361,0.46223804354667664,0.48083430528640747,0.011559009552001953,0.4332037568092346,0.5228233337402344,0.01199414674192667,0.3906695246696472,0.49849897623062134,0.01259512547403574,0.3649296164512634,0.48636332154273987,0.010144533589482307,0.3436683416366577,0.4790896773338318,0.007491850759834051,0.41788196563720703,0.5573515295982361,0.005847812630236149,0.3677566945552826,0.5427381992340088,0.006537471432238817,0.337542325258255,0.5372353196144104,0.0026013164315372705,0.3139691948890686,0.5331082344055176,-0.0011881726095452905,0.4122026264667511,0.5949535965919495,-0.0006812262581661344,0.362592488527298,0.5786567330360413,-0.0025434247218072414,0.33297789096832275,0.5685221552848816,-0.00780827458947897,0.3098277449607849,0.5606580972671509,-0.011930858716368675,0.41346997022628784,0.635330855846405,-0.006768232211470604,0.3708339035511017,0.6249070167541504,-0.009532909840345383,0.345426082611084,0.616092324256897,-0.010880928486585617,0.32458773255348206,0.6070032119750977,-0.011343599297106266
0.5376879572868347,0.6239044666290283,1.4657643987447955e-07,0.5344875454902649,0.5580278038978577,0.005002697929739952,0.507070779800415,0.516805112361908,0.009356851689517498,0.48023855686187744,0.498681902885437,0.011637936346232891,0.46458569169044495,0.4823331832885742,0.013444351963698864,0.4340326189994812,0.5221855640411377,0.012269345112144947,0.3916926383972168,0.5044502019882202,0.01241017784923315,0.366047203540802,0.4945308566093445,0.009843823499977589,0.345176637172699,0.48867908120155334,0.00716806435957551,0.4191490709781647,0.5559167861938477,0.005492704920470715,0.3685259521007538,0.5430840849876404,0.005358236376196146,0.3385883569717407,0.537150502204895,0.001950367703102529,0.31532976031303406,0.5327786803245544,-0.0011581049766391516,0.41305747628211975,0.5934641361236572,-0.001784388325177133,0.36378395557403564,0.5777087211608887,-0.004663413856178522,0.33406782150268555,0.568017840385437,-0.009896467439830303,0.3110246956348419,0.5604545474052429,-0.013631599955260754,0.41369369626045227,0.6346229314804077,-0.008628123439848423,0.37102416157722473,0.6233319044113159,-0.012342183850705624,0.3447478711605072,0.6155006885528564,-0.014143744483590126,0.32310670614242554,0.6081115007400513,-0.01485512126237154
0.5365446209907532,0.6236186623573303,1.6821147141854453e-07,0.5320937633514404,0.557717502117157,0.0032314923591911793,0.5058686137199402,0.5165774822235107,0.005736613180488348,0.4797816276550293,0.497476726770401,0.006369283888489008,0.46354520320892334,0.4780876636505127,0.006586834788322449,0.43335312604904175,0.5226948261260986,0.009175421670079231,0.39060279726982117,0.5018206834793091,0.007960784249007702,0.3651529848575592,0.49011772871017456,0.004471918102353811,0.344626247882843,0.4820951521396637,0.0012384222354739904,0.41858169436454773,0.5570836067199707,0.0030899231787770987,0.36800289154052734,0.5447510480880737,0.00204606750048697,0.33792924880981445,0.5386663675308228,-0.002211029175668955,0.3152410387992859,0.5336942076683044,-0.006086375564336777,0.41296762228012085,0.5948265194892883,-0.003485359949991107,0.36367669701576233,0.5792925953865051,-0.006631664466112852,0.3337681293487549,0.5692660808563232,-0.011938726529479027,0.31102874875068665,0.5612379312515259,-0.0159324761480093,0.4142599105834961,0.6352273225784302,-0.009745856747031212,0.37207460403442383,0.623952329158783,-0.013631650246679783,0.34580931067466736,0.6159748435020447,-0.015349763445556164,0.32432821393013,0.6084717512130737,-0.015994945541024208
0.5364328622817993,0.6235058903694153,1.659144572840887e-07,0.5321024656295776,0.5585007667541504,0.0047214156948029995,0.504633367061615,0.5151883959770203,0.008321275934576988,0.4760414958000183,0.4944613575935364,0.010179907083511353,0.4603293538093567,0.4739479720592499,0.011523324996232986,0.43374279141426086,0.5226298570632935,0.010469312779605389,0.3906630873680115,0.5005825757980347,0.010628673247992992,0.3645988702774048,0.48965156078338623,0.008162555284798145,0.34373682737350464,0.48335862159729004,0.005619587376713753,0.41829949617385864,0.5572251677513123,0.004451299551874399,0.3681490123271942,0.5445988178253174,0.0047418163157999516,0.33776864409446716,0.5395793914794922,0.0010240728734061122,0.31507816910743713,0.5361769795417786,-0.002573177684098482,0.41238534450531006,0.5955631136894226,-0.0017291744006797671,0.3626461625099182,0.5806605815887451,-0.003996781073510647,0.33293813467025757,0.5710203051567078,-0.009286587126553059,0.3108239769935608,0.5642046928405762,-0.013308927416801453,0.4131309390068054,0.6363968849182129,-0.007329385261982679,0.3697834610939026,0.6260314583778381,-0.010556711815297604,0.3433486223220825,0.6180477142333984,-0.012220220640301704,0.3220936954021454,0.6102545261383057,-0.012818205170333385
0.5345510244369507,0.6223649382591248,1.6083487253126805e-07,0.5320792198181152,0.5580370426177979,0.0033164098858833313,0.505788266658783,0.5179072022438049,0.006010766141116619,0.4780827462673187,0.49966663122177124,0.007009290158748627,0.4620586633682251,0.4796968698501587,0.007590831257402897,0.4348447024822235,0.5236896872520447,0.007797848433256149,0.3913242220878601,0.5025923252105713,0.00659223273396492,0.36522558331489563,0.49085816740989685,0.0035398281179368496,0.3437519073486328,0.4833434820175171,0.0006481079617515206,0.4189784526824951,0.5576456189155579,0.0020303528290241957,0.36819571256637573,0.5460502505302429,0.001070801168680191,0.3380768895149231,0.5416683554649353,-0.0026158227119594812,0.3150477409362793,0.5383737087249756,-0.006088226102292538,0.41248619556427,0.5948615074157715,-0.00405183294788003,0.3626649081707001,0.5815461277961731,-0.006949489936232567,0.3328477442264557,0.5730039477348328,-0.011695446446537971,0.3105424642562866,0.5666307210922241,-0.015315770171582699,0.41276058554649353,0.6346826553344727,-0.009796406142413616,0.370193749666214,0.6257745623588562,-0.013018046505749226,0.343798965215683,0.6184181571006775,-0.014355800114572048,0.32277414202690125,0.6114681363105774,-0.014800905250012875
0.5334542989730835,0.6212922930717468,1.5317638712986081e-07,0.530254065990448,0.5568430423736572,0.0055924211628735065,0.5043177008628845,0.5159524083137512,0.009523710235953331,0.47708138823509216,0.49916934967041016,0.011347293853759766,0.4607356786727905,0.4845897853374481,0.012572887353599072,0.4345903992652893,0.519279420375824,0.010940100997686386,0.39210647344589233,0.4994693398475647,0.010798875242471695,0.3657793402671814,0.488894522190094,0.008126219734549522,0.34406179189682007,0.4834402799606323,0.005417381878942251,0.4190146327018738,0.5536997318267822,0.0040734740905463696,0.3678041994571686,0.5428722500801086,0.00427332753315568,0.33769476413726807,0.5397034287452698,0.0007872682181186974,0.31514596939086914,0.5386180281639099,-0.002478945767506957,0.41268548369407654,0.5919367074966431,-0.002908847061917186,0.36238834261894226,0.5792814493179321,-0.004890806507319212,0.33240076899528503,0.5720442533493042,-0.00938425213098526,0.31006813049316406,0.5672165155410767,-0.012809369713068008,0.4131167232990265,0.6329814195632935,-0.009366306476294994,0.3698388338088989,0.6250147819519043,-0.012080645188689232,0.3437095284461975,0.61871337890625,-0.012823239900171757,0.3229387700557709,0.612584114074707,-0.012724034488201141
0.5350452065467834,0.6173456311225891,1.7215026559824764e-07,0.528449296951294,0.5548914074897766,0.0009548865491524339,0.5031945705413818,0.5125082731246948,0.0011854295153170824,0.4765391945838928,0.49528974294662476,-0.00039606052450835705,0.46092963218688965,0.48175323009490967,-0.0024252859875559807,0.4333086609840393,0.5194954872131348,0.005574669223278761,0.38880112767219543,0.5003922581672668,0.0019296064274385571,0.36192214488983154,0.4909172058105469,-0.0031751201022416353,0.3402301073074341,0.4856271743774414,-0.007233503740280867,0.4193914234638214,0.5548580288887024,-0.0004409345565363765,0.36856868863105774,0.5435488820075989,-0.0025967638939619064,0.33843374252319336,0.5399966835975647,-0.007826671935617924,0.3156570494174957,0.5383716821670532,-0.012409800663590431,0.4139309823513031,0.5933423638343811,-0.007017632946372032,0.36342552304267883,0.5806890726089478,-0.010235079564154148,0.33336853981018066,0.573839008808136,-0.015295358374714851,0.3113795518875122,0.5693116188049316,-0.019255908206105232,0.41488099098205566,0.6338790059089661,-0.013578868471086025,0.3717101216316223,0.6261135935783386,-0.01763582043349743,0.3449348509311676,0.6192004084587097,-0.019113799557089806,0.32357174158096313,0.6121296882629395,-0.0194686446338892
0.5333449244499207,0.6173273324966431,1.6186146467589424e-07,0.5297728776931763,0.5518438816070557,0.0029426252003759146,0.5047397017478943,0.5113773941993713,0.00484026875346899,0.47710317373275757,0.4969457685947418,0.005032350774854422,0.45704159140586853,0.4841621518135071,0.004860226996243,0.43345212936401367,0.5153887867927551,0.007560322526842356,0.390510231256485,0.49374011158943176,0.00588388554751873,0.3632367253303528,0.4853569269180298,0.0021376509685069323,0.3403148353099823,0.48293912410736084,-0.0012266433332115412,0.417799711227417,0.5522529482841492,0.0018021053401753306,0.3703027665615082,0.5402784943580627,0.0014701633481308818,0.3407849073410034,0.538922905921936,-0.002722381614148617,0.31771668791770935,0.5404428243637085,-0.006846876349300146,0.4115664064884186,0.5927110910415649,-0.004237793851643801,0.36338895559310913,0.5798013806343079,-0.005933481268584728,0.33414459228515625,0.5742011666297913,-0.010299268178641796,0.3119755983352661,0.5712606310844421,-0.014053157530725002,0.4116906523704529,0.6347104907035828,-0.010043776594102383,0.3697912395000458,0.6268608570098877,-0.012718739919364452,0.34395521879196167,0.6204948425292969,-0.013670447282493114,0.32348087430000305,0.614339292049408,-0.013774883933365345
0.532241940498352,0.598544180393219,2.7350600362296973e-07,0.5249740481376648,0.5353612899780273,-0.0033462659921497107,0.499989777803421,0.49843138456344604,-0.0062724873423576355,0.4753575921058655,0.49360811710357666,-0.01008808147162199,0.4563468396663666,0.49202826619148254,-0.014307135716080666,0.4279954135417938,0.489871084690094,-0.001674039289355278,0.3820275664329529,0.4656810164451599,-0.007109887432307005,0.3538737893104553,0.45326584577560425,-0.014011560007929802,0.3296148478984833,0.44787871837615967,-0.019308939576148987,0.41333305835723877,0.5319024920463562,-0.006119430996477604,0.36330312490463257,0.521054744720459,-0.008518907241523266,0.3325777053833008,0.5203568935394287,-0.01407143846154213,0.30880409479141235,0.5236688256263733,-0.01898060366511345,0.4087746739387512,0.5772461295127869,-0.011206792667508125,0.36082062125205994,0.5691436529159546,-0.012952524237334728,0.3318498134613037,0.5635104179382324,-0.01688256859779358,0.3097907602787018,0.5602242350578308,-0.020651472732424736,0.4125240445137024,0.6242001056671143,-0.016803212463855743,0.3733649253845215,0.6211336255073547,-0.019203215837478638,0.34902557730674744,0.6184094548225403,-0.01911045052111149,0.32909151911735535,0.6149941682815552,-0.01844089664518833
0.534831166267395,0.6024488806724548,2.4329230541297875e-07,0.5286904573440552,0.5385282039642334,-0.0005970906349830329,0.5066801309585571,0.49999627470970154,-0.001748839276842773,0.48623862862586975,0.4924592673778534,-0.0050560105592012405,0.4684014320373535,0.5019357800483704,-0.00847321841865778,0.43310457468032837,0.47971871495246887,0.009614270180463791,0.3846178650856018,0.45574986934661865,0.007588645443320274,0.3549042344093323,0.4418492913246155,0.002333716256543994,0.32877904176712036,0.43498480319976807,-0.002605568850412965,0.41512128710746765,0.5157356262207031,0.0036264548543840647,0.3651421368122101,0.5026131868362427,0.0018773139454424381,0.33921921253204346,0.5001933574676514,-0.0046365209855139256,0.3204466700553894,0.5027832388877869,-0.009658765979111195,0.4063087999820709,0.5582064390182495,-0.0034601872321218252,0.3561882972717285,0.5437343716621399,-0.0052421619184315205,0.3261999785900116,0.5372777581214905,-0.0107090650126338,0.3017675280570984,0.5331240892410278,-0.01500201690942049,0.4042602479457855,0.6036911606788635,-0.010955373756587505,0.3613031208515167,0.5919662117958069,-0.012975165620446205,0.33434510231018066,0.5868813395500183,-0.013507407158613205,0.3115566074848175,0.5811282396316528,-0.013388246297836304
0.5340083837509155,0.5742597579956055,2.293651277796016e-07,0.5071980357170105,0.506267249584198,0.016212226822972298,0.47304394841194153,0.4742707908153534,0.01912316121160984,0.44420090317726135,0.4736366271972656,0.018051933497190475,0.42265933752059937,0.4844445586204529,0.014867158606648445,0.43923571705818176,0.45206037163734436,0.003828293876722455,0.3807210326194763,0.42767319083213806,-0.00037785727181471884,0.34763669967651367,0.41722139716148376,-0.002609814517199993,0.3234575688838959,0.4112418293952942,-0.0038316091522574425,0.42188096046447754,0.4918413460254669,-0.008862711489200592,0.3614650070667267,0.4705314338207245,-0.011617469601333141,0.3334459662437439,0.4576122462749481,-0.013664312660694122,0.3151242136955261,0.4471983313560486,-0.015081954188644886,0.4117281436920166,0.5390616059303284,-0.02004719153046608,0.3486637771129608,0.522271990776062,-0.0223306305706501,0.311374306678772,0.5116360783576965,-0.026098772883415222,0.2825181186199188,0.5002115964889526,-0.029483696445822716,0.4088689088821411,0.5873278379440308,-0.029160235077142715,0.35513073205947876,0.5759163498878479,-0.032400645315647125,0.32301566004753113,0.5680737495422363,-0.03258131816983223,0.29611194133758545,0.5570840239524841,-0.03210596367716789
0.5422961711883545,0.572365403175354,2.0755093999014207e-07,0.5114564299583435,0.4966626763343811,0.013656395487487316,0.4675642251968384,0.4535641074180603,0.016130167990922928,0.43076092004776,0.45700305700302124,0.016003908589482307,0.40546536445617676,0.47338342666625977,0.01358452346175909,0.4421224296092987,0.4393908381462097,-0.0025415311101824045,0.38030704855918884,0.4130174517631531,-0.0077623301185667515,0.34257686138153076,0.40069031715393066,-0.009977906011044979,0.31440645456314087,0.39392757415771484,-0.011329175904393196,0.4238493740558624,0.4845801293849945,-0.014267174527049065,0.3598805367946625,0.4632468819618225,-0.019347479566931725,0.332631379365921,0.4513104259967804,-0.021802430972456932,0.3174709975719452,0.44224676489830017,-0.02283787913620472,0.4128568768501282,0.5360170602798462,-0.024306317791342735,0.3457987904548645,0.5151756405830383,-0.02824992500245571,0.30657386779785156,0.5025090575218201,-0.032980747520923615,0.27700966596603394,0.4895896017551422,-0.03681022301316261,0.408987432718277,0.5874121189117432,-0.03220393508672714,0.3527340292930603,0.5704960823059082,-0.03676629066467285,0.3194969892501831,0.5601778626441956,-0.037836965173482895,0.291634202003479,0.5484804511070251,-0.03804098814725876
0.5461755990982056,0.5802630186080933,1.8042575788967952e-07,0.5170950889587402,0.501895546913147,0.018605269491672516,0.4775620400905609,0.4614720642566681,0.02297845110297203,0.4463348388671875,0.45913827419281006,0.02364826202392578,0.42348167300224304,0.4674605131149292,0.021762244403362274,0.4430619776248932,0.44076669216156006,0.0029426640830934048,0.3801862299442291,0.41187775135040283,-0.0004645634035114199,0.34279513359069824,0.40032491087913513,-0.002040069317445159,0.31510457396507263,0.3944754898548126,-0.003103888826444745,0.4222418963909149,0.48548173904418945,-0.009997550398111343,0.3587509095668793,0.4633227586746216,-0.011887399479746819,0.33444178104400635,0.4531683325767517,-0.012400762178003788,0.32272791862487793,0.44491055607795715,-0.012752464972436428,0.4111945629119873,0.5376888513565063,-0.020992685109376907,0.34440964460372925,0.5155295729637146,-0.022263331338763237,0.3050916790962219,0.5029615163803101,-0.02560329996049404,0.27558451890945435,0.4901019036769867,-0.029211342334747314,0.40910351276397705,0.5892093181610107,-0.02946189045906067,0.35243862867355347,0.5719371438026428,-0.03205518051981926,0.3188849687576294,0.5617318153381348,-0.03163646161556244,0.2910923957824707,0.5496212840080261,-0.030991071835160255
0.564826250076294,0.5607831478118896,1.1846080383293156e-07,0.5370365977287292,0.4747580587863922,0.01479693129658699,0.48448535799980164,0.4251537322998047,0.0155745018273592,0.43199992179870605,0.421368807554245,0.014804552309215069,0.3956823945045471,0.4363141357898712,0.011361352168023586,0.4689825475215912,0.4036353528499603,-0.01769205927848816,0.39258232712745667,0.3693625330924988,-0.027827629819512367,0.3461620807647705,0.35688263177871704,-0.030217884108424187,0.31046465039253235,0.3516954779624939,-0.030937643721699715,0.44810423254966736,0.45262858271598816,-0.030410483479499817,0.36523765325546265,0.43422216176986694,-0.04004731401801109,0.33535534143447876,0.4329780340194702,-0.04047079011797905,0.32162341475486755,0.43196552991867065,-0.03924614563584328,0.4337005019187927,0.5091032385826111,-0.04028481990098953,0.3516920804977417,0.48446470499038696,-0.04870254173874855,0.3037322759628296,0.4690071940422058,-0.05284986272454262,0.268718421459198,0.45392048358917236,-0.055648643523454666,0.42568618059158325,0.5645030736923218,-0.046871285885572433,0.3589892089366913,0.5469856858253479,-0.05285268649458885,0.3225077688694,0.5334410667419434,-0.05227052420377731,0.29146483540534973,0.5175060629844666,-0.05113311856985092
0.581222414970398,0.5596292018890381,-5.115606072081391e-08,0.5458715558052063,0.4734349250793457,0.016192477196455002,0.4880957305431366,0.42243778705596924,0.01483235228806734,0.4347125291824341,0.4199450612068176,0.011933392845094204,0.39565274119377136,0.4311178922653198,0.006759522948414087,0.4731990694999695,0.3944301903247833,-0.01830020174384117,0.39389750361442566,0.36222338676452637,-0.033699069172143936,0.3449097275733948,0.35009926557540894,-0.03815526142716408,0.30745261907577515,0.34306228160858154,-0.039335913956165314,0.4550228714942932,0.44697409868240356,-0.03370136022567749,0.3739628195762634,0.4345270097255707,-0.0520242303609848,0.3718109130859375,0.44971752166748047,-0.04936022311449051,0.3820957839488983,0.45451200008392334,-0.04229985922574997,0.442963182926178,0.5087998509407043,-0.0473177470266819,0.36076444387435913,0.48054030537605286,-0.06331076472997665,0.3131820261478424,0.4639768600463867,-0.06621384620666504,0.27738845348358154,0.44369539618492126,-0.06582925468683243,0.43576711416244507,0.5691040754318237,-0.05700896307826042,0.364343523979187,0.5456520318984985,-0.06514452397823334,0.3256833851337433,0.5292602181434631,-0.06242607906460762,0.29337966442108154,0.5126472115516663,-0.059468742460012436
0.6100385189056396,0.5529353022575378,-5.456551122051678e-08,0.5724881887435913,0.4631942808628082,0.015353398397564888,0.5051145553588867,0.4058690667152405,0.01538010872900486,0.44408494234085083,0.39094704389572144,0.015219803899526596,0.3986576497554779,0.38896849751472473,0.012549811974167824,0.4936685264110565,0.3718937039375305,-0.030882226303219795,0.4049197733402252,0.3328503668308258,-0.0488225556910038,0.3488113284111023,0.31918442249298096,-0.053067926317453384,0.30403125286102295,0.31139618158340454,-0.0539853610098362,0.47933757305145264,0.4269152581691742,-0.04653393477201462,0.37911278009414673,0.4178667664527893,-0.06805200129747391,0.357189804315567,0.4334274232387543,-0.0668746829032898,0.3527156412601471,0.4400506019592285,-0.061072736978530884,0.46704691648483276,0.4940146207809448,-0.05943160504102707,0.36910194158554077,0.46933192014694214,-0.07932303845882416,0.31136035919189453,0.45392245054244995,-0.08514602482318878,0.2677008807659149,0.43442749977111816,-0.0862899124622345,0.4583304226398468,0.5595836639404297,-0.06794711202383041,0.3780868649482727,0.5394365787506104,-0.08218645304441452,0.3340473175048828,0.5219182372093201,-0.08403803408145905,0.2980338931083679,0.5032010078430176,-0.08346561342477798
0.6243481040000916,0.5577906370162964,-1.8759784836674953e-07,0.581021785736084,0.4578709006309509,0.024144189432263374,0.5155718922615051,0.40373027324676514,0.02679911069571972,0.45744773745536804,0.4022085666656494,0.028659828007221222,0.41358065605163574,0.4174495041370392,0.02870246209204197,0.49487581849098206,0.36755019426345825,-0.019122764468193054,0.40445390343666077,0.32674089074134827,-0.037702810019254684,0.3470795154571533,0.3145402669906616,-0.04154359549283981,0.3039853870868683,0.3072260022163391,-0.040864184498786926,0.4785347878932953,0.42694371938705444,-0.03665738180279732,0.37972819805145264,0.4199434816837311,-0.05859722942113876,0.3791171610355377,0.4464775323867798,-0.05148981884121895,0.3956261873245239,0.4575522541999817,-0.03903869539499283,0.46736061573028564,0.498705118894577,-0.05204431340098381,0.36580631136894226,0.4683052599430084,-0.07464849948883057,0.30874305963516235,0.45160186290740967,-0.07948032766580582,0.2659913897514343,0.4283110499382019,-0.07823704183101654,0.46174356341362,0.5662539601325989,-0.06140689551830292,0.38060885667800903,0.5402762293815613,-0.07539181411266327,0.33639127016067505,0.5214713215827942,-0.07529769092798233,0.2986062169075012,0.502929151058197,-0.0731818899512291
0.6321474313735962,0.5606881380081177,-1.8483166286387132e-07,0.5862187147140503,0.457502156496048,0.02717396803200245,0.520349383354187,0.4014849066734314,0.030480140820145607,0.46217823028564453,0.39955323934555054,0.03174228221178055,0.4190943241119385,0.41598033905029297,0.030891411006450653,0.4969937801361084,0.3641698956489563,-0.013963695615530014,0.4021306037902832,0.3218142092227936,-0.031758278608322144,0.3442840874195099,0.30889832973480225,-0.03489065170288086,0.3022768199443817,0.30177897214889526,-0.033415164798498154,0.4776100218296051,0.4239448308944702,-0.03294174373149872,0.37698304653167725,0.4104558825492859,-0.05475294217467308,0.3797304034233093,0.436537504196167,-0.04611993581056595,0.39998963475227356,0.4475472569465637,-0.03152349591255188,0.46577706933021545,0.4960615634918213,-0.04973454028367996,0.3626296818256378,0.4630833864212036,-0.07030980288982391,0.3071841895580292,0.44604986906051636,-0.07214918732643127,0.2665103077888489,0.42168521881103516,-0.06870505213737488,0.46033576130867004,0.5656238198280334,-0.06060901656746864,0.37757396697998047,0.5405588746070862,-0.07242788374423981,0.3328976631164551,0.5213412642478943,-0.06998496502637863,0.29542502760887146,0.5002031922340393,-0.06600426137447357
0.6542843580245972,0.5576019883155823,-2.1875986533359537e-07,0.6046274900436401,0.4538012444972992,0.02472321316599846,0.532694399356842,0.39988580346107483,0.026023097336292267,0.4729315936565399,0.4102552533149719,0.026136143133044243,0.42838895320892334,0.43759533762931824,0.024820666760206223,0.5060670375823975,0.355464369058609,-0.018486112356185913,0.4067302346229553,0.31026527285575867,-0.041896019130945206,0.3437632620334625,0.29764091968536377,-0.04621414467692375,0.29805099964141846,0.2905440628528595,-0.04507775604724884,0.4872558116912842,0.4196910858154297,-0.03871139883995056,0.3777180314064026,0.4061572551727295,-0.07240232080221176,0.389712929725647,0.4378187954425812,-0.06541812419891357,0.419170618057251,0.45295920968055725,-0.04785808175802231,0.47727131843566895,0.49975940585136414,-0.05758664011955261,0.36576786637306213,0.4641484022140503,-0.09022168070077896,0.3028682470321655,0.4443790912628174,-0.09781116247177124,0.25356581807136536,0.41746655106544495,-0.09527004510164261,0.47412365674972534,0.5758920907974243,-0.06969752162694931,0.3900977373123169,0.5492123961448669,-0.09175022691488266,0.340009480714798,0.5294831991195679,-0.0954735279083252,0.29495537281036377,0.5113465785980225,-0.09489136189222336
0.6623768210411072,0.5646936893463135,-2.1487188917035382e-07,0.6138542890548706,0.4575682282447815,0.02397734671831131,0.5408138036727905,0.4051303267478943,0.0254339762032032,0.47788795828819275,0.4142679274082184,0.026065906509757042,0.43253788352012634,0.4420706629753113,0.02529468573629856,0.5074998140335083,0.35796254873275757,-0.018488066270947456,0.40680086612701416,0.30762115120887756,-0.04123057797551155,0.3438863754272461,0.2919256091117859,-0.044729676097631454,0.2978195548057556,0.2824392318725586,-0.04325256869196892,0.48798444867134094,0.4228314757347107,-0.03849101439118385,0.37528783082962036,0.4085439145565033,-0.07172092795372009,0.3876471519470215,0.43820297718048096,-0.06400414556264877,0.41809481382369995,0.45266929268836975,-0.04600368067622185,0.47902730107307434,0.5038868188858032,-0.0572722963988781,0.36294129490852356,0.4649972915649414,-0.08928706496953964,0.29791778326034546,0.44475892186164856,-0.09612289071083069,0.24657323956489563,0.4184327721595764,-0.0934995785355568,0.47772613167762756,0.5819497108459473,-0.06951982527971268,0.39175814390182495,0.5548609495162964,-0.09233405441045761,0.34022557735443115,0.5334441661834717,-0.09684289991855621,0.2935580611228943,0.5135976672172546,-0.09693065285682678
0.6636900901794434,0.5696024894714355,-1.8845807403522485e-07,0.612786054611206,0.45707181096076965,0.027412425726652145,0.538990318775177,0.40284380316734314,0.028823276981711388,0.4750698506832123,0.4094974100589752,0.028670156374573708,0.4287446141242981,0.4369073510169983,0.02620089426636696,0.5083324909210205,0.35514914989471436,-0.020948009565472603,0.40385952591896057,0.303009569644928,-0.043963782489299774,0.3387133479118347,0.2884231209754944,-0.04793272539973259,0.2901819348335266,0.2818183898925781,-0.04650810360908508,0.4887111783027649,0.42279693484306335,-0.04219912737607956,0.37403541803359985,0.41100946068763733,-0.07251229137182236,0.3814355432987213,0.4377577006816864,-0.06396794319152832,0.40727129578590393,0.4492195248603821,-0.04679141566157341,0.4794538617134094,0.5062847137451172,-0.0613919235765934,0.3618069589138031,0.4697120487689972,-0.0914599597454071,0.2959755063056946,0.44791680574417114,-0.09724884480237961,0.24461185932159424,0.4200863838195801,-0.0946086198091507,0.47761356830596924,0.585139811038971,-0.07360504567623138,0.388245165348053,0.5605601072311401,-0.0930892825126648,0.33787864446640015,0.5392730236053467,-0.09423132240772247,0.2930133044719696,0.518268883228302,-0.0922321081161499
0.6700416803359985,0.5784432291984558,-2.3808702565020212e-07,0.6171915531158447,0.4643078148365021,0.029344698414206505,0.5431957244873047,0.4068647623062134,0.02943115122616291,0.47797277569770813,0.4106064438819885,0.027923578396439552,0.4296148419380188,0.43788430094718933,0.023853585124015808,0.5117818713188171,0.35775548219680786,-0.027224335819482803,0.403231680393219,0.3013768196105957,-0.05583658441901207,0.3352952003479004,0.2841561436653137,-0.06305401027202606,0.2852857708930969,0.27475452423095703,-0.06268664449453354,0.4923538565635681,0.42892980575561523,-0.04954545199871063,0.37736478447914124,0.4103110134601593,-0.08310846984386444,0.3816277086734772,0.44132956862449646,-0.0745522603392601,0.4051079750061035,0.45515966415405273,-0.05718100070953369,0.48299288749694824,0.5158952474594116,-0.0695972740650177,0.36245372891426086,0.4723745584487915,-0.10441506654024124,0.2936599850654602,0.45083457231521606,-0.11240381747484207,0.24021562933921814,0.42191725969314575,-0.11046840995550156,0.4808673858642578,0.5967172384262085,-0.08173290640115738,0.38726404309272766,0.5687288641929626,-0.10433653742074966,0.33372384309768677,0.5480595827102661,-0.10647930204868317,0.2864132225513458,0.5273967981338501,-0.10487929731607437
0.6732149124145508,0.5864587426185608,-2.1291585028393456e-07,0.6189559102058411,0.4677276015281677,0.03160633146762848,0.5446754097938538,0.40888887643814087,0.03184283897280693,0.47804346680641174,0.4109254479408264,0.02979273349046707,0.42848557233810425,0.43814876675605774,0.02420899085700512,0.5131736397743225,0.36385056376457214,-0.028566207736730576,0.4029954671859741,0.30492639541625977,-0.05511351302266121,0.3344114422798157,0.28689807653427124,-0.06159822270274162,0.28304925560951233,0.2764930725097656,-0.06125248596072197,0.4932157099246979,0.4336208701133728,-0.05152443051338196,0.37918299436569214,0.414999783039093,-0.08049030601978302,0.37359586358070374,0.44289836287498474,-0.07156314700841904,0.3890259861946106,0.45541661977767944,-0.05620583891868591,0.4835786521434784,0.5199466943740845,-0.07143125683069229,0.36325666308403015,0.47572243213653564,-0.1032162681221962,0.2929084897041321,0.45151248574256897,-0.11094912886619568,0.23871922492980957,0.4220674932003021,-0.11026595532894135,0.48172348737716675,0.6010161638259888,-0.08317983150482178,0.3853585422039032,0.5746049880981445,-0.10282675176858902,0.33167552947998047,0.5535805225372314,-0.1031891331076622,0.28469252586364746,0.5322300791740417,-0.10109355300664902
0.6774634122848511,0.5904877781867981,-2.1750911116669158e-07,0.6231143474578857,0.4712598919868469,0.03367382287979126,0.548283040523529,0.41353726387023926,0.03538789972662926,0.48288261890411377,0.4141097664833069,0.03509059175848961,0.4341098368167877,0.4399464428424835,0.03167008236050606,0.5131465792655945,0.36599332094192505,-0.02547878958284855,0.4035813808441162,0.3069762587547302,-0.05094213783740997,0.3342573940753937,0.28938984870910645,-0.05622320994734764,0.28283900022506714,0.28010737895965576,-0.055064570158720016,0.491353839635849,0.43819114565849304,-0.04872596636414528,0.37471967935562134,0.4129760265350342,-0.07691334187984467,0.3778606653213501,0.4387678802013397,-0.0655665397644043,0.4001705050468445,0.44974204897880554,-0.04763871058821678,0.4811185598373413,0.5259310603141785,-0.06895944476127625,0.35884302854537964,0.4786340892314911,-0.09929904341697693,0.28898632526397705,0.45281386375427246,-0.10519976168870926,0.23389339447021484,0.4221439063549042,-0.1032964438199997,0.47937867045402527,0.6086503267288208,-0.08090803027153015,0.38433921337127686,0.581110417842865,-0.09964793175458908,0.33159583806991577,0.5592572093009949,-0.09910060465335846,0.28372764587402344,0.5373899340629578,-0.0964256078004837
0.6729403734207153,0.5994205474853516,-1.83685671117928e-07,0.6167659759521484,0.4796179533004761,0.03459417447447777,0.5417865514755249,0.416718065738678,0.03693336620926857,0.4739137291908264,0.41818469762802124,0.036810219287872314,0.424744188785553,0.4436657428741455,0.03327523544430733,0.5087025761604309,0.37659531831741333,-0.02574591152369976,0.39596694707870483,0.3196018934249878,-0.050586048513650894,0.3271644413471222,0.3029944896697998,-0.0550781711935997,0.27649763226509094,0.29191136360168457,-0.05361272022128105,0.4886077344417572,0.45003223419189453,-0.050168685615062714,0.3676348924636841,0.4233517646789551,-0.07851330935955048,0.36510753631591797,0.4479731619358063,-0.06829304993152618,0.3840499520301819,0.4574654698371887,-0.05167547985911369,0.4791676998138428,0.5384365320205688,-0.07123500853776932,0.35541394352912903,0.4940252900123596,-0.10088858008384705,0.28563761711120605,0.469985693693161,-0.10681957751512527,0.23293356597423553,0.43910184502601624,-0.10537110269069672,0.47709396481513977,0.6223116517066956,-0.08417848497629166,0.3789120316505432,0.5976512432098389,-0.10328712314367294,0.32412785291671753,0.5781888961791992,-0.10387741029262543,0.2759816348552704,0.5568212866783142,-0.10199486464262009
0.6722201108932495,0.6039782166481018,-1.6714692208097404e-07,0.617478609085083,0.48335325717926025,0.03437010943889618,0.5402516722679138,0.42159947752952576,0.036831628531217575,0.4695676565170288,0.4182264804840088,0.03727957233786583,0.41834089159965515,0.43979862332344055,0.03434736281633377,0.5048006772994995,0.38269859552383423,-0.0274348221719265,0.39212766289711,0.32406070828437805,-0.05241166055202484,0.3217562437057495,0.30740007758140564,-0.057543542236089706,0.2696486711502075,0.2985471487045288,-0.05605972185730934,0.48479869961738586,0.45628902316093445,-0.05085941404104233,0.3628210127353668,0.42733582854270935,-0.0781116858124733,0.3605557680130005,0.4479459226131439,-0.06687392294406891,0.3806686997413635,0.45748600363731384,-0.0491366870701313,0.47535401582717896,0.5446723103523254,-0.07072240859270096,0.34950804710388184,0.49963313341140747,-0.09958568215370178,0.2781742215156555,0.47449344396591187,-0.10480989515781403,0.22463774681091309,0.44564932584762573,-0.10229571163654327,0.4744889438152313,0.6275886297225952,-0.08234637975692749,0.37378960847854614,0.6037893295288086,-0.09877561777830124,0.31945163011550903,0.5828564763069153,-0.09670518338680267,0.2728884518146515,0.5615732073783875,-0.09283436834812164
0.665181577205658,0.6056479811668396,-1.8035267146387923e-07,0.6102088689804077,0.4840116500854492,0.02949793078005314,0.5295795798301697,0.4206852316856384,0.030765186995267868,0.45321592688560486,0.414994478225708,0.0322013683617115,0.3988736867904663,0.43228450417518616,0.03106093965470791,0.5026730895042419,0.38526031374931335,-0.03434095159173012,0.38785073161125183,0.3283693194389343,-0.05953460931777954,0.3173554539680481,0.3141383230686188,-0.06309482455253601,0.2650527358055115,0.30624955892562866,-0.06052767485380173,0.48297739028930664,0.461803674697876,-0.054726552218198776,0.35511651635169983,0.43304091691970825,-0.08225888758897781,0.36007973551750183,0.45332372188568115,-0.06818516552448273,0.38695406913757324,0.46126803755760193,-0.04794792830944061,0.4723895192146301,0.5506731867790222,-0.07185496389865875,0.34109193086624146,0.5041830539703369,-0.09955588728189468,0.2711334824562073,0.47994062304496765,-0.10178828239440918,0.2180742621421814,0.451224684715271,-0.09746938943862915,0.47000184655189514,0.6326860785484314,-0.08126639574766159,0.36985623836517334,0.6088422536849976,-0.0970211923122406,0.31601792573928833,0.5870591998100281,-0.09452910721302032,0.2684200406074524,0.565581738948822,-0.09066503494977951
0.6645582318305969,0.6040002107620239,-1.7461628942783136e-07,0.6079782843589783,0.48218610882759094,0.028816519305109978,0.5280767679214478,0.4189363420009613,0.02855525352060795,0.451875776052475,0.418687641620636,0.028382284566760063,0.39687472581863403,0.4381861090660095,0.025327123701572418,0.5024215579032898,0.3855992257595062,-0.03674733266234398,0.38865017890930176,0.33032459020614624,-0.06423546373844147,0.31869155168533325,0.3134048879146576,-0.06900882720947266,0.2658061981201172,0.3000643849372864,-0.06714744120836258,0.482581228017807,0.4621068835258484,-0.05796925351023674,0.3550419807434082,0.43263107538223267,-0.08906229585409164,0.3592758774757385,0.45583462715148926,-0.07628940045833588,0.38595035672187805,0.465187668800354,-0.05608893185853958,0.4723310172557831,0.5518172383308411,-0.07597025483846664,0.34202495217323303,0.5055936574935913,-0.10776825994253159,0.27168142795562744,0.48104462027549744,-0.11191496253013611,0.21809813380241394,0.45127007365226746,-0.10786804556846619,0.47064897418022156,0.633926510810852,-0.08593391627073288,0.3706360459327698,0.6097639799118042,-0.10422360897064209,0.3169593811035156,0.5868847370147705,-0.10251076519489288,0.26895445585250854,0.564439058303833,-0.09889718145132065
0.6648871898651123,0.6025493741035461,-1.6602601249360305e-07,0.608318567276001,0.4830363988876343,0.027899237349629402,0.5267598628997803,0.42043280601501465,0.02781357802450657,0.4501250386238098,0.42163485288619995,0.02794448658823967,0.3964303433895111,0.4433298408985138,0.025048863142728806,0.5017307996749878,0.3847445249557495,-0.0360286571085453,0.3879789710044861,0.33115142583847046,-0.06170675903558731,0.31920674443244934,0.31439387798309326,-0.06464878469705582,0.26808983087539673,0.30199134349823,-0.0620420016348362,0.48297470808029175,0.46108806133270264,-0.057516731321811676,0.35240957140922546,0.4328016936779022,-0.08961550891399384,0.35948827862739563,0.4538462162017822,-0.07744862884283066,0.3883087635040283,0.4619554579257965,-0.05706804618239403,0.4742385149002075,0.5506840348243713,-0.07576920092105865,0.3425988554954529,0.5053768754005432,-0.10709986835718155,0.2718374729156494,0.48128578066825867,-0.11098998039960861,0.21725012362003326,0.4528653621673584,-0.10689094662666321,0.47364723682403564,0.6341197490692139,-0.08628759533166885,0.37222790718078613,0.6095405220985413,-0.10645859688520432,0.3171800374984741,0.5870203375816345,-0.10654065757989883,0.26735201478004456,0.5656694173812866,-0.10396789759397507
0.6643427014350891,0.6065948009490967,-1.1951742351357098e-07,0.6094415187835693,0.48505890369415283,0.02534533105790615,0.5268307328224182,0.4218081533908844,0.024152517318725586,0.44792255759239197,0.42312246561050415,0.023183520883321762,0.3922349214553833,0.4431518316268921,0.01943141222000122,0.5013656616210938,0.38474154472351074,-0.03535941615700722,0.3867429792881012,0.33174943923950195,-0.06055121868848801,0.3182551860809326,0.314913809299469,-0.06500955671072006,0.2655864953994751,0.3012949228286743,-0.06385695934295654,0.4822101891040802,0.4615190923213959,-0.05623849853873253,0.3540210425853729,0.4321935772895813,-0.08683235198259354,0.3568459451198578,0.4533223509788513,-0.07697958499193192,0.38139596581459045,0.4615940451622009,-0.05903841555118561,0.47252053022384644,0.5510087013244629,-0.07402859628200531,0.3413335680961609,0.5041965842247009,-0.1040739119052887,0.27055543661117554,0.479531854391098,-0.10869435220956802,0.21616165339946747,0.45046526193618774,-0.10543889552354813,0.47128725051879883,0.6344733834266663,-0.0845499262213707,0.36951524019241333,0.6094691157341003,-0.10184422880411148,0.31494227051734924,0.5871145129203796,-0.10014083981513977,0.26635831594467163,0.565593421459198,-0.09656272828578949
0.6628217101097107,0.607850968837738,-1.6633356381134945e-07,0.6075184941291809,0.4854031503200531,0.030193312093615532,0.5281847715377808,0.41956672072410583,0.03148587420582771,0.4513149857521057,0.41683223843574524,0.0320022851228714,0.3959575593471527,0.43680858612060547,0.029169859364628792,0.5015111565589905,0.38660770654678345,-0.03202882409095764,0.3877390921115875,0.3316059112548828,-0.05601339787244797,0.3183579444885254,0.31568193435668945,-0.0596776083111763,0.2658807635307312,0.3039853274822235,-0.05796900391578674,0.4813714325428009,0.4624074101448059,-0.054161980748176575,0.35374757647514343,0.43386533856391907,-0.08269603550434113,0.3516446650028229,0.45671722292900085,-0.07196740806102753,0.37279653549194336,0.4663633704185486,-0.054262444376945496,0.4711110591888428,0.5514110326766968,-0.07267751544713974,0.34091508388519287,0.504492998123169,-0.10197173804044724,0.27057838439941406,0.48069944977760315,-0.10642728954553604,0.21772798895835876,0.45204490423202515,-0.1034105196595192,0.4688969552516937,0.6345130801200867,-0.08337750285863876,0.3678009510040283,0.610102653503418,-0.1016530692577362,0.3126559853553772,0.5885893106460571,-0.1009199395775795,0.2642146050930023,0.5666856169700623,-0.09790078550577164
0.6644670963287354,0.6054840683937073,-1.0750682832849634e-07,0.6068112254142761,0.4855978488922119,0.026695705950260162,0.5248619318008423,0.4202323853969574,0.02525269240140915,0.44669467210769653,0.4213121235370636,0.023464307188987732,0.390286922454834,0.4412955045700073,0.018393628299236298,0.5020937919616699,0.38562315702438354,-0.03749974071979523,0.38625261187553406,0.33111345767974854,-0.06191088259220123,0.31689780950546265,0.3157518804073334,-0.06583951413631439,0.2643280625343323,0.30539584159851074,-0.06474155187606812,0.4838254153728485,0.46414920687675476,-0.05918259546160698,0.3556980490684509,0.43535786867141724,-0.08818986266851425,0.3487083911895752,0.45416128635406494,-0.07917942851781845,0.36419254541397095,0.4620034396648407,-0.06373477727174759,0.4740312099456787,0.5539993047714233,-0.07720407098531723,0.3425048291683197,0.5081507563591003,-0.10558758676052094,0.27134886384010315,0.48287147283554077,-0.10986389219760895,0.21716786921024323,0.4537007510662079,-0.10767057538032532,0.47113582491874695,0.6372267603874207,-0.08802209049463272,0.3677404522895813,0.6118685007095337,-0.10638288408517838,0.31220898032188416,0.5897213220596313,-0.10608000308275223,0.26337456703186035,0.5670770406723022,-0.10361836850643158
0.6641981601715088,0.6124230027198792,-1.7716882894092123e-07,0.6079267263412476,0.48925501108169556,0.03626859188079834,0.5319522619247437,0.42722922563552856,0.03873926401138306,0.45837321877479553,0.4226832091808319,0.039615992456674576,0.40555158257484436,0.44367343187332153,0.036465197801589966,0.5009318590164185,0.38886308670043945,-0.0352582149207592,0.3846592903137207,0.3321954607963562,-0.061392005532979965,0.3150797486305237,0.3160613179206848,-0.06492457538843155,0.2648751735687256,0.30501216650009155,-0.06171580031514168,0.4810278117656708,0.4651344120502472,-0.05904597416520119,0.3533433675765991,0.4339747726917267,-0.08632311224937439,0.3484395742416382,0.4534142315387726,-0.07226607948541641,0.3684071898460388,0.4604490399360657,-0.052524667233228683,0.4718862473964691,0.5554680824279785,-0.07863683253526688,0.3410097360610962,0.5091818571090698,-0.10975678265094757,0.2690724730491638,0.4857966899871826,-0.11481393128633499,0.21626222133636475,0.45696914196014404,-0.1116364449262619,0.4706147015094757,0.6385098695755005,-0.08917658030986786,0.36558306217193604,0.6144083142280579,-0.10896745324134827,0.3100033402442932,0.5929116010665894,-0.1081295982003212,0.26237812638282776,0.5696417689323425,-0.10469802469015121
0.6669986248016357,0.6101521849632263,-1.897608683520957e-07,0.6095985174179077,0.4885604679584503,0.037065815180540085,0.5308715105056763,0.426338791847229,0.04012896120548248,0.456033855676651,0.4237714409828186,0.04118921980261803,0.40203413367271423,0.44362735748291016,0.038154274225234985,0.4999348223209381,0.3876885175704956,-0.030988914892077446,0.3841753602027893,0.33241361379623413,-0.05479790270328522,0.31486785411834717,0.3167020082473755,-0.057651616632938385,0.2647629976272583,0.30650174617767334,-0.05489221587777138,0.4797985255718231,0.46438342332839966,-0.05519801750779152,0.35210564732551575,0.4336121678352356,-0.08120066672563553,0.3466317355632782,0.45293840765953064,-0.06815246492624283,0.3646183907985687,0.45990580320358276,-0.049765363335609436,0.4711848497390747,0.5544708967208862,-0.07511842250823975,0.3410264849662781,0.5100879073143005,-0.1036745235323906,0.2688356637954712,0.48596659302711487,-0.10815901309251785,0.21443428099155426,0.45610782504081726,-0.10572460293769836,0.47067946195602417,0.6380746960639954,-0.08628886938095093,0.36730459332466125,0.6152687072753906,-0.10532503575086594,0.311271607875824,0.5945529341697693,-0.10521631687879562,0.2617415189743042,0.5706036686897278,-0.10280107706785202
0.6662833094596863,0.6113952398300171,-1.9091270075932698e-07,0.6088753938674927,0.488174706697464,0.03798985108733177,0.5327175259590149,0.42617130279541016,0.04178127273917198,0.4606371223926544,0.4200608432292938,0.04371042177081108,0.40910905599594116,0.4397205114364624,0.0414653979241848,0.4999329745769501,0.39074090123176575,-0.03151898831129074,0.38483816385269165,0.3339901566505432,-0.056696247309446335,0.3149491548538208,0.3161870837211609,-0.06015774607658386,0.26383548974990845,0.3037708103656769,-0.0571523942053318,0.4795268476009369,0.46559715270996094,-0.055464692413806915,0.3500024974346161,0.4321814775466919,-0.08164653182029724,0.3468378186225891,0.45041215419769287,-0.06678930670022964,0.3677445650100708,0.45729148387908936,-0.04626694694161415,0.47104591131210327,0.5545406937599182,-0.07509451359510422,0.3401813805103302,0.5088351368904114,-0.10433541983366013,0.2690381407737732,0.48509615659713745,-0.10799983143806458,0.2157128006219864,0.4564497470855713,-0.10414008051156998,0.47131025791168213,0.6369141340255737,-0.08574415743350983,0.36839669942855835,0.614344596862793,-0.10448158532381058,0.3129052519798279,0.5929269790649414,-0.10318908095359802,0.26417988538742065,0.5698253512382507,-0.0996185839176178
0.6633601188659668,0.6079866290092468,-1.8270888801907859e-07,0.6045712828636169,0.4866423010826111,0.03535415977239609,0.5277151465415955,0.42507168650627136,0.03900999575853348,0.4551054835319519,0.4219552278518677,0.040997374802827835,0.4019909203052521,0.4390193223953247,0.039447885006666183,0.4961904287338257,0.3857952654361725,-0.029082396999001503,0.38393813371658325,0.33239513635635376,-0.053184885531663895,0.31503933668136597,0.31800031661987305,-0.05602309852838516,0.2638028562068939,0.30822694301605225,-0.053066741675138474,0.4767794907093048,0.46229037642478943,-0.05228515714406967,0.3503303825855255,0.43265628814697266,-0.07940727472305298,0.34779974818229675,0.45171788334846497,-0.06583642959594727,0.36707326769828796,0.45697495341300964,-0.046243783086538315,0.4677421748638153,0.5516714453697205,-0.07171651721000671,0.33965200185775757,0.5097622275352478,-0.1011606752872467,0.2684423327445984,0.48675206303596497,-0.10476324707269669,0.21419164538383484,0.45713934302330017,-0.10082173347473145,0.46582943201065063,0.633680522441864,-0.08278440684080124,0.36190831661224365,0.6099214553833008,-0.10225038230419159,0.3064303696155548,0.5889098048210144,-0.10177001357078552,0.25822705030441284,0.5656885504722595,-0.0985192060470581
0.6612265706062317,0.607089638710022,-1.9113743121579319e-07,0.6029723882675171,0.48655906319618225,0.03431044518947601,0.5255588889122009,0.42443209886550903,0.037467148154973984,0.45177844166755676,0.42116206884384155,0.03942672908306122,0.3980444669723511,0.4385073781013489,0.03801612928509712,0.4955829679965973,0.38631489872932434,-0.03134501352906227,0.3825085461139679,0.3329046666622162,-0.056015193462371826,0.31386619806289673,0.3184608221054077,-0.0587826706469059,0.2629907727241516,0.30824214220046997,-0.05564463511109352,0.4767364263534546,0.46231502294540405,-0.05439731106162071,0.34942907094955444,0.43172013759613037,-0.08241841197013855,0.3477746844291687,0.45188701152801514,-0.06861399114131927,0.36876511573791504,0.45886969566345215,-0.04849276691675186,0.4680517911911011,0.5516160726547241,-0.0737551674246788,0.33893823623657227,0.5087496638298035,-0.1038828194141388,0.26747843623161316,0.4859733581542969,-0.10768310725688934,0.2132779359817505,0.4570520520210266,-0.10366085171699524,0.46666640043258667,0.6338571906089783,-0.08475149422883987,0.36230146884918213,0.610707700252533,-0.1044061928987503,0.30620259046554565,0.5893888473510742,-0.10413424670696259,0.2574371099472046,0.5665048360824585,-0.1010841578245163
0.6588836908340454,0.6088724732398987,-1.7215496939115837e-07,0.6005218029022217,0.49020007252693176,0.03589047119021416,0.5246932506561279,0.4268997311592102,0.03845665976405144,0.45255568623542786,0.42302781343460083,0.038946159183979034,0.39977580308914185,0.43976542353630066,0.035523638129234314,0.4945971965789795,0.3914591073989868,-0.03051111288368702,0.3800290822982788,0.3344641327857971,-0.05442393198609352,0.3098453879356384,0.3215298056602478,-0.05741479992866516,0.259064644575119,0.3146454691886902,-0.05464496091008186,0.4749179482460022,0.466348797082901,-0.05460968613624573,0.34798169136047363,0.43400004506111145,-0.0813542902469635,0.3440611958503723,0.45343393087387085,-0.06897594779729843,0.3631807267665863,0.4611271321773529,-0.05064284801483154,0.4661545753479004,0.5543811321258545,-0.0745212659239769,0.3365907073020935,0.508927047252655,-0.10250449180603027,0.2664090394973755,0.48591098189353943,-0.1060958057641983,0.21392293274402618,0.45807063579559326,-0.10285002738237381,0.46533745527267456,0.6369264125823975,-0.0860602930188179,0.3622400760650635,0.6136401891708374,-0.10385394841432571,0.3068996071815491,0.5935838222503662,-0.10245850682258606,0.2585597634315491,0.571631669998169,-0.09892208874225616
0.659741222858429,0.6079708337783813,-1.4546573368079407e-07,0.6016263961791992,0.4894108474254608,0.032261114567518234,0.524580180644989,0.42785125970840454,0.0334770530462265,0.4535622000694275,0.4268992841243744,0.033047255128622055,0.4020141363143921,0.44911348819732666,0.02899855002760887,0.49409589171409607,0.39303135871887207,-0.030349373817443848,0.3812797963619232,0.3379061818122864,-0.05451453849673271,0.3116309642791748,0.322478324174881,-0.058192178606987,0.259333074092865,0.31164419651031494,-0.05639994144439697,0.4735274612903595,0.4683277904987335,-0.05372567102313042,0.3454488217830658,0.4357013702392578,-0.08213746547698975,0.3454674482345581,0.4564559757709503,-0.07091931998729706,0.36731693148612976,0.4650084674358368,-0.052719730883836746,0.4642432630062103,0.5562726855278015,-0.07334146648645401,0.33596575260162354,0.5119845867156982,-0.10128377377986908,0.2668311595916748,0.4886939525604248,-0.10463983565568924,0.21423828601837158,0.46080565452575684,-0.101092629134655,0.4636934697628021,0.6382057070732117,-0.08523363620042801,0.3617168068885803,0.6155213713645935,-0.10177996009588242,0.30721625685691833,0.5954221487045288,-0.09946180880069733,0.2593795955181122,0.5745824575424194,-0.09550397098064423
0.658595621585846,0.6102601289749146,-1.2989632125481876e-07,0.6018871665000916,0.49061650037765503,0.02813784033060074,0.523564338684082,0.4283176064491272,0.027895569801330566,0.45059284567832947,0.4285772442817688,0.027150919660925865,0.39812222123146057,0.45301783084869385,0.02313559129834175,0.49707216024398804,0.3940998911857605,-0.03544239699840546,0.38297563791275024,0.3391861319541931,-0.06084305793046951,0.3128434419631958,0.32523632049560547,-0.0649227499961853,0.2594768702983856,0.31464046239852905,-0.06325379014015198,0.47695761919021606,0.4701654613018036,-0.05714092776179314,0.3475906252861023,0.43615689873695374,-0.08759112656116486,0.34896308183670044,0.45679426193237305,-0.07705874741077423,0.37176045775413513,0.4647156596183777,-0.05861802026629448,0.46667858958244324,0.5584115386009216,-0.07527142018079758,0.33653563261032104,0.5145918130874634,-0.10436314344406128,0.267353355884552,0.49196040630340576,-0.10797538608312607,0.21469706296920776,0.4644373953342438,-0.10404150187969208,0.4643666446208954,0.6393232345581055,-0.0860186442732811,0.36108648777008057,0.6158999800682068,-0.10272804647684097,0.30649206042289734,0.5956612825393677,-0.10033509135246277,0.25884193181991577,0.5754903554916382,-0.09612330794334412
0.6608082056045532,0.6107878684997559,-1.772905022789928e-07,0.6035393476486206,0.49303263425827026,0.033467311412096024,0.5248224139213562,0.4300272464752197,0.03614518418908119,0.4500071406364441,0.4321284890174866,0.038087788969278336,0.3985457122325897,0.45675981044769287,0.036387018859386444,0.49635738134384155,0.3964381814002991,-0.034961383789777756,0.3809615969657898,0.3414927124977112,-0.05813758075237274,0.3112015128135681,0.32943588495254517,-0.05910199508070946,0.2607462406158447,0.32118111848831177,-0.055452000349760056,0.47712019085884094,0.47282275557518005,-0.05750663951039314,0.3492782413959503,0.44149249792099,-0.08377523720264435,0.3470343351364136,0.46070170402526855,-0.06945213675498962,0.36694851517677307,0.46543025970458984,-0.05036935955286026,0.4691581726074219,0.561931848526001,-0.07602085173130035,0.3386225700378418,0.5171282887458801,-0.10556290298700333,0.26761603355407715,0.4939071536064148,-0.10990948230028152,0.21378274261951447,0.46473929286003113,-0.10746540129184723,0.4686318635940552,0.6450241804122925,-0.08597881346940994,0.3636387884616852,0.6235876679420471,-0.1068563461303711,0.3075246214866638,0.605637788772583,-0.10784928500652313,0.2580203413963318,0.5862590074539185,-0.10622161626815796
0.6605600118637085,0.6137160062789917,-1.261913666894543e-07,0.603398323059082,0.49396127462387085,0.0311282891780138,0.5244756937026978,0.4311344623565674,0.03182615712285042,0.44939568638801575,0.42993268370628357,0.03179534152150154,0.39638781547546387,0.4520018696784973,0.02799522876739502,0.49614259600639343,0.3979912996292114,-0.03679101914167404,0.3812393546104431,0.3427492380142212,-0.06141532585024834,0.31153035163879395,0.3266879618167877,-0.06455859541893005,0.2592906057834625,0.31495916843414307,-0.062364354729652405,0.47709909081459045,0.47553181648254395,-0.059095077216625214,0.3475978374481201,0.44040122628211975,-0.08712732791900635,0.34587758779525757,0.45770370960235596,-0.07517539709806442,0.36608967185020447,0.46321675181388855,-0.05694930627942085,0.46860402822494507,0.5644655227661133,-0.0772780030965805,0.3378995656967163,0.518796443939209,-0.10607962310314178,0.26797088980674744,0.4958324432373047,-0.1100025475025177,0.21464690566062927,0.4687740206718445,-0.10697852075099945,0.4680499732494354,0.6467753648757935,-0.08744511008262634,0.36500227451324463,0.6244820356369019,-0.10581839084625244,0.3096255660057068,0.6048814058303833,-0.10484790056943893,0.26009413599967957,0.5847168564796448,-0.10181567072868347
0.6632424592971802,0.6117575764656067,-1.4052368157990713e-07,0.6049305200576782,0.49138182401657104,0.0347449965775013,0.5265651941299438,0.42864149808883667,0.037676095962524414,0.4533942639827728,0.42393258213996887,0.03885621950030327,0.40033596754074097,0.4426935017108917,0.036185894161462784,0.4964340627193451,0.3960024118423462,-0.031168073415756226,0.3825012445449829,0.34286147356033325,-0.05522753298282623,0.31301945447921753,0.3276432156562805,-0.05839858204126358,0.2618124485015869,0.31582051515579224,-0.0559065006673336,0.47651901841163635,0.47143498063087463,-0.05406145751476288,0.3491484820842743,0.43843594193458557,-0.08019283413887024,0.3455393314361572,0.45500150322914124,-0.06709307432174683,0.3655032217502594,0.4583975672721863,-0.04835328087210655,0.46794530749320984,0.5596586465835571,-0.07286656647920609,0.33988523483276367,0.5180831551551819,-0.1007416620850563,0.27013328671455383,0.4950121343135834,-0.10435953736305237,0.21856079995632172,0.4661000967025757,-0.10110606998205185,0.4674842655658722,0.6408778429031372,-0.08337768912315369,0.36565452814102173,0.6202905774116516,-0.10072356462478638,0.31087249517440796,0.6006464958190918,-0.09936624020338058,0.2627701759338379,0.5785652995109558,-0.09609732031822205
0.6610860824584961,0.6138604879379272,-1.2402649929299514e-07,0.6027424335479736,0.4929577708244324,0.03555915132164955,0.5281967520713806,0.428560733795166,0.03853412717580795,0.4588060677051544,0.42225193977355957,0.03971944376826286,0.4083733856678009,0.44205328822135925,0.03659211844205856,0.49842265248298645,0.3954611122608185,-0.03406864032149315,0.3840187191963196,0.33989447355270386,-0.05757622420787811,0.31440863013267517,0.32462063431739807,-0.05967699736356735,0.2630573809146881,0.31371551752090454,-0.056490618735551834,0.47889599204063416,0.47124144434928894,-0.05752215534448624,0.34857285022735596,0.43599453568458557,-0.08347252756357193,0.3400842547416687,0.4512116312980652,-0.07036898285150528,0.3564150333404541,0.45497778058052063,-0.051852997392416,0.4703556299209595,0.5599343776702881,-0.07639795541763306,0.3395216166973114,0.5168378949165344,-0.10391964018344879,0.26995790004730225,0.4938170313835144,-0.10698442161083221,0.2192060351371765,0.46523991227149963,-0.10336550325155258,0.46941643953323364,0.6418344974517822,-0.08694055676460266,0.36486607789993286,0.6200556755065918,-0.1058090478181839,0.30903953313827515,0.5999886989593506,-0.1053055003285408,0.26108935475349426,0.5772567987442017,-0.1021510660648346
0.6650319695472717,0.6088329553604126,-1.9429143094384926e-07,0.6065970063209534,0.490092933177948,0.03302469849586487,0.5243498682975769,0.42808422446250916,0.03493209555745125,0.44604358077049255,0.4273666739463806,0.03618285432457924,0.3909839391708374,0.4472278356552124,0.034002166241407394,0.49869030714035034,0.3927517235279083,-0.03405160829424858,0.3845050632953644,0.33899569511413574,-0.058965858072042465,0.3146311938762665,0.3260760009288788,-0.06144612282514572,0.2637275755405426,0.31751549243927,-0.05851352959871292,0.4799238443374634,0.4697570204734802,-0.056441258639097214,0.34898945689201355,0.4404071569442749,-0.08645791560411453,0.3496454954147339,0.46096742153167725,-0.07377177476882935,0.37361595034599304,0.4680219292640686,-0.05399231240153313,0.4714866876602173,0.5595747828483582,-0.07492507994174957,0.34054887294769287,0.5180256962776184,-0.10631033033132553,0.2687877416610718,0.4933710992336273,-0.11197153478860855,0.2142559140920639,0.46351468563079834,-0.10943493247032166,0.4707287847995758,0.6423836946487427,-0.08478397876024246,0.3708425462245941,0.6225653290748596,-0.10553858429193497,0.3154887855052948,0.6021732091903687,-0.1072278767824173,0.2654792368412018,0.5806558728218079,-0.10603106021881104
0.6740139722824097,0.6292645931243896,-1.7235237237400725e-07,0.614060640335083,0.5115258693695068,0.03981512784957886,0.5347891449928284,0.4499412477016449,0.04467744752764702,0.4657883942127228,0.44261354207992554,0.046485237777233124,0.41489511728286743,0.4617374837398529,0.04362615942955017,0.5002574920654297,0.41036438941955566,-0.029037637636065483,0.3897451162338257,0.3546364903450012,-0.05378545820713043,0.31964972615242004,0.34133201837539673,-0.05756572261452675,0.26822298765182495,0.3333655297756195,-0.05652657896280289,0.4821711480617523,0.4838176369667053,-0.05688999220728874,0.3516765236854553,0.44583994150161743,-0.08669466525316238,0.33661288022994995,0.46372130513191223,-0.07885736227035522,0.3472364842891693,0.4717232882976532,-0.06441172957420349,0.47700437903404236,0.5738142728805542,-0.08014009892940521,0.34571927785873413,0.5317732691764832,-0.11239620298147202,0.2714630663394928,0.5124109983444214,-0.12131379544734955,0.2169812023639679,0.48633259534835815,-0.12201103568077087,0.4795861840248108,0.6597506999969482,-0.09454485774040222,0.37561315298080444,0.6446753740310669,-0.1210094764828682,0.3159175515174866,0.629447877407074,-0.12802086770534515,0.26505720615386963,0.6084678173065186,-0.13025443255901337
0.6688836812973022,0.6406456232070923,6.516384587484936e-08,0.610202431678772,0.519399881362915,0.03436117619276047,0.5317659378051758,0.45806631445884705,0.035478658974170685,0.4613536298274994,0.45609742403030396,0.03219160810112953,0.4111259877681732,0.47856569290161133,0.02275577373802662,0.49947285652160645,0.4269161522388458,-0.0315091647207737,0.38481900095939636,0.37204980850219727,-0.0526205413043499,0.3154695928096771,0.3544468879699707,-0.05770466849207878,0.2644473910331726,0.3461430072784424,-0.05912529677152634,0.48128291964530945,0.5012319087982178,-0.05873056501150131,0.3538508415222168,0.46342000365257263,-0.07937678694725037,0.31654271483421326,0.4601711332798004,-0.07745960354804993,0.30535462498664856,0.45472484827041626,-0.07306813448667526,0.47422775626182556,0.5895532369613647,-0.08084075897932053,0.345547616481781,0.5524016618728638,-0.10109176486730576,0.2697247862815857,0.5325407385826111,-0.10832691192626953,0.21435680985450745,0.5079070329666138,-0.11277490109205246,0.4773823320865631,0.6766042113304138,-0.09631170332431793,0.37043219804763794,0.6661673188209534,-0.11398714035749435,0.3107130825519562,0.6538910865783691,-0.11771100759506226,0.2615956664085388,0.6345744132995605,-0.11941652745008469
0.6728095412254333,0.6569221019744873,2.801186553824664e-07,0.6120666265487671,0.5330339670181274,0.03372983634471893,0.536462664604187,0.4756333827972412,0.03319953382015228,0.4684430658817291,0.47256284952163696,0.026896677911281586,0.41918689012527466,0.4910122752189636,0.013976749032735825,0.4970460534095764,0.4517238736152649,-0.032297998666763306,0.38101503252983093,0.3974858820438385,-0.05268224701285362,0.31508660316467285,0.37650373578071594,-0.05876625329256058,0.26790884137153625,0.3651905655860901,-0.06101514771580696,0.4798266589641571,0.5266355872154236,-0.06022424250841141,0.35356712341308594,0.47717395424842834,-0.07644062489271164,0.2927682399749756,0.4525562524795532,-0.07795394957065582,0.2556421756744385,0.4325520396232605,-0.07920987904071808,0.47366347908973694,0.6141314506530762,-0.08274677395820618,0.34392064809799194,0.5793250203132629,-0.09644429385662079,0.2731632888317108,0.560749888420105,-0.10270529985427856,0.2242175191640854,0.5404157638549805,-0.10873229801654816,0.48015543818473816,0.7029330730438232,-0.09982098639011383,0.3740787208080292,0.6966625452041626,-0.11525462567806244,0.31353840231895447,0.6882408857345581,-0.1200520396232605,0.26348793506622314,0.6735059022903442,-0.1227363720536232
0.66609126329422,0.7262158989906311,2.1869281852104905e-07,0.5893992185592651,0.6163890361785889,0.02347586303949356,0.50678551197052,0.5692571997642517,0.01413161214441061,0.4387305676937103,0.5743834376335144,0.0006629411946050823,0.39075806736946106,0.6037616729736328,-0.018982011824846268,0.4736226499080658,0.5616032481193542,-0.04701761528849602,0.35307127237319946,0.5375994443893433,-0.07436501979827881,0.2929578125476837,0.5319478511810303,-0.0863875150680542,0.2521330714225769,0.5345339775085449,-0.09215621650218964,0.46825605630874634,0.6405491828918457,-0.0738762617111206,0.34089773893356323,0.6114877462387085,-0.095346599817276,0.2757122814655304,0.6031020879745483,-0.10194876790046692,0.2327820062637329,0.6021652221679688,-0.10744195431470871,0.47362789511680603,0.7291340231895447,-0.09581796079874039,0.3436814546585083,0.7172718644142151,-0.11245767027139664,0.27467066049575806,0.7123450636863708,-0.11910084635019302,0.22618243098258972,0.7082492113113403,-0.12580713629722595,0.48975908756256104,0.8172318935394287,-0.11339593678712845,0.3839110732078552,0.8309372067451477,-0.1300487369298935,0.32413387298583984,0.8350479006767273,-0.1345595419406891,0.2734012305736542,0.8327723145484924,-0.13740748167037964
0.6495912075042725,0.7673967480659485,1.6411983949637943e-07,0.5714805722236633,0.670629620552063,0.02091941609978676,0.48483186960220337,0.6349194049835205,0.012010072357952595,0.41323596239089966,0.6457986235618591,6.52884118608199e-05,0.3633405864238739,0.6783881187438965,-0.016756955534219742,0.4605531692504883,0.6202499270439148,-0.04765892028808594,0.34286415576934814,0.6029506921768188,-0.0735534206032753,0.28114384412765503,0.6180384755134583,-0.08257252722978592,0.2408428192138672,0.6395432949066162,-0.08596108853816986,0.46122288703918457,0.6960145235061646,-0.07178128510713577,0.33169832825660706,0.6807259321212769,-0.09220711141824722,0.2641983926296234,0.6903723478317261,-0.0949174091219902,0.22274349629878998,0.702098548412323,-0.09751081466674805,0.46969810128211975,0.7824276089668274,-0.09159309417009354,0.33954399824142456,0.7810434699058533,-0.10810834914445877,0.26845747232437134,0.7864341735839844,-0.1132778525352478,0.22162239253520966,0.7907662987709045,-0.1184074655175209,0.48548075556755066,0.8691014647483826,-0.10712467133998871,0.3807052969932556,0.8952946066856384,-0.12479130178689957,0.3184574246406555,0.9073171615600586,-0.13056404888629913,0.2683056592941284,0.9143931865692139,-0.1340087503194809
0.6404731869697571,0.8090904355049133,1.741647253084011e-07,0.5609522461891174,0.7279951572418213,0.01571764424443245,0.47295090556144714,0.7030200362205505,0.00383592932485044,0.404340922832489,0.7246316075325012,-0.010301533155143261,0.36069178581237793,0.7676156759262085,-0.02897396869957447,0.4474779963493347,0.6908447742462158,-0.050322696566581726,0.32896900177001953,0.6944023966789246,-0.077415332198143,0.2655763626098633,0.718389093875885,-0.08859310299158096,0.2228519171476364,0.7458623051643372,-0.0930369570851326,0.452191561460495,0.7656326293945312,-0.07124637812376022,0.3252407908439636,0.7740888595581055,-0.09134559333324432,0.263660728931427,0.7908356189727783,-0.09439902752637863,0.22603049874305725,0.8071632981300354,-0.09643116593360901,0.4640929102897644,0.848433256149292,-0.08780243992805481,0.34250447154045105,0.8761862516403198,-0.09945826977491379,0.27723467350006104,0.8957370519638062,-0.099588543176651,0.23358018696308136,0.9090481400489807,-0.10147450864315033,0.4835139214992523,0.9269198179244995,-0.10132338851690292,0.3870459198951721,0.9653451442718506,-0.10973372310400009,0.33233100175857544,0.982985258102417,-0.10781367123126984,0.2883434593677521,0.993112325668335,-0.10620634257793427
