0.420741468667984,0.7059106826782227,1.950067769485031e-07,0.41372227668762207,0.6597404479980469,-0.012276213616132736,0.40967071056365967,0.6128607988357544,-0.01992144249379635,0.4108574092388153,0.5720115900039673,-0.026239527389407158,0.411348432302475,0.5371689796447754,-0.03287392109632492,0.40834158658981323,0.6136599779129028,-0.023383039981126785,0.399565190076828,0.5725106000900269,-0.04283707216382027,0.39548322558403015,0.5355168581008911,-0.05658561363816261,0.39439886808395386,0.5028232336044312,-0.06546542048454285,0.4083101451396942,0.6174522042274475,-0.02478954754769802,0.39980947971343994,0.5741472840309143,-0.044076766818761826,0.3958222270011902,0.5321542620658875,-0.05564044788479805,0.3943750262260437,0.4941757917404175,-0.06335790455341339,0.409243643283844,0.6236070394515991,-0.02731357142329216,0.4032573699951172,0.5820838212966919,-0.04502485692501068,0.39992767572402954,0.5454628467559814,-0.052250057458877563,0.3982669413089752,0.5133885145187378,-0.05564308911561966,0.4106006324291229,0.6332592964172363,-0.03078630566596985,0.40804409980773926,0.6012311577796936,-0.045454274863004684,0.4077841639518738,0.5748730301856995,-0.051634810864925385,0.40822914242744446,0.5512885451316833,-0.055019017308950424
0.43201977014541626,0.6865479350090027,3.294066175385524e-07,0.4238945245742798,0.6432346701622009,0.0003116241132374853,0.41943246126174927,0.6058302521705627,-0.007111667189747095,0.4182984232902527,0.5748570561408997,-0.015395179390907288,0.4150601029396057,0.5473815202713013,-0.02557295560836792,0.4213241934776306,0.5916621088981628,-0.025885822251439095,0.41972616314888,0.5466879606246948,-0.046107545495033264,0.41851288080215454,0.5088132619857788,-0.060420725494623184,0.4177858829498291,0.4753252863883972,-0.07052775472402573,0.4236002564430237,0.5983484387397766,-0.03673736751079559,0.4263661503791809,0.5473635196685791,-0.05745641887187958,0.42708462476730347,0.5036014318466187,-0.07227180153131485,0.4282054305076599,0.46499884128570557,-0.08300510793924332,0.42751672863960266,0.6115652918815613,-0.04637492448091507,0.42899712920188904,0.5630800724029541,-0.06550847738981247,0.43009302020072937,0.5227648615837097,-0.07721677422523499,0.4317307472229004,0.4862264394760132,-0.08536911010742188,0.4320037364959717,0.6293348073959351,-0.05505271255970001,0.4328441917896271,0.6027814149856567,-0.07228440046310425,0.4312964975833893,0.579376757144928,-0.08024394512176514,0.4309896230697632,0.5554867386817932,-0.08570832759141922
0.44090819358825684,0.6644446849822998,3.1612520956514345e-07,0.4321419596672058,0.6152319312095642,0.006984141655266285,0.4257461130619049,0.5765854120254517,0.0016878052847459912,0.42274701595306396,0.5452613830566406,-0.005943039432168007,0.42014065384864807,0.5179456472396851,-0.015708349645137787,0.4213579595088959,0.5700443983078003,-0.022478390485048294,0.41913720965385437,0.5247742533683777,-0.04233258217573166,0.41752898693084717,0.4867038130760193,-0.05614345520734787,0.41739025712013245,0.4533090591430664,-0.06594371795654297,0.42455175518989563,0.5785719752311707,-0.0370628647506237,0.4269363582134247,0.5288493633270264,-0.059034720063209534,0.42906653881073,0.4854312837123871,-0.07423900812864304,0.43212005496025085,0.4481413662433624,-0.08476924896240234,0.4318857491016388,0.5950452089309692,-0.04948130622506142,0.4328950345516205,0.5462002754211426,-0.07032139599323273,0.43460097908973694,0.5087134838104248,-0.08267781883478165,0.43653109669685364,0.4745175838470459,-0.09074170142412186,0.44244185090065,0.6157100796699524,-0.06013458967208862,0.4442056715488434,0.5923430919647217,-0.0790020152926445,0.4438030421733856,0.5720529556274414,-0.08707066625356674,0.44417017698287964,0.5515660643577576,-0.09204952418804169
0.4449746012687683,0.643946647644043,3.108725934453105e-07,0.43927252292633057,0.5951089262962341,0.0009353092173114419,0.43532124161720276,0.5457311868667603,-0.004404671955853701,0.43335673213005066,0.5079279541969299,-0.011156504042446613,0.4324265420436859,0.47526538372039795,-0.019667359068989754,0.43114885687828064,0.5446906089782715,-0.018941685557365417,0.43000540137290955,0.5000264048576355,-0.03650132566690445,0.4294325113296509,0.4628760814666748,-0.04859859123826027,0.4296458959579468,0.43062418699264526,-0.05702017992734909,0.4333309829235077,0.555018424987793,-0.029789557680487633,0.4351305365562439,0.5060722827911377,-0.04740962013602257,0.4370269775390625,0.46417683362960815,-0.059811390936374664,0.4392385482788086,0.42733442783355713,-0.06847713142633438,0.4403427839279175,0.5707735419273376,-0.03985008969902992,0.44192081689834595,0.5230745673179626,-0.05666932463645935,0.4444655478000641,0.4862360656261444,-0.0661594569683075,0.44618096947669983,0.45168977975845337,-0.0724211186170578,0.4507640302181244,0.5898807048797607,-0.04925864189863205,0.4528382420539856,0.56387859582901,-0.06397504359483719,0.45332589745521545,0.5416813492774963,-0.06987792253494263,0.4545113444328308,0.5201067328453064,-0.07366994768381119
0.44739770889282227,0.6304673552513123,3.1685536328041053e-07,0.44009479880332947,0.5826998949050903,0.0024494528770446777,0.43526047468185425,0.5359318256378174,-0.0038529811426997185,0.4333893060684204,0.49912673234939575,-0.01144335325807333,0.43072202801704407,0.4682199954986572,-0.021065928041934967,0.43179675936698914,0.532719075679779,-0.02756175398826599,0.4304967224597931,0.4854322671890259,-0.048240676522254944,0.42846307158470154,0.4461658000946045,-0.061683934181928635,0.42794835567474365,0.4122147560119629,-0.07109490782022476,0.4351058602333069,0.5428357124328613,-0.040560510009527206,0.4354262948036194,0.49031534790992737,-0.06338570266962051,0.434069961309433,0.4455161690711975,-0.07849490642547607,0.4339851438999176,0.40616583824157715,-0.08904781937599182,0.4423522353172302,0.5606857538223267,-0.05178939178586006,0.444781631231308,0.5119930505752563,-0.07278206199407578,0.446118026971817,0.4753989279270172,-0.08403283357620239,0.447174996137619,0.4409337043762207,-0.09144359827041626,0.45257043838500977,0.5837236046791077,-0.06187429279088974,0.45580413937568665,0.5586676597595215,-0.08116816729307175,0.4566980302333832,0.5368912220001221,-0.08929966390132904,0.45778822898864746,0.5144526958465576,-0.09443428367376328
0.44687986373901367,0.6159848570823669,3.049708539037965e-07,0.44091659784317017,0.5688701272010803,0.003145298222079873,0.4358120560646057,0.5236632227897644,-0.0029256348498165607,0.43366149067878723,0.48786816000938416,-0.010319013148546219,0.4305756092071533,0.45780330896377563,-0.019772546365857124,0.4309530258178711,0.5175620913505554,-0.027275554835796356,0.4285980761051178,0.4713878929615021,-0.04752492532134056,0.426099568605423,0.4339628219604492,-0.06054237112402916,0.4250113368034363,0.4011869430541992,-0.06976815313100815,0.4344436526298523,0.5278631448745728,-0.04040267691016197,0.43518924713134766,0.47713637351989746,-0.0632372573018074,0.4341035485267639,0.4346177577972412,-0.07755379378795624,0.4339756667613983,0.39740127325057983,-0.08754321932792664,0.44160300493240356,0.5464596748352051,-0.05174238979816437,0.4450092315673828,0.4997028410434723,-0.07221154868602753,0.44623711705207825,0.46362215280532837,-0.0819096788764,0.4469009041786194,0.4296397566795349,-0.0883733257651329,0.4510723054409027,0.5699286460876465,-0.06196073442697525,0.4547331631183624,0.5451422333717346,-0.0808648020029068,0.4559420645236969,0.5227601528167725,-0.08819958567619324,0.4570186138153076,0.4995909333229065,-0.09283168613910675
0.44415798783302307,0.6126967072486877,2.850300404588779e-07,0.4408392608165741,0.564533531665802,0.002406590385362506,0.4373185932636261,0.5164587497711182,-0.0031257683876901865,0.4357104003429413,0.4791346490383148,-0.009961554780602455,0.43368858098983765,0.44711774587631226,-0.018787534907460213,0.4317910373210907,0.5121837854385376,-0.024523602798581123,0.42929595708847046,0.46562138199806213,-0.043898455798625946,0.42715519666671753,0.4283433258533478,-0.056242816150188446,0.4272027313709259,0.3961981236934662,-0.06481998413801193,0.43400803208351135,0.5230574607849121,-0.03674813732504845,0.43365752696990967,0.47295016050338745,-0.05692165344953537,0.43390220403671265,0.4318110942840576,-0.0696524903178215,0.435531347990036,0.39556992053985596,-0.07861359417438507,0.44026124477386475,0.5424208045005798,-0.047695476561784744,0.4429778456687927,0.4960838556289673,-0.0667162537574768,0.4452817440032959,0.4613504707813263,-0.07628381252288818,0.44703927636146545,0.42881321907043457,-0.08262230455875397,0.4490562975406647,0.567231297492981,-0.05763956531882286,0.452984094619751,0.5432215929031372,-0.07560025900602341,0.4552527368068695,0.5215882658958435,-0.08292512595653534,0.45727911591529846,0.4996914267539978,-0.08759556710720062
0.44021421670913696,0.6089956164360046,2.6782942086356343e-07,0.432034969329834,0.562022864818573,0.0001234477385878563,0.42776253819465637,0.512505054473877,-0.005124862305819988,0.4265676438808441,0.47380518913269043,-0.011399366892874241,0.426313579082489,0.44262024760246277,-0.019351745024323463,0.4249250888824463,0.5083691477775574,-0.0216975137591362,0.42456451058387756,0.4607802927494049,-0.039188653230667114,0.42338576912879944,0.4241786599159241,-0.05034124106168747,0.4237065613269806,0.39234328269958496,-0.05813566967844963,0.4283278286457062,0.519080638885498,-0.0319143682718277,0.4298613965511322,0.46926331520080566,-0.04947805032134056,0.43002966046333313,0.42891475558280945,-0.06070462614297867,0.4317467510700226,0.3920416533946991,-0.06863430887460709,0.43564099073410034,0.5366711616516113,-0.041417986154556274,0.439106285572052,0.48998284339904785,-0.0584598183631897,0.4414248466491699,0.45561957359313965,-0.0674222782254219,0.4436093270778656,0.42352092266082764,-0.07328778505325317,0.4462396502494812,0.559234619140625,-0.05030057579278946,0.4489164650440216,0.5335831642150879,-0.0665191113948822,0.4510861337184906,0.5135155320167542,-0.07325684279203415,0.45388299226760864,0.49402105808258057,-0.0774507150053978
0.4375038146972656,0.6117925047874451,2.561646681442653e-07,0.4281958043575287,0.5650959014892578,0.0006600022898055613,0.42396825551986694,0.5134302973747253,-0.004297191742807627,0.42235618829727173,0.4727626144886017,-0.010250804014503956,0.4199787378311157,0.4401555359363556,-0.017996635288000107,0.4234682023525238,0.509854793548584,-0.022873155772686005,0.42201584577560425,0.46109864115715027,-0.04085543751716614,0.42027953267097473,0.4238608479499817,-0.052203454077243805,0.4198441803455353,0.39150989055633545,-0.05992389842867851,0.427273154258728,0.520849883556366,-0.03324568644165993,0.42898714542388916,0.46905243396759033,-0.05120404437184334,0.42896217107772827,0.4274735152721405,-0.06248994171619415,0.4299999475479126,0.38996952772140503,-0.07042898237705231,0.43460652232170105,0.5385488867759705,-0.04272302985191345,0.43917617201805115,0.48997771739959717,-0.05977359786629677,0.44068169593811035,0.4544856548309326,-0.06835559010505676,0.44161099195480347,0.42237821221351624,-0.07385391741991043,0.4444526135921478,0.5613523721694946,-0.051502782851457596,0.44771677255630493,0.5329505801200867,-0.06749717146158218,0.44941282272338867,0.5108450651168823,-0.0738425925374031,0.4512372612953186,0.4896511137485504,-0.07773198187351227
0.43925535678863525,0.606231153011322,2.42392133031899e-07,0.43043991923332214,0.5590327978134155,0.0019889927934855223,0.42550909519195557,0.5097241401672363,-0.002501178067177534,0.4230995774269104,0.47080111503601074,-0.008250459097325802,0.42020100355148315,0.43912965059280396,-0.015796000137925148,0.4233725368976593,0.5038812160491943,-0.021630968898534775,0.4219975173473358,0.45673036575317383,-0.03907648101449013,0.41982999444007874,0.42082419991493225,-0.05003270134329796,0.4188012480735779,0.3898557722568512,-0.057588811963796616,0.42672330141067505,0.514343798160553,-0.03259284794330597,0.4279455244541168,0.46375101804733276,-0.0502321794629097,0.42796841263771057,0.42339062690734863,-0.06116863712668419,0.42908504605293274,0.3878340721130371,-0.06886646151542664,0.43384963274002075,0.5325528383255005,-0.04255537688732147,0.43734240531921387,0.48517659306526184,-0.05950285866856575,0.4389626085758209,0.45083916187286377,-0.06822632998228073,0.44029489159584045,0.4195137321949005,-0.07394371181726456,0.4437969923019409,0.5564266443252563,-0.05165631324052811,0.44698405265808105,0.5306829810142517,-0.06803670525550842,0.4489564001560211,0.509750247001648,-0.07480303198099136,0.4513315260410309,0.4891938865184784,-0.07894118875265121
0.43838077783584595,0.6115380525588989,2.4345413862647547e-07,0.43024852871894836,0.565517783164978,0.0018702017841860652,0.4252818524837494,0.5158380270004272,-0.0028549591079354286,0.422951340675354,0.47654637694358826,-0.008759255520999432,0.4196914732456207,0.44414132833480835,-0.016444483771920204,0.42397549748420715,0.509233295917511,-0.02157822623848915,0.4218258559703827,0.4605838358402252,-0.03917131945490837,0.42006176710128784,0.42377912998199463,-0.05031055957078934,0.4197923243045807,0.39179670810699463,-0.05799103528261185,0.42691412568092346,0.5196730494499207,-0.03258900344371796,0.42740535736083984,0.4675571322441101,-0.05023031309247017,0.4274294376373291,0.42597073316574097,-0.06149282678961754,0.42886659502983093,0.38854438066482544,-0.06946692615747452,0.4333566427230835,0.5375747680664062,-0.04261897876858711,0.43676406145095825,0.4879707098007202,-0.05964269861578941,0.43861159682273865,0.4522364139556885,-0.0685620903968811,0.4403756260871887,0.4194514751434326,-0.07440736889839172,0.44253745675086975,0.5607353448867798,-0.05178600549697876,0.4454270601272583,0.5332238078117371,-0.06830403953790665,0.4471246600151062,0.5118492245674133,-0.07508699595928192,0.44897302985191345,0.4905695617198944,-0.07923223823308945
0.4434874951839447,0.6238029599189758,2.387565984918183e-07,0.43372777104377747,0.5783985257148743,0.0005184533656574786,0.4270792007446289,0.5285977125167847,-0.005380378570407629,0.42480647563934326,0.4884472191333771,-0.01224607415497303,0.4212939739227295,0.45491498708724976,-0.02069765515625477,0.42336198687553406,0.5224904417991638,-0.024508871138095856,0.4214151203632355,0.4722732603549957,-0.043561968952417374,0.4195447564125061,0.43402618169784546,-0.05569428578019142,0.4192705750465393,0.4010714590549469,-0.06404261291027069,0.4269047677516937,0.5323625802993774,-0.035071827471256256,0.4271526336669922,0.47844040393829346,-0.05451530963182449,0.42720580101013184,0.4352174699306488,-0.06677719950675964,0.42877569794654846,0.3961593210697174,-0.07537051290273666,0.43495622277259827,0.5490641593933105,-0.044648829847574234,0.4374649226665497,0.4975629448890686,-0.06264221668243408,0.43929165601730347,0.4615570306777954,-0.07190803438425064,0.4408648610115051,0.42901739478111267,-0.07794125378131866,0.4467971622943878,0.5706608295440674,-0.053517673164606094,0.44949400424957275,0.5414451956748962,-0.07033632695674896,0.4501054286956787,0.5187562108039856,-0.07760624587535858,0.45075687766075134,0.4963831603527069,-0.08218356966972351
0.44309428334236145,0.6255828142166138,2.779369197014603e-07,0.43668097257614136,0.5801494121551514,0.0026914121117442846,0.4302128851413727,0.5316930413246155,-0.003779204562306404,0.42765626311302185,0.4927098751068115,-0.011522685177624226,0.4242607355117798,0.4606472849845886,-0.02133874222636223,0.4258953034877777,0.523912250995636,-0.02899099886417389,0.42354366183280945,0.47396793961524963,-0.04988265037536621,0.42157208919525146,0.43578529357910156,-0.0630384087562561,0.4214092493057251,0.4021463394165039,-0.07241227477788925,0.42893433570861816,0.5336488485336304,-0.041851695626974106,0.42835044860839844,0.47994834184646606,-0.06532854586839676,0.4280145764350891,0.4351530373096466,-0.07985897362232208,0.4290884733200073,0.39494121074676514,-0.09006915986537933,0.43666061758995056,0.5504589676856995,-0.053052425384521484,0.4374961256980896,0.4993126094341278,-0.07400733977556229,0.4387129247188568,0.4620029032230377,-0.0844668298959732,0.440397709608078,0.4275714159011841,-0.09146958589553833,0.4483579695224762,0.5712624788284302,-0.06316930800676346,0.4498647451400757,0.5432069301605225,-0.08321334421634674,0.4505420923233032,0.5202350616455078,-0.09213335812091827,0.4516168236732483,0.49670901894569397,-0.09792877733707428
0.4451162815093994,0.6289678812026978,2.698305365811393e-07,0.4366723597049713,0.5827792286872864,0.003990616649389267,0.4298008978366852,0.5339797735214233,-0.0016017323359847069,0.42671799659729004,0.4946020245552063,-0.00876021757721901,0.4238680303096771,0.46255922317504883,-0.017969779670238495,0.42694833874702454,0.5264967083930969,-0.026480356231331825,0.4244154393672943,0.4769926965236664,-0.046455126255750656,0.4219130575656891,0.43812891840934753,-0.05881528928875923,0.4217323660850525,0.404275119304657,-0.06754279136657715,0.43005213141441345,0.5360849499702454,-0.03976037725806236,0.42964014410972595,0.48161256313323975,-0.062447439879179,0.42886877059936523,0.4362277686595917,-0.07661149650812149,0.4299212098121643,0.3963008522987366,-0.08643456548452377,0.4379410147666931,0.5530864596366882,-0.05125047266483307,0.4393993616104126,0.5013594627380371,-0.07142557203769684,0.44041311740875244,0.4635081887245178,-0.08132537454366684,0.4417954087257385,0.4293087124824524,-0.08780238032341003,0.4494188725948334,0.5745519399642944,-0.06158282980322838,0.45137470960617065,0.545077383518219,-0.0805225744843483,0.4523518979549408,0.5213971734046936,-0.08861836045980453,0.4537167251110077,0.4976867735385895,-0.09372156858444214
0.4448787569999695,0.6245673298835754,2.901438733715622e-07,0.436284601688385,0.5758688449859619,0.0032998514361679554,0.4295824468135834,0.5272021293640137,-0.002658044919371605,0.4262638986110687,0.48811930418014526,-0.010178505443036556,0.42255380749702454,0.4559333920478821,-0.019805844873189926,0.4272369146347046,0.522127628326416,-0.02702791802585125,0.424640953540802,0.47310537099838257,-0.04776494577527046,0.42258355021476746,0.43502551317214966,-0.06065233796834946,0.4228808879852295,0.40169835090637207,-0.06963777542114258,0.4306896924972534,0.5328444242477417,-0.04028400406241417,0.42999786138534546,0.4794099032878876,-0.06334476172924042,0.4299647808074951,0.4349818527698517,-0.07750264555215836,0.4318294823169708,0.3960570991039276,-0.08719219267368317,0.4390927851200104,0.5512579679489136,-0.05193391442298889,0.43983495235443115,0.5006260871887207,-0.07275281101465225,0.4408136308193207,0.46326708793640137,-0.08285383135080338,0.44227492809295654,0.42877185344696045,-0.0893573984503746,0.45118626952171326,0.574280321598053,-0.06246659532189369,0.452608585357666,0.5469347238540649,-0.08202977478504181,0.4527992606163025,0.5237029194831848,-0.09030045568943024,0.4536049962043762,0.49976131319999695,-0.09542839974164963
0.4454721510410309,0.6164776086807251,2.606253417525295e-07,0.4364812970161438,0.5684576630592346,0.0027573099359869957,0.430493026971817,0.5193173289299011,-0.0017810894642025232,0.42726871371269226,0.4815167188644409,-0.007860120385885239,0.42385733127593994,0.450666218996048,-0.015639226883649826,0.4284628629684448,0.5141955018043518,-0.02072863094508648,0.42744970321655273,0.4676043391227722,-0.038648705929517746,0.4259054958820343,0.4315723478794098,-0.050046566873788834,0.4262349605560303,0.4004487991333008,-0.05802776664495468,0.4319922924041748,0.5237877368927002,-0.032508134841918945,0.4325971305370331,0.4731488823890686,-0.051611483097076416,0.43250060081481934,0.4315136969089508,-0.06398726254701614,0.4340422749519348,0.3942491114139557,-0.07262980192899704,0.4396066665649414,0.5412081480026245,-0.043176449835300446,0.442201167345047,0.4938398599624634,-0.06118080019950867,0.443767249584198,0.45915529131889343,-0.0705895870923996,0.4453786611557007,0.4268271327018738,-0.0767567902803421,0.45054805278778076,0.5636801719665527,-0.052941687405109406,0.4534195363521576,0.5380828380584717,-0.07015355676412582,0.45497965812683105,0.5173186659812927,-0.07745110988616943,0.4569450318813324,0.49617692828178406,-0.08198695629835129
0.45352688431739807,0.6071714758872986,2.7207642006032984e-07,0.44459155201911926,0.5638267993927002,0.0019288125913590193,0.4378507435321808,0.5170862674713135,-0.0032742717303335667,0.43589693307876587,0.47886359691619873,-0.009767836891114712,0.4337722063064575,0.4487314820289612,-0.017938237637281418,0.43243250250816345,0.5091299414634705,-0.023444386199116707,0.43010157346725464,0.45902398228645325,-0.04180939495563507,0.42835143208503723,0.4214777946472168,-0.05332613363862038,0.42869460582733154,0.38933640718460083,-0.061346784234046936,0.4356123208999634,0.517342746257782,-0.03455068916082382,0.4337652623653412,0.46465662121772766,-0.05422290787100792,0.43452027440071106,0.42244476079940796,-0.06660816073417664,0.4373219907283783,0.3855382204055786,-0.07512300461530685,0.44384658336639404,0.5333486795425415,-0.044403813779354095,0.4439256191253662,0.48314329981803894,-0.06274024397134781,0.4462537169456482,0.44850262999534607,-0.0728708878159523,0.4488598704338074,0.41697853803634644,-0.07955674082040787,0.4562109708786011,0.5544825792312622,-0.053327206522226334,0.45840322971343994,0.5300331711769104,-0.0711805447936058,0.4594895541667938,0.5089192986488342,-0.07966551929712296,0.46124231815338135,0.4874386787414551,-0.08502936363220215
0.45202335715293884,0.6067081689834595,2.7532803414942464e-07,0.44420844316482544,0.5642169117927551,0.0013765129260718822,0.43758344650268555,0.5167807936668396,-0.0047444552183151245,0.43588924407958984,0.4776972532272339,-0.011899285018444061,0.43370702862739563,0.446769118309021,-0.020981570705771446,0.43447157740592957,0.5063404440879822,-0.027038317173719406,0.43300557136535645,0.45828330516815186,-0.04689671844244003,0.43102091550827026,0.42121416330337524,-0.05963969603180885,0.43081793189048767,0.3889589309692383,-0.0687074288725853,0.437417209148407,0.5155476927757263,-0.03855762258172035,0.4366649091243744,0.4648178517818451,-0.060359735041856766,0.4364837110042572,0.4225841462612152,-0.07411426305770874,0.438085675239563,0.3850032687187195,-0.08379767090082169,0.44486546516418457,0.5321981310844421,-0.048729460686445236,0.44623422622680664,0.484718918800354,-0.0692281499505043,0.44792917370796204,0.4493085741996765,-0.0802505761384964,0.4499898850917816,0.4169064164161682,-0.08748787641525269,0.4557860493659973,0.5533348917961121,-0.057879868894815445,0.4582057297229767,0.5274515748023987,-0.0775878056883812,0.45986106991767883,0.5065528750419617,-0.08669614046812057,0.46193379163742065,0.48481297492980957,-0.09254737943410873
0.45194050669670105,0.6010341644287109,2.7546684577828273e-07,0.4441468417644501,0.5567923784255981,0.0027082436718046665,0.4376213848590851,0.5102353096008301,-0.0029662740416824818,0.4352630376815796,0.47196733951568604,-0.00994803011417389,0.432368665933609,0.44086140394210815,-0.01886730082333088,0.43470343947410583,0.5005284547805786,-0.0259749386459589,0.4328674376010895,0.4517372250556946,-0.04569875821471214,0.43101608753204346,0.41419610381126404,-0.05799787864089012,0.4311597943305969,0.38218581676483154,-0.06651849299669266,0.438195139169693,0.5097880363464355,-0.037957411259412766,0.43773695826530457,0.45891401171684265,-0.05909645929932594,0.4379657506942749,0.41725125908851624,-0.07196391373872757,0.4400237500667572,0.3808336555957794,-0.08089160919189453,0.4460636079311371,0.5271039605140686,-0.04851272702217102,0.44735080003738403,0.48010075092315674,-0.06840724498033524,0.44851401448249817,0.44499313831329346,-0.07869978994131088,0.4502602219581604,0.41306716203689575,-0.0853949561715126,0.45713984966278076,0.5496855974197388,-0.05790947005152702,0.4596022069454193,0.524510383605957,-0.07699421793222427,0.4609352648258209,0.5036077499389648,-0.0853966772556305,0.4629177153110504,0.482136994600296,-0.09063652902841568
0.4518304765224457,0.6023725867271423,2.5684562388050836e-07,0.4436114430427551,0.556955099105835,0.003165178932249546,0.4371686279773712,0.510546088218689,-0.0026636968832463026,0.4347448945045471,0.47288981080055237,-0.009801248088479042,0.4315735995769501,0.441783607006073,-0.018860194832086563,0.4342676103115082,0.5003166794776917,-0.026726730167865753,0.4328060746192932,0.4524794816970825,-0.04717728868126869,0.4321800470352173,0.41540390253067017,-0.060302734375,0.4336044192314148,0.3837502598762512,-0.06937218457460403,0.43764591217041016,0.5102047920227051,-0.03906141221523285,0.43755224347114563,0.4603312611579895,-0.060960154980421066,0.43783149123191833,0.4192563593387604,-0.0744403824210167,0.4398899972438812,0.3837178349494934,-0.08377585560083389,0.44549909234046936,0.527977466583252,-0.049889206886291504,0.4476568400859833,0.48141947388648987,-0.07054422050714493,0.4493493139743805,0.4465635120868683,-0.08132480829954147,0.4514281153678894,0.4152030944824219,-0.08824315667152405,0.4565967321395874,0.550780713558197,-0.0594492107629776,0.45935073494911194,0.5255420804023743,-0.07928311079740524,0.46066993474960327,0.5049168467521667,-0.08805672824382782,0.4622708559036255,0.4839191436767578,-0.09344792366027832
0.45496317744255066,0.6042687892913818,2.449276905736042e-07,0.4454827606678009,0.5609551668167114,0.00256156618706882,0.4374144971370697,0.5140731930732727,-0.002145446138456464,0.4344256818294525,0.4761706590652466,-0.008233937434852123,0.43198201060295105,0.44560226798057556,-0.015914082527160645,0.43435245752334595,0.5044492483139038,-0.020989881828427315,0.4325547218322754,0.45552539825439453,-0.03923243656754494,0.4314292073249817,0.41793960332870483,-0.05126344412565231,0.43254077434539795,0.3857109248638153,-0.05955462530255318,0.43844640254974365,0.5124896168708801,-0.0319853313267231,0.4369995594024658,0.4614037275314331,-0.05086208134889603,0.4365918040275574,0.4196253716945648,-0.06324492394924164,0.43827006220817566,0.38261961936950684,-0.07178467512130737,0.4470706582069397,0.5277417898178101,-0.04186677187681198,0.44725480675697327,0.48059651255607605,-0.05997613072395325,0.4484187066555023,0.44614243507385254,-0.06983140110969543,0.4500245451927185,0.41478830575942993,-0.07606453448534012,0.45916593074798584,0.5477458238601685,-0.05076523870229721,0.4606087803840637,0.5224387049674988,-0.06825549155473709,0.4616169035434723,0.5022751688957214,-0.0759071558713913,0.46306565403938293,0.48160886764526367,-0.08046305924654007
0.4548659324645996,0.5989127159118652,2.7312444217386656e-07,0.4453618824481964,0.5580361485481262,-0.0004590926691889763,0.4381812512874603,0.5104790329933167,-0.005905698984861374,0.43624234199523926,0.4713670611381531,-0.012164454907178879,0.43447262048721313,0.44020646810531616,-0.01974923349916935,0.43539026379585266,0.4995969831943512,-0.021785305812954903,0.4342688322067261,0.4508976340293884,-0.0395839661359787,0.43270158767700195,0.41428065299987793,-0.051109589636325836,0.43309202790260315,0.38286498188972473,-0.05910598859190941,0.43927299976348877,0.5069663524627686,-0.03128637745976448,0.43865519762039185,0.45693647861480713,-0.049864623695611954,0.43855953216552734,0.416118860244751,-0.061984263360500336,0.44049859046936035,0.3797222375869751,-0.07035287469625473,0.4474380314350128,0.5216111540794373,-0.04002103582024574,0.44883352518081665,0.4758124053478241,-0.057984765619039536,0.4503099024295807,0.44261476397514343,-0.06775713711977005,0.45191097259521484,0.4119197726249695,-0.07400842756032944,0.45910677313804626,0.5412249565124512,-0.048095930367708206,0.46233677864074707,0.5172451734542847,-0.06534925848245621,0.463876336812973,0.49846768379211426,-0.07299742102622986,0.4653068780899048,0.478993684053421,-0.07764671742916107
0.4585930109024048,0.5962240099906921,2.490839392521593e-07,0.4499407112598419,0.5538490414619446,0.0009307197178713977,0.44367650151252747,0.5059152245521545,-0.0032722598407417536,0.44162628054618835,0.4671615958213806,-0.008694330230355263,0.4397830069065094,0.437254935503006,-0.015415448695421219,0.4398614168167114,0.49782276153564453,-0.018358854576945305,0.43830606341362,0.44874221086502075,-0.03473827615380287,0.436631441116333,0.4121817946434021,-0.04546457901597023,0.4366718530654907,0.3806843161582947,-0.05295736342668533,0.4439871907234192,0.5047818422317505,-0.027995433658361435,0.44278544187545776,0.45409515500068665,-0.04500827193260193,0.442180335521698,0.4134390950202942,-0.05662262812256813,0.44333401322364807,0.37695595622062683,-0.06471560150384903,0.45246079564094543,0.5187703967094421,-0.03682553395628929,0.4535003900527954,0.4726159870624542,-0.05362403020262718,0.455314576625824,0.43950945138931274,-0.063247449696064,0.4569591283798218,0.409370094537735,-0.06935109198093414,0.464668869972229,0.5376462340354919,-0.04491963982582092,0.46732980012893677,0.5123800039291382,-0.06117818504571915,0.4687458574771881,0.49327102303504944,-0.06849855929613113,0.4698772132396698,0.47421523928642273,-0.0729309618473053
0.4574022591114044,0.5927631258964539,2.6034729216917185e-07,0.4473932385444641,0.5502308011054993,0.001693436992354691,0.4394221007823944,0.5032838582992554,-0.003599265357479453,0.43628066778182983,0.4648441672325134,-0.010029522702097893,0.4338107407093048,0.43465015292167664,-0.01807122863829136,0.4382493197917938,0.4931381344795227,-0.022659296169877052,0.43700283765792847,0.44525980949401855,-0.041031867265701294,0.43575289845466614,0.40954846143722534,-0.05289718136191368,0.436789870262146,0.37951597571372986,-0.0609256885945797,0.4432083070278168,0.5015692710876465,-0.03310008719563484,0.44329503178596497,0.4521726071834564,-0.05192110687494278,0.443499892950058,0.4126032292842865,-0.06378135830163956,0.4454188644886017,0.3783998191356659,-0.07194837182760239,0.4522762894630432,0.517409086227417,-0.04245797544717789,0.4534870982170105,0.4713698625564575,-0.060411740094423294,0.4544444978237152,0.43827787041664124,-0.06971924751996994,0.45552146434783936,0.40864047408103943,-0.07564208656549454,0.4643792510032654,0.5381768941879272,-0.05085064098238945,0.46721571683883667,0.5134425759315491,-0.06781609356403351,0.46826043725013733,0.4938070774078369,-0.0749460980296135,0.4694422483444214,0.4743385314941406,-0.07921843975782394
0.4561470150947571,0.594346821308136,2.5007034309965093e-07,0.44626086950302124,0.5540663599967957,0.00017721363110467792,0.4383336007595062,0.5082582831382751,-0.005294120404869318,0.43518775701522827,0.47094252705574036,-0.011622709222137928,0.43258044123649597,0.4410971701145172,-0.019318902865052223,0.4376787543296814,0.49635544419288635,-0.022078121080994606,0.43599191308021545,0.4475575089454651,-0.04013760760426521,0.4353163540363312,0.411812424659729,-0.051899977028369904,0.43684127926826477,0.38157498836517334,-0.05978093296289444,0.4430769979953766,0.5034754872322083,-0.031373292207717896,0.442754864692688,0.45319443941116333,-0.04989631474018097,0.44275644421577454,0.41326743364334106,-0.06172983720898628,0.44455650448799133,0.37884292006492615,-0.0697295144200325,0.45242393016815186,0.5183906555175781,-0.03979753702878952,0.45381999015808105,0.4721806049346924,-0.057470861822366714,0.45471590757369995,0.43842875957489014,-0.06688309460878372,0.4556224048137665,0.4085497558116913,-0.07270120084285736,0.4648072421550751,0.538493812084198,-0.04741496220231056,0.467562198638916,0.5135549902915955,-0.06421667337417603,0.468242347240448,0.49362656474113464,-0.07140453904867172,0.46846121549606323,0.47378796339035034,-0.0755799412727356
0.46072760224342346,0.5954375267028809,2.353174579639017e-07,0.4493265450000763,0.5549988150596619,-0.0026986273005604744,0.44233718514442444,0.5075759887695312,-0.008165783248841763,0.43986672163009644,0.4687802493572235,-0.014217499643564224,0.43792182207107544,0.43831387162208557,-0.021175680682063103,0.44006845355033875,0.4981224536895752,-0.01847117207944393,0.4380718171596527,0.4502685070037842,-0.03518442064523697,0.43638312816619873,0.41471052169799805,-0.04639250040054321,0.43636906147003174,0.38446229696273804,-0.05397125706076622,0.4456765949726105,0.5044556260108948,-0.025931434705853462,0.4444062113761902,0.4562031626701355,-0.04258984327316284,0.4427646994590759,0.41630715131759644,-0.05374955013394356,0.4429061710834503,0.3803786337375641,-0.061375100165605545,0.4551878571510315,0.5174463391304016,-0.03325603902339935,0.45626384019851685,0.4730699062347412,-0.04966934770345688,0.45709943771362305,0.4402543306350708,-0.05851303040981293,0.4578000605106354,0.41077661514282227,-0.06383734941482544,0.4677981436252594,0.5357264280319214,-0.04028113931417465,0.4703921973705292,0.510046124458313,-0.05562466382980347,0.47126975655555725,0.4903266131877899,-0.06220027431845665,0.4719462990760803,0.4710501432418823,-0.0659925639629364
0.4575771391391754,0.5909861326217651,2.595869830201991e-07,0.44968971610069275,0.5490307807922363,-0.0032401923090219498,0.4439823627471924,0.5010291934013367,-0.009838836267590523,0.4420567452907562,0.46211153268814087,-0.01670335792005062,0.44033995270729065,0.43137580156326294,-0.0248276274651289,0.44010597467422485,0.4930049180984497,-0.023760434240102768,0.43758463859558105,0.4464251697063446,-0.04210410267114639,0.43529772758483887,0.4113609492778778,-0.054147470742464066,0.43497228622436523,0.3814754784107208,-0.06231577694416046,0.4451194405555725,0.5005154013633728,-0.03172662481665611,0.4444744884967804,0.453305721282959,-0.050028346478939056,0.443206787109375,0.4142758548259735,-0.06162310764193535,0.443578839302063,0.37960511445999146,-0.06962740421295166,0.45402780175209045,0.5151845812797546,-0.03933108225464821,0.4553509056568146,0.47130855917930603,-0.05707404762506485,0.4562123417854309,0.43883225321769714,-0.06613962352275848,0.4568481743335724,0.4093810021877289,-0.0718357041478157,0.46612370014190674,0.5353494882583618,-0.04654410853981972,0.46956154704093933,0.5109695196151733,-0.0630735382437706,0.47045451402664185,0.4913020431995392,-0.06995248049497604,0.47101902961730957,0.47214365005493164,-0.07410696148872375
0.4597438871860504,0.591776430606842,2.4726762148929993e-07,0.4502958059310913,0.5507433414459229,-0.002516525099053979,0.44378897547721863,0.5058416724205017,-0.010120785795152187,0.44150182604789734,0.4690358340740204,-0.018030555918812752,0.43930330872535706,0.43809592723846436,-0.027427788823843002,0.4399358332157135,0.49564874172210693,-0.027403971180319786,0.43731606006622314,0.4486057758331299,-0.04724908992648125,0.43541860580444336,0.4131781756877899,-0.059939317405223846,0.43538764119148254,0.3832952380180359,-0.06862198561429977,0.44545885920524597,0.503044068813324,-0.03651093319058418,0.4459255635738373,0.45489999651908875,-0.057139527052640915,0.44447046518325806,0.4153796434402466,-0.06976436823606491,0.44421881437301636,0.38064417243003845,-0.07848451286554337,0.4543808698654175,0.5180795788764954,-0.044982120394706726,0.45638012886047363,0.47295838594436646,-0.06473957747220993,0.4567776322364807,0.43951958417892456,-0.07491686195135117,0.4566153585910797,0.40900927782058716,-0.08142313361167908,0.4661237895488739,0.5390202403068542,-0.05278987064957619,0.4693833291530609,0.5140600800514221,-0.07168081402778625,0.4696832597255707,0.4932727813720703,-0.0800144299864769,0.46937012672424316,0.4726014733314514,-0.08514951169490814
0.4601244330406189,0.590905487537384,2.8846994837294915e-07,0.4534358084201813,0.5497203469276428,-0.0023722336627542973,0.44651952385902405,0.5076869130134583,-0.013158957473933697,0.44436365365982056,0.4717356562614441,-0.02396148256957531,0.4408569037914276,0.44033288955688477,-0.03709594905376434,0.4414823055267334,0.4952974319458008,-0.04288456216454506,0.4386177062988281,0.4491243362426758,-0.06938894093036652,0.43575915694236755,0.41337093710899353,-0.08635623008012772,0.4352906346321106,0.3827260434627533,-0.09827233105897903,0.4464513659477234,0.5047463178634644,-0.05448206141591072,0.4460941553115845,0.45520010590553284,-0.08416665345430374,0.44413766264915466,0.4148070812225342,-0.10202052444219589,0.4433581829071045,0.37865856289863586,-0.11467906087636948,0.4550839066505432,0.5211543440818787,-0.06437712907791138,0.45671403408050537,0.4760034680366516,-0.09132914990186691,0.4561748802661896,0.44164374470710754,-0.10551770776510239,0.4554019570350647,0.4108459949493408,-0.11497677862644196,0.46619948744773865,0.542009174823761,-0.07307735085487366,0.46933507919311523,0.5172300934791565,-0.09844135493040085,0.46896570920944214,0.49551743268966675,-0.11093635112047195,0.46806663274765015,0.4739169478416443,-0.11932719498872757
0.45917871594429016,0.5865058898925781,2.817018298628682e-07,0.4486764669418335,0.5473623871803284,-0.00371854892000556,0.4410840570926666,0.5042881965637207,-0.012533478438854218,0.4390658140182495,0.467885822057724,-0.02145555429160595,0.4372604489326477,0.4381621778011322,-0.032089151442050934,0.4397764503955841,0.4915921092033386,-0.031479958444833755,0.43725356459617615,0.44513964653015137,-0.05297868326306343,0.4348635673522949,0.41061317920684814,-0.06689992547035217,0.4344325661659241,0.3811480700969696,-0.07641950249671936,0.44530051946640015,0.500094473361969,-0.04075999557971954,0.4451368451118469,0.45232707262039185,-0.06303441524505615,0.44420453906059265,0.4133019745349884,-0.07634954899549484,0.44431182742118835,0.3790658414363861,-0.08542520552873611,0.4542197287082672,0.5161835551261902,-0.04934062063694,0.4555549919605255,0.4711475670337677,-0.07034419476985931,0.4560297429561615,0.4379109740257263,-0.08072645217180252,0.45580556988716125,0.4073573350906372,-0.08734997361898422,0.46562641859054565,0.5373979806900024,-0.05732622742652893,0.46918627619743347,0.5129686594009399,-0.07691871374845505,0.4691562056541443,0.4924643635749817,-0.08518358319997787,0.4686542749404907,0.4721926748752594,-0.09026870131492615
0.45713526010513306,0.5896479487419128,2.691449196845497e-07,0.44975897669792175,0.5482439994812012,-0.004258551634848118,0.44482558965682983,0.5016918182373047,-0.01305787917226553,0.44370612502098083,0.46317577362060547,-0.021731169894337654,0.4410744905471802,0.4316180646419525,-0.03199375048279762,0.44323381781578064,0.49273571372032166,-0.03177390247583389,0.44103094935417175,0.4458574652671814,-0.054365064948797226,0.43876391649246216,0.41038209199905396,-0.06931667774915695,0.4381428062915802,0.3799615800380707,-0.07947299629449844,0.4470447897911072,0.5012114644050598,-0.04046609625220299,0.44771385192871094,0.4567207992076874,-0.06427928805351257,0.4469192922115326,0.418423056602478,-0.07841088622808456,0.4471015930175781,0.3840961158275604,-0.0879291445016861,0.4544053077697754,0.5175020098686218,-0.04854436591267586,0.45708706974983215,0.47422322630882263,-0.07130032032728195,0.45735105872154236,0.4406298100948334,-0.08241414278745651,0.45668748021125793,0.40977516770362854,-0.08910957723855972,0.4648032486438751,0.5393240451812744,-0.055980149656534195,0.46898001432418823,0.5150046348571777,-0.07684706896543503,0.4696463644504547,0.4943046569824219,-0.08578818291425705,0.46945878863334656,0.4733247756958008,-0.09119074046611786
0.4606457054615021,0.5904453992843628,2.445064524181362e-07,0.45075756311416626,0.5503066778182983,-0.003489729482680559,0.44434425234794617,0.5036106109619141,-0.009877379983663559,0.4423374831676483,0.46547889709472656,-0.016505884006619453,0.4401533007621765,0.435170978307724,-0.02426004782319069,0.4412478506565094,0.4937666058540344,-0.022699886932969093,0.43922799825668335,0.445827454328537,-0.04056025296449661,0.43804046511650085,0.41061165928840637,-0.052153997123241425,0.4387573003768921,0.3811021149158478,-0.059936538338661194,0.4467841684818268,0.5012921094894409,-0.030412329360842705,0.4468939006328583,0.4534188508987427,-0.048339441418647766,0.4466232657432556,0.41460874676704407,-0.05979195982217789,0.44778695702552795,0.3804924488067627,-0.0674295648932457,0.4558853507041931,0.5158536434173584,-0.03788437321782112,0.4577648937702179,0.4708825647830963,-0.055709127336740494,0.4584214985370636,0.4370419979095459,-0.06545145064592361,0.4585060477256775,0.4060075581073761,-0.07142236083745956,0.46791648864746094,0.5360510349273682,-0.04490916058421135,0.47122058272361755,0.5113251209259033,-0.06177406385540962,0.47190672159194946,0.4912203848361969,-0.0690770298242569,0.47214165329933167,0.4714258909225464,-0.07332921028137207
0.46103551983833313,0.5943253636360168,2.827147795869678e-07,0.4522944986820221,0.5544853210449219,-0.00457668025046587,0.44723016023635864,0.5109412670135498,-0.014490796253085136,0.4468551278114319,0.47486409544944763,-0.024337101727724075,0.44603869318962097,0.4444665014743805,-0.03577194735407829,0.4439539313316345,0.4984869658946991,-0.03314409777522087,0.44230130314826965,0.4496200680732727,-0.05637941509485245,0.4410667419433594,0.4129523038864136,-0.07162676006555557,0.441476047039032,0.381857693195343,-0.08189060539007187,0.4490969777107239,0.5057190656661987,-0.04208139330148697,0.45081979036331177,0.4584939777851105,-0.06631206721067429,0.4510839879512787,0.41896000504493713,-0.08046860247850418,0.452129065990448,0.3842255771160126,-0.08994556963443756,0.4577135145664215,0.5207962393760681,-0.05037377029657364,0.46078774333000183,0.47521713376045227,-0.0731811448931694,0.4616002142429352,0.44080138206481934,-0.083684042096138,0.46155229210853577,0.4096081852912903,-0.08998670428991318,0.4691680371761322,0.5410023927688599,-0.05806141346693039,0.47278279066085815,0.514793336391449,-0.07855120301246643,0.4735470712184906,0.49313339591026306,-0.08662877976894379,0.47343912720680237,0.4720037579536438,-0.09144215285778046
0.46449798345565796,0.5883814096450806,2.787212167731923e-07,0.458056777715683,0.547218918800354,-0.0032027882989495993,0.4555870592594147,0.5021280646324158,-0.011905382387340069,0.45773714780807495,0.4645129442214966,-0.020726701244711876,0.45840293169021606,0.4326218366622925,-0.031127426773309708,0.4499470591545105,0.49269455671310425,-0.03233172744512558,0.44782206416130066,0.4441557228565216,-0.05399615317583084,0.4460909366607666,0.40738046169281006,-0.06754320114850998,0.44658979773521423,0.37595683336257935,-0.0766759067773819,0.4543110728263855,0.500300407409668,-0.04172322526574135,0.45379671454429626,0.45006945729255676,-0.06495118886232376,0.4535199701786041,0.4094372093677521,-0.07937890291213989,0.4548983871936798,0.37395179271698,-0.08937621861696243,0.46307605504989624,0.515828549861908,-0.04998540133237839,0.46464234590530396,0.4699705243110657,-0.07144582271575928,0.4664578139781952,0.4354790449142456,-0.08289189636707306,0.4682287275791168,0.40450263023376465,-0.09024076163768768,0.4754769504070282,0.5361160039901733,-0.05748838931322098,0.4779840409755707,0.5105891823768616,-0.0770493596792221,0.47860780358314514,0.4889211654663086,-0.08599096536636353,0.478908896446228,0.4675081968307495,-0.09172139316797256
0.46616899967193604,0.5849027037620544,2.64206647671017e-07,0.4577181041240692,0.5445507764816284,-0.005191769916564226,0.45374658703804016,0.4989900588989258,-0.014658046886324883,0.45409059524536133,0.4611210823059082,-0.023956190794706345,0.4544903039932251,0.42859840393066406,-0.034893929958343506,0.4480014443397522,0.4921584725379944,-0.03297964856028557,0.44670984148979187,0.4450015723705292,-0.05468907207250595,0.44564932584762573,0.40984755754470825,-0.0684594064950943,0.446775883436203,0.3803270161151886,-0.07795925438404083,0.4540700912475586,0.4994118809700012,-0.04157807305455208,0.4558400511741638,0.4513726532459259,-0.06457223743200302,0.45545411109924316,0.41250747442245483,-0.07857924699783325,0.4561568796634674,0.3780689537525177,-0.0883995071053505,0.4638557732105255,0.5144273042678833,-0.04952266439795494,0.4659910798072815,0.4690185487270355,-0.07082321494817734,0.4670514464378357,0.4364722967147827,-0.08153102546930313,0.4674808084964752,0.40659740567207336,-0.0886014923453331,0.4764503538608551,0.5355135202407837,-0.056987278163433075,0.47917723655700684,0.5108620524406433,-0.07685505598783493,0.4785842299461365,0.4896916151046753,-0.08577175438404083,0.47739872336387634,0.468578577041626,-0.09155130386352539
0.4648131728172302,0.5813561081886292,2.8074663305233116e-07,0.45490890741348267,0.5431274175643921,-0.005522156599909067,0.4499637186527252,0.5015043616294861,-0.016523689031600952,0.44906947016716003,0.4668225944042206,-0.02744130976498127,0.4491212069988251,0.4358571171760559,-0.04030533507466316,0.44808775186538696,0.49127259850502014,-0.03661768510937691,0.44752490520477295,0.4459590017795563,-0.06023745238780975,0.4458780586719513,0.4111901819705963,-0.07596300542354584,0.4462113082408905,0.38185396790504456,-0.08706992864608765,0.4551640748977661,0.49820563197135925,-0.04583495110273361,0.45778903365135193,0.45124930143356323,-0.07082511484622955,0.45676755905151367,0.413449227809906,-0.08676516264677048,0.4562171399593353,0.379319429397583,-0.09835663437843323,0.4653805196285248,0.5125834345817566,-0.05421266332268715,0.4677474796772003,0.46903184056282043,-0.07722051441669464,0.4687056541442871,0.43751171231269836,-0.08972738683223724,0.4687292277812958,0.40924370288848877,-0.09831942617893219,0.47755175828933716,0.5327122211456299,-0.06200091540813446,0.4810786247253418,0.5086913108825684,-0.0831548422574997,0.48101216554641724,0.4879004955291748,-0.0934484601020813,0.48011207580566406,0.4672968089580536,-0.10061091184616089
0.46639516949653625,0.5750631093978882,3.007510258612456e-07,0.45838209986686707,0.5372713804244995,-0.007168187294155359,0.4547525942325592,0.49282124638557434,-0.01860290765762329,0.4565897285938263,0.45588499307632446,-0.029495026916265488,0.4593692421913147,0.42308154702186584,-0.04237900674343109,0.44763079285621643,0.48783937096595764,-0.037831977009773254,0.4459136724472046,0.442748486995697,-0.061008114367723465,0.4450587034225464,0.4080811142921448,-0.07623367011547089,0.44699743390083313,0.3793092966079712,-0.08697502315044403,0.4543644189834595,0.4956977665424347,-0.0462569035589695,0.4551776647567749,0.4491593539714813,-0.07061747461557388,0.4546789824962616,0.411344051361084,-0.08640626817941666,0.4555988311767578,0.37750545144081116,-0.09808094054460526,0.4645055830478668,0.5108181834220886,-0.0539606511592865,0.4655967354774475,0.46709689497947693,-0.07681716978549957,0.46696916222572327,0.43540114164352417,-0.08971723914146423,0.4681454002857208,0.4064621329307556,-0.09883636236190796,0.4767201244831085,0.5315650105476379,-0.061120737344026566,0.48015326261520386,0.5094704031944275,-0.08226026594638824,0.4806409180164337,0.4895375669002533,-0.09265279769897461,0.48078030347824097,0.4692158102989197,-0.10011409968137741
0.4682595133781433,0.582697331905365,3.400838295419817e-07,0.4634103775024414,0.5472211837768555,-0.008528025820851326,0.4585965573787689,0.5077469944953918,-0.023900577798485756,0.4590305984020233,0.4742579162120819,-0.038118161261081696,0.45897382497787476,0.44049006700515747,-0.055070385336875916,0.4513198435306549,0.49613815546035767,-0.05608026683330536,0.449216365814209,0.44946950674057007,-0.0871848613023758,0.4475976526737213,0.4123142957687378,-0.10768626630306244,0.4490206837654114,0.3807430863380432,-0.1223573163151741,0.45700958371162415,0.5050232410430908,-0.06639079004526138,0.45704349875450134,0.45500490069389343,-0.1018114760518074,0.45685437321662903,0.4147723913192749,-0.12516433000564575,0.4575648009777069,0.37765419483184814,-0.14238359034061432,0.4662014842033386,0.519825279712677,-0.07480531185865402,0.46758973598480225,0.47412291169166565,-0.10645195096731186,0.4691165089607239,0.4393789768218994,-0.12619903683662415,0.47043538093566895,0.40954869985580444,-0.1400335431098938,0.4772048890590668,0.5381610989570618,-0.08215108513832092,0.48109737038612366,0.5140236020088196,-0.11144616454839706,0.48263370990753174,0.49204912781715393,-0.12837468087673187,0.4832232594490051,0.47085922956466675,-0.14069582521915436
0.49160775542259216,0.831231951713562,6.376050265544109e-08,0.452955424785614,0.770662248134613,0.0553756020963192,0.44259780645370483,0.7042933106422424,0.07493370026350021,0.43824249505996704,0.6626816987991333,0.08000094443559647,0.43164998292922974,0.6192398071289062,0.08005999773740768,0.46449577808380127,0.6240361332893372,0.04011135548353195,0.4580710828304291,0.543244481086731,0.03125757351517677,0.45094987750053406,0.47976410388946533,0.021653471514582634,0.44665220379829407,0.4271225333213806,0.012131278403103352,0.4756764769554138,0.6295832395553589,-0.005198213271796703,0.4664507210254669,0.5283668041229248,-0.023267429322004318,0.461468905210495,0.4551461935043335,-0.04169241711497307,0.45884063839912415,0.3966485261917114,-0.05523965507745743,0.4872628450393677,0.6431728601455688,-0.04765293374657631,0.4782260060310364,0.5438636541366577,-0.07039207965135574,0.47162896394729614,0.4758671522140503,-0.08704928308725357,0.4682857096195221,0.4203774333000183,-0.09789882600307465,0.49877768754959106,0.6642287969589233,-0.08510256558656693,0.4951287508010864,0.5797750949859619,-0.10817262530326843,0.4909813106060028,0.5236083269119263,-0.12074042111635208,0.4889061152935028,0.47630733251571655,-0.12993983924388885
0.4926263988018036,0.8525497317314148,2.1825150042786845e-07,0.44766247272491455,0.7940147519111633,0.031271521002054214,0.4376467764377594,0.719043493270874,0.041758544743061066,0.43591004610061646,0.6725814342498779,0.041547633707523346,0.43255844712257385,0.634519636631012,0.03853520378470421,0.45805811882019043,0.6297480463981628,0.03057888150215149,0.4523531496524811,0.536323606967926,0.021624378859996796,0.4495178461074829,0.47326862812042236,0.012995903380215168,0.45133623480796814,0.41858071088790894,0.004909154959022999,0.46826860308647156,0.6291367411613464,-0.0008996858960017562,0.4569106101989746,0.5184453129768372,-0.015410646796226501,0.45442238450050354,0.44250115752220154,-0.02880651131272316,0.456113338470459,0.380633145570755,-0.03805829957127571,0.4798581898212433,0.6439269781112671,-0.03224567323923111,0.47048869729042053,0.5349264740943909,-0.047219615429639816,0.468540757894516,0.46709108352661133,-0.0571930930018425,0.4695312976837158,0.4091891050338745,-0.06428446620702744,0.49368807673454285,0.6676939725875854,-0.06187611073255539,0.49037083983421326,0.5836289525032043,-0.07662370055913925,0.4861782193183899,0.5291404128074646,-0.08411364257335663,0.4837617874145508,0.48035693168640137,-0.08991141617298126
0.4938635528087616,0.8589364886283875,1.9105056026091916e-07,0.44584837555885315,0.7928228974342346,0.03203027695417404,0.4361121356487274,0.7191633582115173,0.040250420570373535,0.43435433506965637,0.6734221577644348,0.037287935614585876,0.43132272362709045,0.6384279131889343,0.031374186277389526,0.458894819021225,0.6279751062393188,0.029883719980716705,0.454456627368927,0.5327479839324951,0.020872537046670914,0.45268943905830383,0.4709179401397705,0.011572283692657948,0.45441484451293945,0.41567474603652954,0.002477648202329874,0.4679827094078064,0.6302761435508728,-0.0019458259921520948,0.4570655822753906,0.5163097381591797,-0.015634985640645027,0.4553236663341522,0.44339311122894287,-0.028974343091249466,0.45615822076797485,0.3816419243812561,-0.039680998772382736,0.47800928354263306,0.6453268527984619,-0.03352867439389229,0.47117915749549866,0.5338884592056274,-0.04566629230976105,0.46864792704582214,0.46485695242881775,-0.055829163640737534,0.46800661087036133,0.40639185905456543,-0.06508944183588028,0.4910418391227722,0.6653454899787903,-0.06357856839895248,0.4899030923843384,0.5834816694259644,-0.07436484098434448,0.4849432110786438,0.5294497013092041,-0.08152751624584198,0.48080846667289734,0.48059844970703125,-0.08899978548288345
0.4936881959438324,0.8636122345924377,2.5219159738298913e-07,0.445193350315094,0.7986593246459961,0.022741902619600296,0.4348461329936981,0.7216637134552002,0.025896809995174408,0.4354647994041443,0.6745088696479797,0.01906592585146427,0.433702290058136,0.6375085115432739,0.009539956226944923,0.4598430395126343,0.6289294362068176,0.022767560556530952,0.4555267095565796,0.5318865180015564,0.01115460880100727,0.4543917775154114,0.4697190821170807,-0.0006103839259594679,0.45654210448265076,0.41361004114151,-0.011331627145409584,0.4696076512336731,0.6308078765869141,-0.005579088348895311,0.4591631293296814,0.5181520581245422,-0.020021118223667145,0.45809081196784973,0.4458332657814026,-0.03499709814786911,0.4597916007041931,0.3835495412349701,-0.04700633883476257,0.48049497604370117,0.6471012830734253,-0.03438914194703102,0.4726094603538513,0.5363022685050964,-0.04747995361685753,0.47087526321411133,0.467762291431427,-0.05896410346031189,0.47045665979385376,0.4092426002025604,-0.06915705651044846,0.4934670627117157,0.6699634790420532,-0.06254374235868454,0.49108049273490906,0.5903668999671936,-0.07333860546350479,0.4851987659931183,0.5364473462104797,-0.08031559735536575,0.4799390733242035,0.4872038960456848,-0.08765747398138046
0.49741995334625244,0.8614784479141235,1.8558218073394528e-07,0.4461248815059662,0.7917941808700562,0.02847936935722828,0.4368402659893036,0.7147423624992371,0.03542157635092735,0.43697699904441833,0.668452799320221,0.03130267933011055,0.435477614402771,0.6313172578811646,0.023953288793563843,0.4621179699897766,0.6248653531074524,0.02893146127462387,0.45689016580581665,0.531855046749115,0.01888110116124153,0.4552154541015625,0.47193455696105957,0.00844395998865366,0.45741093158721924,0.4173095226287842,-0.0017815222963690758,0.47215425968170166,0.627242922782898,-0.002389897359535098,0.4608059227466583,0.517083466053009,-0.01692701317369938,0.4592522084712982,0.4462842345237732,-0.03203526511788368,0.4603365957736969,0.3837915062904358,-0.04425077140331268,0.48271411657333374,0.6440936326980591,-0.03405831754207611,0.47450053691864014,0.5360010266304016,-0.048940178006887436,0.47205087542533875,0.4684550166130066,-0.0619988888502121,0.47084173560142517,0.4095821976661682,-0.07314331829547882,0.49416741728782654,0.6672587394714355,-0.06438735127449036,0.4925585389137268,0.587566614151001,-0.07838471233844757,0.48746809363365173,0.5335067510604858,-0.08792649954557419,0.4828529357910156,0.48375600576400757,-0.09716761112213135
0.4995282292366028,0.8676924109458923,2.137258832135558e-07,0.4492228329181671,0.8004059195518494,0.025762392207980156,0.43740060925483704,0.7225638031959534,0.03152715787291527,0.4366028904914856,0.6746816039085388,0.02680455893278122,0.43458616733551025,0.6399865746498108,0.01945951022207737,0.4650367796421051,0.6292070746421814,0.02753152884542942,0.45901426672935486,0.5336396098136902,0.017228664830327034,0.45714953541755676,0.47226059436798096,0.0063441600650548935,0.45890894532203674,0.41720670461654663,-0.00397367961704731,0.47514858841896057,0.6311653256416321,-0.0020987638272345066,0.4629935324192047,0.5183373093605042,-0.01561159361153841,0.46100854873657227,0.4460824429988861,-0.02989254705607891,0.46179768443107605,0.3842119574546814,-0.041511308401823044,0.48534107208251953,0.6475284695625305,-0.03229968622326851,0.47644340991973877,0.5364853143692017,-0.04501139372587204,0.4739748537540436,0.4691983461380005,-0.05609743669629097,0.47330236434936523,0.41081613302230835,-0.0661805272102356,0.4967350363731384,0.6700200438499451,-0.061648596078157425,0.4945656657218933,0.5903183817863464,-0.07350637018680573,0.48949506878852844,0.5367779731750488,-0.08143085986375809,0.4851171374320984,0.4866405129432678,-0.08946215361356735
0.49851587414741516,0.8667506575584412,8.001087081765945e-08,0.4509877562522888,0.7902631163597107,0.04192378371953964,0.4430576264858246,0.7114865183830261,0.05586284399032593,0.44416147470474243,0.6633450984954834,0.057040516287088394,0.4446929693222046,0.6242725253105164,0.054957713931798935,0.4656522870063782,0.6278078556060791,0.04043230414390564,0.46090227365493774,0.5334578156471252,0.034142546355724335,0.4586236774921417,0.47296813130378723,0.02687927335500717,0.4605306088924408,0.41903018951416016,0.0186002179980278,0.4755820035934448,0.6305092573165894,0.004320287145674229,0.4639444053173065,0.5153912305831909,-0.007944384589791298,0.4616217017173767,0.4431476593017578,-0.020016906782984734,0.46127498149871826,0.382108598947525,-0.030119745060801506,0.4854862093925476,0.6467088460922241,-0.031223900616168976,0.47786256670951843,0.5347321629524231,-0.04380396008491516,0.4752430021762848,0.46615415811538696,-0.054409921169281006,0.47312304377555847,0.4075521230697632,-0.06447145342826843,0.4977186918258667,0.6673896908760071,-0.0642077848315239,0.49692022800445557,0.5867124795913696,-0.0784347876906395,0.4919638931751251,0.5326603651046753,-0.088348388671875,0.48682036995887756,0.4828345775604248,-0.09802696853876114
0.5018811225891113,0.8717034459114075,1.7383186445840693e-07,0.45234549045562744,0.8046233654022217,0.02849513292312622,0.4418488144874573,0.7276521921157837,0.03587087243795395,0.44084641337394714,0.6779167056083679,0.03230615705251694,0.43910086154937744,0.6385026574134827,0.026339620351791382,0.46704959869384766,0.6327804923057556,0.03297993540763855,0.46080824732780457,0.5349605083465576,0.024580486118793488,0.45919737219810486,0.47342193126678467,0.01545853354036808,0.4623381793498993,0.4191080331802368,0.006373906042426825,0.4767506718635559,0.6333717703819275,0.0025238357484340668,0.4634152054786682,0.5170332193374634,-0.009608181193470955,0.4624067544937134,0.4448472857475281,-0.02219778671860695,0.4648571312427521,0.38398638367652893,-0.03233460336923599,0.48846927285194397,0.6481607556343079,-0.028680425137281418,0.47812190651893616,0.5340742468833923,-0.04130752384662628,0.4760933816432953,0.4649350345134735,-0.05232340842485428,0.47569164633750916,0.40633293986320496,-0.06215810775756836,0.5037884712219238,0.669830322265625,-0.05874680355191231,0.501878023147583,0.5894445180892944,-0.07143845409154892,0.4964953362941742,0.5341802835464478,-0.08016449958086014,0.49106258153915405,0.4825729727745056,-0.08860009908676147
0.5038676857948303,0.8726779222488403,1.5624591753748973e-07,0.455035001039505,0.8034177422523499,0.03217734768986702,0.4439655542373657,0.7278256416320801,0.040848080068826675,0.4413674473762512,0.6799102425575256,0.037746403366327286,0.43866685032844543,0.638547956943512,0.03184979036450386,0.46675142645835876,0.6323748826980591,0.03553343564271927,0.4605160653591156,0.5346882939338684,0.026934102177619934,0.4587444067001343,0.47311699390411377,0.01722317561507225,0.4613254964351654,0.4187958240509033,0.0076478044502437115,0.4761044979095459,0.6342096924781799,0.0026175095699727535,0.46406856179237366,0.5169557929039001,-0.009534643031656742,0.4628203213214874,0.4448646903038025,-0.02305019088089466,0.46445581316947937,0.3837231993675232,-0.03413156792521477,0.4881235361099243,0.6497445106506348,-0.03077797219157219,0.47929373383522034,0.5353628396987915,-0.04339882358908653,0.47752171754837036,0.4663684368133545,-0.05495863035321236,0.47680652141571045,0.4080933928489685,-0.0654349997639656,0.5046974420547485,0.672989010810852,-0.06271254271268845,0.5031787157058716,0.5912953019142151,-0.07523500174283981,0.4975244998931885,0.5360814929008484,-0.08369242399930954,0.4915602207183838,0.4849674105644226,-0.09221095591783524
0.5030195116996765,0.875140905380249,1.5736772240870778e-07,0.4554867446422577,0.8040639162063599,0.031050890684127808,0.44477665424346924,0.725507378578186,0.03979739546775818,0.4420320987701416,0.6761084198951721,0.037319980561733246,0.4386739134788513,0.6356282234191895,0.03205833211541176,0.46816200017929077,0.6343628764152527,0.03281668946146965,0.4630490243434906,0.5366042256355286,0.023446977138519287,0.46115535497665405,0.4738523066043854,0.013498259708285332,0.4634017050266266,0.4187050759792328,0.0036778454668819904,0.47794806957244873,0.6366171836853027,0.000788757810369134,0.46626442670822144,0.519111156463623,-0.013269403018057346,0.46429988741874695,0.44615232944488525,-0.027563536539673805,0.4649260342121124,0.38325488567352295,-0.038954656571149826,0.48986056447029114,0.6527804732322693,-0.03158314898610115,0.4804350435733795,0.5374654531478882,-0.046138301491737366,0.4776622951030731,0.46810001134872437,-0.05835048481822014,0.4760274887084961,0.40859466791152954,-0.06884724646806717,0.5057894587516785,0.6767879128456116,-0.06240079551935196,0.5041819214820862,0.5948753356933594,-0.07642601430416107,0.4981885850429535,0.5389126539230347,-0.08575452864170074,0.4922390282154083,0.48678749799728394,-0.09473291039466858
0.5065823197364807,0.8757045865058899,2.1314171760877798e-07,0.45364126563072205,0.8095958232879639,0.022689340636134148,0.44189751148223877,0.7314915657043457,0.027006689459085464,0.4393049478530884,0.681850254535675,0.021580414846539497,0.4354313910007477,0.6405346393585205,0.014017080888152122,0.4679117798805237,0.6350291967391968,0.02520594373345375,0.4612182378768921,0.5366684198379517,0.013890114612877369,0.4595755636692047,0.4747471213340759,0.002848269883543253,0.4633743166923523,0.42023199796676636,-0.00708195473998785,0.47783163189888,0.6374566555023193,-0.0029442135710269213,0.4642796218395233,0.5209248661994934,-0.017342552542686462,0.4628336429595947,0.44891834259033203,-0.03161071613430977,0.466060996055603,0.38690704107284546,-0.04274452477693558,0.4899860620498657,0.6536149978637695,-0.03204280883073807,0.4803308844566345,0.5395703315734863,-0.04607747867703438,0.4785608947277069,0.4702717065811157,-0.057993870228528976,0.47945883870124817,0.41128358244895935,-0.0681261196732521,0.5055688619613647,0.6778632402420044,-0.06042838469147682,0.5030001997947693,0.5969419479370117,-0.07289214432239532,0.49724024534225464,0.5418092012405396,-0.08114413172006607,0.4921347498893738,0.4909438490867615,-0.08919665217399597
0.5038472414016724,0.8734090924263,1.4295989103629836e-07,0.4549471139907837,0.8038164377212524,0.029198961332440376,0.44421759247779846,0.7258098721504211,0.038667261600494385,0.4416942596435547,0.678013265132904,0.03746223822236061,0.43737486004829407,0.6403297781944275,0.033506982028484344,0.46899735927581787,0.6319727301597595,0.03331279382109642,0.4638085663318634,0.5358856916427612,0.023894736543297768,0.46202436089515686,0.47401416301727295,0.01366292405873537,0.46422794461250305,0.4198377728462219,0.003603585297241807,0.48009777069091797,0.6344209313392639,0.002508819103240967,0.4687308073043823,0.5192160606384277,-0.01161215640604496,0.4673401117324829,0.44809019565582275,-0.02680083177983761,0.4678613543510437,0.38545751571655273,-0.03883304074406624,0.4920879006385803,0.6506050229072571,-0.028841817751526833,0.4825308322906494,0.5375148057937622,-0.04410180076956749,0.48023876547813416,0.470569372177124,-0.05683482438325882,0.4787147641181946,0.4117109477519989,-0.06735864281654358,0.5068835020065308,0.6751114130020142,-0.058747101575136185,0.5037924647331238,0.593034029006958,-0.07398419827222824,0.498554527759552,0.5375403165817261,-0.08392956852912903,0.4934288263320923,0.4854220747947693,-0.09306585788726807
0.506377100944519,0.8764793276786804,1.3533295373235887e-07,0.4561065435409546,0.804228663444519,0.035073935985565186,0.44415050745010376,0.7272219061851501,0.045087289065122604,0.4397856593132019,0.677902340888977,0.042879752814769745,0.4352623522281647,0.6365999579429626,0.037772201001644135,0.467038631439209,0.6352168321609497,0.03668997436761856,0.4603549540042877,0.5370782613754272,0.028561552986502647,0.4585883319377899,0.4754754900932312,0.01950882188975811,0.461629182100296,0.42099249362945557,0.010200989432632923,0.47677940130233765,0.6371409296989441,0.002107751090079546,0.4639204144477844,0.5189850926399231,-0.010654403828084469,0.46276721358299255,0.4467604160308838,-0.02408452518284321,0.4650789201259613,0.3851829767227173,-0.03509444370865822,0.4887940287590027,0.6532534956932068,-0.03270526975393295,0.48041412234306335,0.5383670926094055,-0.04587387293577194,0.4789435565471649,0.4689953923225403,-0.05730464309453964,0.47931283712387085,0.4102528691291809,-0.06766663491725922,0.5057337284088135,0.6777936220169067,-0.06574173271656036,0.5043765902519226,0.5950693488121033,-0.07868175953626633,0.49923285841941833,0.5390622019767761,-0.08731333911418915,0.4944189786911011,0.48760661482810974,-0.09606341272592545
0.5049039721488953,0.8766717910766602,2.5267078740398574e-07,0.45366623997688293,0.8097957968711853,0.02020002156496048,0.43973079323768616,0.7322482466697693,0.022886913269758224,0.43519824743270874,0.6854720115661621,0.01595945470035076,0.43036380410194397,0.6445192694664001,0.006643238943070173,0.46994927525520325,0.6360728144645691,0.023313399404287338,0.4647538661956787,0.5359097123146057,0.010408549569547176,0.4625956416130066,0.472806841135025,-0.002206951379776001,0.4644945561885834,0.41731205582618713,-0.013197455555200577,0.479840487241745,0.6391430497169495,-0.004464650060981512,0.4684198200702667,0.5211180448532104,-0.020390311256051064,0.4659653604030609,0.44735589623451233,-0.03680512309074402,0.4665491282939911,0.38302627205848694,-0.04949672520160675,0.4914168119430542,0.6554733514785767,-0.03336945176124573,0.4822821021080017,0.5405699014663696,-0.04874882102012634,0.47975823283195496,0.4702351689338684,-0.062453627586364746,0.4785099923610687,0.40985509753227234,-0.07364333420991898,0.5059168338775635,0.6797251105308533,-0.06171305105090141,0.5042008757591248,0.5966364145278931,-0.07481281459331512,0.49871301651000977,0.5400034189224243,-0.08366893976926804,0.4933198392391205,0.48748987913131714,-0.09220768511295319
0.5040919184684753,0.8736528754234314,2.4243470875262574e-07,0.45224326848983765,0.8063945770263672,0.02087695524096489,0.44084540009498596,0.7280905842781067,0.025756005197763443,0.4384448230266571,0.6792327165603638,0.021371573209762573,0.43473348021507263,0.6400737166404724,0.015117553062736988,0.4641164541244507,0.6340054273605347,0.02684275433421135,0.4588628113269806,0.5369307994842529,0.01574886403977871,0.4570871889591217,0.4752480387687683,0.004347427748143673,0.45964521169662476,0.420779824256897,-0.005659871269017458,0.4737476706504822,0.6349660754203796,0.0006018106359988451,0.46254590153694153,0.5198974013328552,-0.01354716345667839,0.4609913229942322,0.4477136433124542,-0.028076360002160072,0.46276241540908813,0.3848695755004883,-0.03921011835336685,0.4855514466762543,0.6499847769737244,-0.026838796213269234,0.47681891918182373,0.537337064743042,-0.04083909094333649,0.4750113785266876,0.468445748090744,-0.052915871143341064,0.4750047028064728,0.41000404953956604,-0.06265410780906677,0.5000651478767395,0.67320716381073,-0.05373908206820488,0.4983672499656677,0.5921788215637207,-0.06554227322340012,0.4937382638454437,0.5373871326446533,-0.07323373854160309,0.489582896232605,0.4872269034385681,-0.08065477013587952
0.5025137662887573,0.8722552061080933,2.5376283474543015e-07,0.45055481791496277,0.8054428100585938,0.021219350397586823,0.4403958022594452,0.7280520796775818,0.025616247206926346,0.43860965967178345,0.6805022954940796,0.020472565665841103,0.4332696795463562,0.6419686079025269,0.013014756143093109,0.4635993242263794,0.6328640580177307,0.026623843237757683,0.4593126177787781,0.537285327911377,0.014828340150415897,0.45731768012046814,0.4741949737071991,0.002417071722447872,0.459381103515625,0.41812342405319214,-0.00842827558517456,0.47351062297821045,0.6347241401672363,-0.0003425894246902317,0.46259960532188416,0.5229820013046265,-0.01580861210823059,0.46087324619293213,0.4500357210636139,-0.03179127350449562,0.4617502987384796,0.38523799180984497,-0.043936587870121,0.4853750169277191,0.6500312685966492,-0.02839888259768486,0.4761407673358917,0.5397113561630249,-0.044047269970178604,0.4736189842224121,0.46954330801963806,-0.05715825781226158,0.4722262918949127,0.40914422273635864,-0.06729411333799362,0.4996005892753601,0.6724141240119934,-0.05579240992665291,0.49710914492607117,0.5911185145378113,-0.0682707205414772,0.4923195242881775,0.5360472202301025,-0.07594911754131317,0.4878142476081848,0.4854843020439148,-0.08332613855600357
0.4990467131137848,0.8711927533149719,2.504452538687474e-07,0.44797632098197937,0.8018385171890259,0.025080924853682518,0.4382789134979248,0.7244513630867004,0.03166700527071953,0.43687304854393005,0.6759805083274841,0.02752215974032879,0.4306540787220001,0.638123095035553,0.02077426202595234,0.46003931760787964,0.632674515247345,0.03351769968867302,0.4569292366504669,0.5382877588272095,0.023994412273168564,0.4547879695892334,0.4764711856842041,0.012735504657030106,0.45626774430274963,0.42130130529403687,0.0023791103158146143,0.4703595042228699,0.6332483887672424,0.004276486113667488,0.461514413356781,0.5214197635650635,-0.009180406108498573,0.45936840772628784,0.4492974281311035,-0.02455620840191841,0.46001648902893066,0.3857959806919098,-0.03643760830163956,0.48268911242485046,0.6481012105941772,-0.026036636903882027,0.4766245186328888,0.5382568836212158,-0.03992699831724167,0.4745810627937317,0.4694749116897583,-0.05208509787917137,0.47321391105651855,0.4106290340423584,-0.06174737960100174,0.49766382575035095,0.6717584729194641,-0.05555526539683342,0.49693185091018677,0.5887530446052551,-0.0662333145737648,0.4925258755683899,0.5335590839385986,-0.07240299135446548,0.48815521597862244,0.4833639860153198,-0.07886797189712524
0.49681252241134644,0.8695770502090454,2.2198291560471262e-07,0.44929951429367065,0.8006648421287537,0.02753772959113121,0.43964773416519165,0.723970890045166,0.03436282277107239,0.4377751350402832,0.6760939955711365,0.030243616551160812,0.4321395754814148,0.6394330859184265,0.023459207266569138,0.460183322429657,0.6319202184677124,0.03165338188409805,0.4566711485385895,0.536415696144104,0.022045699879527092,0.45496705174446106,0.474821537733078,0.011415937915444374,0.45698222517967224,0.41971683502197266,0.0015033859526738524,0.4694812297821045,0.6334575414657593,0.001285102218389511,0.45907750725746155,0.5200769901275635,-0.012861037626862526,0.4578301012516022,0.44794565439224243,-0.02765311673283577,0.4589904546737671,0.3844801187515259,-0.03906576707959175,0.48109376430511475,0.6480754613876343,-0.02969166450202465,0.47364094853401184,0.5368580222129822,-0.04385625943541527,0.47198978066444397,0.4674755334854126,-0.05588909238576889,0.4710574150085449,0.4080716073513031,-0.06557190418243408,0.4962114095687866,0.6699255108833313,-0.059520624577999115,0.4952664077281952,0.5861934423446655,-0.07023517042398453,0.4906620681285858,0.5313044786453247,-0.07672132551670074,0.4859481155872345,0.4815942347049713,-0.0835704356431961
0.49716728925704956,0.871131181716919,1.6731537755276804e-07,0.44797372817993164,0.7989838123321533,0.0353483147919178,0.4405682384967804,0.7247176170349121,0.04598528519272804,0.43862637877464294,0.6789484024047852,0.044616058468818665,0.433921217918396,0.6411722898483276,0.04024117812514305,0.4609377384185791,0.6327160000801086,0.03832884505391121,0.45669645071029663,0.5372987985610962,0.030691223219037056,0.45435893535614014,0.47521838545799255,0.021875247359275818,0.456131249666214,0.41958123445510864,0.013002180494368076,0.47036221623420715,0.6344602704048157,0.004906421061605215,0.4589879810810089,0.5194374322891235,-0.008154312148690224,0.456922322511673,0.44654589891433716,-0.021715717390179634,0.4574417769908905,0.38314729928970337,-0.03236440196633339,0.4813469648361206,0.6495739221572876,-0.0285344161093235,0.4730735719203949,0.5367774367332458,-0.042225632816553116,0.4708790183067322,0.4670872688293457,-0.05362283065915108,0.46985137462615967,0.4073405861854553,-0.06305784732103348,0.49505096673965454,0.6711063385009766,-0.0600433275103569,0.4933430850505829,0.5876777768135071,-0.07229512929916382,0.4882833659648895,0.5328542590141296,-0.07994277775287628,0.48363110423088074,0.48298487067222595,-0.08749769628047943
0.49638235569000244,0.8737526535987854,1.325043683664262e-07,0.44628238677978516,0.7953587770462036,0.04410956799983978,0.43789243698120117,0.7211555242538452,0.056704603135585785,0.43647223711013794,0.6752667427062988,0.055287327617406845,0.43471986055374146,0.6358703970909119,0.05005541071295738,0.4596375524997711,0.6337305307388306,0.04336634650826454,0.45569995045661926,0.538875162601471,0.03610575571656227,0.45324912667274475,0.47715944051742554,0.02705947682261467,0.4546985328197479,0.4217441976070404,0.017602013424038887,0.4687909781932831,0.6370311379432678,0.0043423837050795555,0.45820674300193787,0.5209200382232666,-0.008974960073828697,0.45548054575920105,0.44687604904174805,-0.023250307887792587,0.4553939998149872,0.3837345242500305,-0.034965209662914276,0.47839951515197754,0.65305495262146,-0.03407233953475952,0.4719174802303314,0.5392317771911621,-0.04714135453104973,0.4702308177947998,0.46834009885787964,-0.05873779579997063,0.4700908958911896,0.40810850262641907,-0.0693422257900238,0.49064743518829346,0.6740751266479492,-0.0698489174246788,0.48953109979629517,0.590212345123291,-0.08213065564632416,0.48474061489105225,0.5362451672554016,-0.09005741029977798,0.4812181293964386,0.4871278405189514,-0.098528653383255
0.49623656272888184,0.8737694025039673,1.31991427565481e-07,0.4453229308128357,0.7953706979751587,0.04233124107122421,0.4375630021095276,0.7206417918205261,0.05396662652492523,0.4358232319355011,0.6740879416465759,0.05232545733451843,0.43333202600479126,0.6346769332885742,0.04684678465127945,0.4612198770046234,0.6334628462791443,0.03900517523288727,0.4571797251701355,0.5375744104385376,0.031026391312479973,0.4550645649433136,0.4756672978401184,0.022342005744576454,0.4565799832344055,0.4204098582267761,0.0132678197696805,0.4708642363548279,0.6384300589561462,0.0010891249403357506,0.4598737061023712,0.5228272676467896,-0.013706209138035774,0.45754167437553406,0.4493517279624939,-0.027678459882736206,0.4574247896671295,0.3858010172843933,-0.03899379074573517,0.4798589050769806,0.6559238433837891,-0.03619430586695671,0.4720584750175476,0.541948676109314,-0.05095958709716797,0.4689083993434906,0.4704640507698059,-0.06298953294754028,0.4677124619483948,0.4097895622253418,-0.07362524420022964,0.48997989296913147,0.6777485609054565,-0.07077737897634506,0.48810696601867676,0.593639075756073,-0.08514925092458725,0.4823671579360962,0.5383114814758301,-0.09476356953382492,0.4778437614440918,0.48866719007492065,-0.10428715497255325
0.49708181619644165,0.8730151653289795,1.1677452249614362e-07,0.44568634033203125,0.7918278574943542,0.04772411286830902,0.4372926950454712,0.7181294560432434,0.060778237879276276,0.4347616136074066,0.6744021773338318,0.05913570895791054,0.4339365065097809,0.6362961530685425,0.052800025790929794,0.463240385055542,0.6319746375083923,0.04047879949212074,0.45793667435646057,0.5368338227272034,0.032660551369190216,0.45567256212234497,0.4750223755836487,0.024322135373950005,0.4572221636772156,0.41971129179000854,0.015076343901455402,0.47365128993988037,0.6386101841926575,-0.0016810082597658038,0.46171414852142334,0.5221936702728271,-0.017914628610014915,0.45875343680381775,0.4481057822704315,-0.03311990201473236,0.4578230381011963,0.3839022219181061,-0.04528721421957016,0.48263442516326904,0.6577528119087219,-0.04259280115365982,0.4731142222881317,0.5447319746017456,-0.05903134495019913,0.4691450893878937,0.47326940298080444,-0.07176483422517776,0.46701833605766296,0.4118020832538605,-0.08278468251228333,0.4916903078556061,0.6817643046379089,-0.08022773265838623,0.48861145973205566,0.5963702201843262,-0.09613421559333801,0.48276785016059875,0.5404199957847595,-0.10625391453504562,0.4781716465950012,0.49132639169692993,-0.1162344291806221
0.4981246590614319,0.8732382655143738,8.750612323638052e-08,0.4454162120819092,0.7911877632141113,0.05044307932257652,0.43768009543418884,0.7189673185348511,0.06502671539783478,0.43609923124313354,0.6756100058555603,0.06468062847852707,0.4343436360359192,0.6394583582878113,0.059577859938144684,0.46406739950180054,0.6317136287689209,0.043980542570352554,0.457878977060318,0.5386202931404114,0.03743559122085571,0.4544607996940613,0.4775804877281189,0.029439488425850868,0.4550291895866394,0.42247888445854187,0.020309191197156906,0.47399231791496277,0.638155996799469,0.0012940915767103434,0.4606027603149414,0.5224726796150208,-0.01330721378326416,0.45666635036468506,0.44952017068862915,-0.02778838574886322,0.45527383685112,0.3858216404914856,-0.03980884328484535,0.48177602887153625,0.6563912630081177,-0.03996029123663902,0.4717976152896881,0.5437765121459961,-0.05467589199542999,0.4677942395210266,0.4727078378200531,-0.06662756204605103,0.4662749767303467,0.411446213722229,-0.07750137895345688,0.4893370568752289,0.6787766814231873,-0.07775461673736572,0.48603618144989014,0.593037486076355,-0.09245041757822037,0.480795294046402,0.5379747748374939,-0.10184068232774734,0.47740569710731506,0.48917871713638306,-0.11150943487882614
0.49377354979515076,0.8792934417724609,1.1376873487733974e-07,0.4390002489089966,0.794286847114563,0.048188481479883194,0.43169233202934265,0.719962477684021,0.061683375388383865,0.43176788091659546,0.6773189306259155,0.06041620299220085,0.4330347776412964,0.6389181613922119,0.054712552577257156,0.4697002172470093,0.6340789794921875,0.048251524567604065,0.4620693325996399,0.5454573035240173,0.042106036096811295,0.45717063546180725,0.48376935720443726,0.03333191201090813,0.45658576488494873,0.42816996574401855,0.02394920587539673,0.4806513488292694,0.638476550579071,0.007362566888332367,0.46532124280929565,0.5282242298126221,-0.004139111842960119,0.45879659056663513,0.4540691077709198,-0.01707341894507408,0.4555630683898926,0.390440434217453,-0.02831169217824936,0.48546722531318665,0.6570532321929932,-0.032878030091524124,0.47088906168937683,0.5473813414573669,-0.04541467875242233,0.4654422998428345,0.47576361894607544,-0.05500951036810875,0.46354424953460693,0.4136010408401489,-0.0644773319363594,0.4846061170101166,0.6789556741714478,-0.07013843208551407,0.4785286784172058,0.5964618921279907,-0.08536912500858307,0.4736848771572113,0.5403127074241638,-0.09425204247236252,0.47176051139831543,0.4883137345314026,-0.10294333845376968
0.49306872487068176,0.8791890740394592,1.700490770417673e-07,0.4412599503993988,0.7966489791870117,0.03635609894990921,0.4342319965362549,0.7199105024337769,0.04695902764797211,0.4333694577217102,0.674351155757904,0.045186322182416916,0.4258868396282196,0.6382123827934265,0.04025648534297943,0.4611169099807739,0.6388312578201294,0.041675589978694916,0.4562370479106903,0.5456074476242065,0.03381044790148735,0.4533623158931732,0.48309722542762756,0.023919684812426567,0.45404452085494995,0.4258953630924225,0.014237415045499802,0.47038182616233826,0.6411832571029663,0.007711248937994242,0.46090152859687805,0.528756320476532,-0.004404696170240641,0.4575740098953247,0.45550602674484253,-0.018023014068603516,0.45678335428237915,0.3908703923225403,-0.029297564178705215,0.4772234857082367,0.6569680571556091,-0.02650061994791031,0.4683314561843872,0.5473121404647827,-0.03847122564911842,0.4638163447380066,0.47831693291664124,-0.04858507588505745,0.461967408657074,0.41912949085235596,-0.05791270732879639,0.4828231930732727,0.6762328147888184,-0.058974772691726685,0.478569358587265,0.5942720770835876,-0.07095696032047272,0.4733308255672455,0.5410727262496948,-0.07820133119821548,0.4709266126155853,0.4919882118701935,-0.08567105978727341
0.48990049958229065,0.877454400062561,1.7258315665458213e-07,0.4381019175052643,0.794101357460022,0.03985295817255974,0.4308176636695862,0.7215023040771484,0.05063144117593765,0.42807918787002563,0.6790559887886047,0.048201024532318115,0.4218461215496063,0.6456261277198792,0.04192330315709114,0.4608709514141083,0.6385127902030945,0.0417574867606163,0.4566631019115448,0.5446904897689819,0.03376239165663719,0.45359304547309875,0.4824948310852051,0.023950956761837006,0.4534285366535187,0.42612457275390625,0.014251160435378551,0.47063279151916504,0.6430533528327942,0.005106822121888399,0.46095889806747437,0.5296935439109802,-0.007973154075443745,0.4572274684906006,0.4562687277793884,-0.02223929762840271,0.45513635873794556,0.39191824197769165,-0.03401772677898407,0.47704967856407166,0.6603299975395203,-0.03136551007628441,0.46866467595100403,0.5495916604995728,-0.04440717399120331,0.46450263261795044,0.4792381525039673,-0.05542368069291115,0.46235817670822144,0.41921862959861755,-0.06538833677768707,0.48062989115715027,0.6811255216598511,-0.0656152218580246,0.47704747319221497,0.5972028970718384,-0.07917062938213348,0.4725058972835541,0.5426881313323975,-0.0875084325671196,0.47024253010749817,0.4933466911315918,-0.09581208974123001
0.4889577627182007,0.8787022829055786,2.499843958503334e-07,0.43831631541252136,0.7967258095741272,0.030971094965934753,0.42964884638786316,0.7193211317062378,0.036385852843523026,0.4319270849227905,0.6724064946174622,0.02999458648264408,0.43377184867858887,0.633934736251831,0.020771395415067673,0.46063461899757385,0.643230140209198,0.03242862969636917,0.45581015944480896,0.546085774898529,0.023184826597571373,0.4524582326412201,0.48361754417419434,0.01289856806397438,0.45228174328804016,0.42693468928337097,0.0032967315055429935,0.46795138716697693,0.6458711624145508,0.0006087910151109099,0.45830416679382324,0.531234622001648,-0.011995518580079079,0.454690545797348,0.4569629430770874,-0.025271892547607422,0.45368698239326477,0.3944363296031952,-0.03622923791408539,0.47382134199142456,0.661346435546875,-0.03136732801795006,0.4664192795753479,0.5490879416465759,-0.04121857509016991,0.4629653990268707,0.47766274213790894,-0.05015472322702408,0.46145501732826233,0.41939496994018555,-0.059167854487895966,0.4792094826698303,0.6798438429832458,-0.06219920143485069,0.47713446617126465,0.5971565246582031,-0.0701030045747757,0.47206684947013855,0.5429938435554504,-0.07483071088790894,0.46881407499313354,0.4953206777572632,-0.08087305724620819
0.4872775375843048,0.8767678737640381,2.2744987404621497e-07,0.44047123193740845,0.7940775156021118,0.03593910485506058,0.4327153265476227,0.7178963422775269,0.043351925909519196,0.43396157026290894,0.672164797782898,0.03839408978819847,0.43420594930648804,0.6342411637306213,0.029932990670204163,0.4611905515193939,0.6445987820625305,0.03255775198340416,0.45704880356788635,0.5459764003753662,0.02377922460436821,0.4540274739265442,0.4824346899986267,0.014572559855878353,0.4543275237083435,0.42507225275039673,0.005690483842045069,0.46823927760124207,0.6478984951972961,-0.0013401613105088472,0.45954757928848267,0.5310599207878113,-0.014368648640811443,0.45676255226135254,0.4557836651802063,-0.027196060866117477,0.45630112290382385,0.3918902575969696,-0.03787405416369438,0.4737721085548401,0.6639007329940796,-0.03463831916451454,0.4667639136314392,0.5504662394523621,-0.04533970728516579,0.46325215697288513,0.4792144000530243,-0.054220039397478104,0.46156787872314453,0.420611172914505,-0.06316712498664856,0.4790126383304596,0.682335615158081,-0.0660858228802681,0.47665417194366455,0.598736584186554,-0.07561076432466507,0.471704363822937,0.5446014404296875,-0.08105470985174179,0.46868786215782166,0.49681150913238525,-0.08752891421318054
0.48900938034057617,0.8759949207305908,1.9439052323377837e-07,0.4387090802192688,0.7914568185806274,0.04059760645031929,0.4344536066055298,0.7154064774513245,0.053534600883722305,0.435565710067749,0.6697891354560852,0.053878623992204666,0.43270036578178406,0.6324180960655212,0.051056478172540665,0.46664169430732727,0.6392080783843994,0.04424015060067177,0.4608818590641022,0.5453038811683655,0.03689495101571083,0.45746344327926636,0.47963574528694153,0.02773398347198963,0.4577937424182892,0.4210623502731323,0.019119136035442352,0.47472745180130005,0.6428326368331909,0.009665650315582752,0.4645921289920807,0.5270489454269409,-0.0020269453525543213,0.4611070454120636,0.4508237838745117,-0.014139670878648758,0.4599111080169678,0.38539689779281616,-0.023888368159532547,0.4782128632068634,0.6582328081130981,-0.024751994758844376,0.46724045276641846,0.5460836887359619,-0.03557464852929115,0.4618939459323883,0.47419971227645874,-0.044263407588005066,0.45970845222473145,0.4139755368232727,-0.05233805999159813,0.4777654707431793,0.6749202609062195,-0.05700099840760231,0.47186005115509033,0.5907700061798096,-0.06851115822792053,0.46758976578712463,0.5365670919418335,-0.0753602609038353,0.46683168411254883,0.48742133378982544,-0.08217121660709381
0.48798468708992004,0.8749897480010986,1.789460384316044e-07,0.43730416893959045,0.7888559699058533,0.03906216844916344,0.4328156113624573,0.7131175994873047,0.05057309940457344,0.43523305654525757,0.6668412685394287,0.04962225630879402,0.4339621067047119,0.6294443607330322,0.0451948381960392,0.467050164937973,0.6373597383499146,0.04088764265179634,0.4622858464717865,0.5438106060028076,0.03273497894406319,0.4591962695121765,0.47827646136283875,0.02300451695919037,0.4592958390712738,0.4197928309440613,0.013786225579679012,0.47540080547332764,0.6410566568374634,0.006366936024278402,0.46611830592155457,0.5259177684783936,-0.006258043460547924,0.4618717133998871,0.44995635747909546,-0.018902668729424477,0.4593343734741211,0.3849152624607086,-0.029276590794324875,0.47878092527389526,0.657056987285614,-0.02803320251405239,0.4685707092285156,0.5453689098358154,-0.03988273814320564,0.4627082943916321,0.4738500714302063,-0.0493212565779686,0.45955735445022583,0.41413596272468567,-0.05811282619833946,0.47793668508529663,0.6747193336486816,-0.060324106365442276,0.4724818468093872,0.5904664993286133,-0.07301051914691925,0.46728113293647766,0.5355313420295715,-0.08071784675121307,0.465263694524765,0.4859060049057007,-0.08831083029508591
0.4862511157989502,0.8749128580093384,2.129634566472305e-07,0.4338341951370239,0.790472149848938,0.03504188731312752,0.4304991364479065,0.7120211124420166,0.045289844274520874,0.43535271286964417,0.6615393757820129,0.04370537027716637,0.4372081160545349,0.6161283850669861,0.03881869465112686,0.46687597036361694,0.6376386284828186,0.039031799882650375,0.4635401666164398,0.5423389673233032,0.02985517680644989,0.46143093705177307,0.4751865267753601,0.01887492462992668,0.4624748229980469,0.41524237394332886,0.008864941075444221,0.4757954180240631,0.6406967043876648,0.006584708578884602,0.4673845171928406,0.5248082876205444,-0.006662821397185326,0.4638979136943817,0.44841140508651733,-0.020814767107367516,0.4624834954738617,0.3823794722557068,-0.03223666176199913,0.47896885871887207,0.6558953523635864,-0.026004506275057793,0.46782636642456055,0.5448620319366455,-0.03815261274576187,0.4615296423435211,0.4730501174926758,-0.04832826182246208,0.4579108953475952,0.4131338596343994,-0.05755601450800896,0.47733110189437866,0.673799455165863,-0.05690507963299751,0.4710219204425812,0.5898175239562988,-0.06906347721815109,0.4653256833553314,0.5343971848487854,-0.07647905498743057,0.46264705061912537,0.4844513535499573,-0.0838332399725914
0.48634058237075806,0.8787052631378174,2.3590398257056222e-07,0.43177929520606995,0.7972204685211182,0.03017425909638405,0.42669248580932617,0.719131588935852,0.038227491080760956,0.4296773374080658,0.6694275736808777,0.03510987013578415,0.4291689097881317,0.6252614855766296,0.029170246794819832,0.4681425094604492,0.6385029554367065,0.03738789260387421,0.4628904461860657,0.5449274778366089,0.027587182819843292,0.4602975845336914,0.4776957631111145,0.015511359088122845,0.4608614146709442,0.41774410009384155,0.004772263113409281,0.47655144333839417,0.6404165625572205,0.007065238896757364,0.4666498899459839,0.526374101638794,-0.006261221133172512,0.46284040808677673,0.4495786428451538,-0.021026097238063812,0.4611586630344391,0.382368266582489,-0.03285220265388489,0.47899124026298523,0.6549370288848877,-0.023962190374732018,0.46702563762664795,0.5439001321792603,-0.03657101094722748,0.4610867202281952,0.47217386960983276,-0.04730335623025894,0.45779380202293396,0.4120684564113617,-0.056638918817043304,0.47566932439804077,0.6722968816757202,-0.053774844855070114,0.46936824917793274,0.5886971354484558,-0.06579839438199997,0.4630565941333771,0.5342540144920349,-0.07307606935501099,0.4595962166786194,0.48445799946784973,-0.08018819987773895
0.49008888006210327,0.8791562914848328,2.1963575136396685e-07,0.43746787309646606,0.7950708270072937,0.03337540477514267,0.4330390989780426,0.716844379901886,0.042669158428907394,0.43652862310409546,0.6682132482528687,0.04083492234349251,0.4340251386165619,0.6262688040733337,0.0360594242811203,0.46507054567337036,0.6375354528427124,0.03616167977452278,0.4619521200656891,0.5434755086898804,0.02533804625272751,0.46038609743118286,0.4751140773296356,0.013073326088488102,0.461884468793869,0.4146960973739624,0.002548410091549158,0.47370439767837524,0.6412754058837891,0.004748788196593523,0.4661492705345154,0.5268011689186096,-0.009522078558802605,0.4636642038822174,0.448658287525177,-0.02389412745833397,0.46324485540390015,0.3805043399333954,-0.035328131169080734,0.47654908895492554,0.6563051342964172,-0.026884447783231735,0.4676083028316498,0.5448265671730042,-0.039843037724494934,0.4618000388145447,0.4719353914260864,-0.05014514550566673,0.4588963985443115,0.4109574854373932,-0.059184640645980835,0.4756042957305908,0.6733683943748474,-0.05684042349457741,0.47019290924072266,0.5895242691040039,-0.06922484189271927,0.4639013111591339,0.5352237224578857,-0.07624612003564835,0.46085625886917114,0.4863815903663635,-0.08307100087404251
0.48922309279441833,0.879952609539032,2.442301365590538e-07,0.4334859848022461,0.7947350740432739,0.031507622450590134,0.42726752161979675,0.716408908367157,0.038937170058488846,0.43138250708580017,0.6674131155014038,0.03500492870807648,0.432431697845459,0.62430739402771,0.027626246213912964,0.46689939498901367,0.6439933180809021,0.034140195697546005,0.46131977438926697,0.5473422408103943,0.023449204862117767,0.45815467834472656,0.4801636338233948,0.01143589150160551,0.45807456970214844,0.4191354215145111,0.00078995042713359,0.4765106737613678,0.6474608778953552,0.0028460281901061535,0.4646904468536377,0.5327455997467041,-0.012341254390776157,0.46003061532974243,0.4549689292907715,-0.02784310281276703,0.45796680450439453,0.3854273855686188,-0.04019233211874962,0.47863394021987915,0.6631524562835693,-0.02870676852762699,0.4665859639644623,0.5500340461730957,-0.0429321825504303,0.4602786898612976,0.4766223728656769,-0.0544247068464756,0.45678913593292236,0.4140665531158447,-0.06421735882759094,0.47358232736587524,0.6810508370399475,-0.0586528517305851,0.46704626083374023,0.59507817029953,-0.07229993492364883,0.46016624569892883,0.5384656190872192,-0.08052466064691544,0.4562978744506836,0.4867052435874939,-0.08833228796720505
0.4897356927394867,0.8766415119171143,2.8325385414973425e-07,0.431050568819046,0.7927756309509277,0.03127816319465637,0.42225998640060425,0.7166621088981628,0.03863419592380524,0.42294013500213623,0.6699029803276062,0.03448949754238129,0.42416349053382874,0.6289752125740051,0.027186548337340355,0.4642048478126526,0.6381288766860962,0.03522731363773346,0.45921358466148376,0.5456209182739258,0.024051515385508537,0.45660069584846497,0.4792211353778839,0.011556752026081085,0.4576023519039154,0.4189798831939697,0.0006332070915959775,0.4734082520008087,0.6419728994369507,0.0037014258559793234,0.4632001519203186,0.5310109257698059,-0.01184258982539177,0.45931193232536316,0.4522874355316162,-0.027467841282486916,0.4584985375404358,0.38246220350265503,-0.039637479931116104,0.47571927309036255,0.6588347554206848,-0.028284603729844093,0.46449583768844604,0.5497889518737793,-0.042995501309633255,0.4586787819862366,0.47720521688461304,-0.05435655638575554,0.4560706913471222,0.4159785807132721,-0.06366203725337982,0.47150251269340515,0.6795435547828674,-0.05877980962395668,0.46747887134552,0.5957905054092407,-0.0729006752371788,0.46188783645629883,0.5409373044967651,-0.08097855746746063,0.4592737555503845,0.4917539954185486,-0.08826429396867752
0.4879209101200104,0.8713534474372864,2.3439598351160384e-07,0.43760064244270325,0.7912397384643555,0.02961350418627262,0.4333244562149048,0.7134737372398376,0.03756590932607651,0.4368203580379486,0.6629685759544373,0.035333581268787384,0.4369196891784668,0.6176881790161133,0.030576562508940697,0.4648652672767639,0.6394132971763611,0.031903091818094254,0.4599679112434387,0.5458005666732788,0.021805353462696075,0.45687782764434814,0.4796750545501709,0.01095277164131403,0.4575263559818268,0.41970089077949524,0.0014188193017616868,0.4727911651134491,0.6424919962882996,0.0033543298486620188,0.46136894822120667,0.5320196151733398,-0.01149806659668684,0.4571281373500824,0.45581889152526855,-0.025461478158831596,0.45599275827407837,0.38780784606933594,-0.036367323249578476,0.47476884722709656,0.6567850708961487,-0.02533900737762451,0.464672714471817,0.5488117337226868,-0.038746919482946396,0.45899102091789246,0.475389689207077,-0.04945763573050499,0.4561469256877899,0.41462478041648865,-0.058396611362695694,0.4715162515640259,0.6732742190361023,-0.05251968652009964,0.4659263789653778,0.593106210231781,-0.06460894644260406,0.46009963750839233,0.5384960174560547,-0.07202645391225815,0.4575542211532593,0.49022358655929565,-0.0790698379278183
0.48561719059944153,0.8754697442054749,1.9725493416444806e-07,0.43431994318962097,0.7936634421348572,0.03481720760464668,0.428960919380188,0.7164279818534851,0.04400315508246422,0.43126317858695984,0.6664848923683167,0.04157049581408501,0.4305874705314636,0.6225298047065735,0.035678423941135406,0.4707421362400055,0.6429762244224548,0.03553022816777229,0.4621254503726959,0.5488845109939575,0.026090433821082115,0.4571447968482971,0.4825775921344757,0.015212997794151306,0.45588579773902893,0.42229557037353516,0.0052016074769198895,0.47949567437171936,0.6465150117874146,0.0031480619218200445,0.4651084840297699,0.5345264077186584,-0.010543526150286198,0.45905500650405884,0.45687371492385864,-0.02510932646691799,0.456180602312088,0.388249009847641,-0.037093598395586014,0.48003295063972473,0.6621951460838318,-0.029047762975096703,0.46611493825912476,0.5516226291656494,-0.042349401861429214,0.4595087468624115,0.4795692563056946,-0.05358763784170151,0.4561353921890259,0.4182034432888031,-0.06356386840343475,0.4729412794113159,0.6795458197593689,-0.059230003505945206,0.46679961681365967,0.5964059233665466,-0.07333113998174667,0.46082037687301636,0.5421051979064941,-0.08222036808729172,0.45768553018569946,0.49230554699897766,-0.09050430357456207
0.48596498370170593,0.8730946183204651,1.671696878702278e-07,0.43042051792144775,0.7910397052764893,0.03932575136423111,0.4251392185688019,0.7173432111740112,0.05152321979403496,0.42780405282974243,0.671367347240448,0.05173448473215103,0.4292108714580536,0.6296035647392273,0.04824746772646904,0.46659132838249207,0.6392656564712524,0.03892162814736366,0.46210119128227234,0.5455278158187866,0.03055751509964466,0.45957300066947937,0.4792711138725281,0.020630571991205215,0.4607398211956024,0.420344740152359,0.011222162283957005,0.47645580768585205,0.6430380940437317,0.005303472746163607,0.46352848410606384,0.5296280980110168,-0.00819943193346262,0.45773157477378845,0.45254480838775635,-0.021767349913716316,0.45524266362190247,0.385609894990921,-0.032872699201107025,0.4783666729927063,0.6594070196151733,-0.027854183688759804,0.4650273621082306,0.5476422309875488,-0.04161151498556137,0.45790526270866394,0.47554516792297363,-0.05276493728160858,0.4544607698917389,0.4148639440536499,-0.06256058067083359,0.4730379283428192,0.6781896948814392,-0.058500830084085464,0.46795907616615295,0.5947346687316895,-0.07478512078523636,0.4610986113548279,0.5400893688201904,-0.08521643280982971,0.45706313848495483,0.4902442693710327,-0.0943298190832138
0.48750826716423035,0.8767130374908447,1.8433438242482225e-07,0.43233275413513184,0.7943382859230042,0.03506704047322273,0.4281347095966339,0.7163463830947876,0.045491695404052734,0.4326033294200897,0.6640369296073914,0.04486705735325813,0.4355860948562622,0.6180968284606934,0.04124920442700386,0.4693531095981598,0.6407028436660767,0.03535360470414162,0.4648510217666626,0.5472965240478516,0.02560720033943653,0.4616313874721527,0.47942954301834106,0.01458271499723196,0.46159034967422485,0.41944175958633423,0.004638083279132843,0.47849684953689575,0.6441828608512878,0.003981785383075476,0.4675174951553345,0.5302690267562866,-0.010316292755305767,0.4620946943759918,0.45188745856285095,-0.024106459692120552,0.4594237506389618,0.38454145193099976,-0.035195957869291306,0.47930291295051575,0.6596002578735352,-0.02718859165906906,0.4679829180240631,0.5481445789337158,-0.04039891064167023,0.46065378189086914,0.4751628637313843,-0.0506938174366951,0.4570241868495941,0.41456007957458496,-0.05978478491306305,0.47303006052970886,0.6768460273742676,-0.05637076869606972,0.46703970432281494,0.5946046710014343,-0.07051954418420792,0.45975351333618164,0.5401355028152466,-0.07934348285198212,0.45606979727745056,0.4910946488380432,-0.08726990967988968
0.48688769340515137,0.8787347078323364,2.1641028524754802e-07,0.4283033013343811,0.7944998741149902,0.035611387342214584,0.4232572019100189,0.7175223231315613,0.046483639627695084,0.42788106203079224,0.6694134473800659,0.04560163989663124,0.43296146392822266,0.6242666840553284,0.04141347482800484,0.46327921748161316,0.6406185626983643,0.0405646488070488,0.46207019686698914,0.5478517413139343,0.03150934725999832,0.46042460203170776,0.4806974530220032,0.020423419773578644,0.46176883578300476,0.4212413430213928,0.010479535907506943,0.4736500382423401,0.6433747410774231,0.008431878872215748,0.46578505635261536,0.5307140946388245,-0.005155308172106743,0.4609626233577728,0.45351019501686096,-0.019442908465862274,0.45850419998168945,0.38628125190734863,-0.030745115131139755,0.4763249158859253,0.6586200594902039,-0.023922545835375786,0.4666999578475952,0.5479323863983154,-0.03720390796661377,0.4599294662475586,0.47549694776535034,-0.0481170155107975,0.4561126232147217,0.41559430956840515,-0.05731187388300896,0.4716555178165436,0.6773144602775574,-0.05434930697083473,0.4667346477508545,0.5930686593055725,-0.06798812001943588,0.4597267806529999,0.537726640701294,-0.07613935321569443,0.4556664228439331,0.4884192943572998,-0.08353521674871445
0.48597031831741333,0.8782314658164978,1.7218778225469578e-07,0.43773528933525085,0.796181321144104,0.03157874569296837,0.4337880313396454,0.7159531116485596,0.04102735593914986,0.4381759762763977,0.6615407466888428,0.039873044937849045,0.4395667612552643,0.6137358546257019,0.03589174151420593,0.46730145812034607,0.6406370401382446,0.03462589532136917,0.46015653014183044,0.5480718016624451,0.02499769628047943,0.45576709508895874,0.4815880060195923,0.014302732422947884,0.455588161945343,0.42205995321273804,0.004566338378936052,0.4746638834476471,0.6428362131118774,0.0047585307620465755,0.4613758325576782,0.5326386094093323,-0.00986764021217823,0.45515117049217224,0.45557326078414917,-0.02379501610994339,0.4523516297340393,0.38813623785972595,-0.034708213061094284,0.47572144865989685,0.6576279997825623,-0.025355884805321693,0.4635389745235443,0.5480204224586487,-0.03966629132628441,0.45546847581863403,0.4753684997558594,-0.05100807547569275,0.4505930244922638,0.4146270751953125,-0.06045244634151459,0.4719710052013397,0.6759252548217773,-0.05371195077896118,0.46571433544158936,0.5944847464561462,-0.06832762062549591,0.4581640064716339,0.5400961637496948,-0.07748285681009293,0.45363888144493103,0.49159467220306396,-0.08557266741991043
0.48673397302627563,0.8768699765205383,1.520378845043524e-07,0.43113794922828674,0.7961053848266602,0.036636464297771454,0.4244242012500763,0.7203226685523987,0.047501444816589355,0.4263174831867218,0.6728264689445496,0.04660703241825104,0.4245796799659729,0.6337888240814209,0.04199744388461113,0.4663526713848114,0.6401013135910034,0.03821834176778793,0.4599403738975525,0.548177182674408,0.03038785606622696,0.4560888409614563,0.4848461151123047,0.02074175514280796,0.4559367597103119,0.42807650566101074,0.011116470210254192,0.4755604565143585,0.6431812047958374,0.00504279462620616,0.46174073219299316,0.5297937989234924,-0.008542466908693314,0.4553513824939728,0.45551061630249023,-0.02208315208554268,0.4516262710094452,0.39026790857315063,-0.03321969881653786,0.4773927628993988,0.659776508808136,-0.028122493997216225,0.4629795551300049,0.5462011694908142,-0.04250374808907509,0.45515450835227966,0.4760235548019409,-0.05390987545251846,0.450664758682251,0.4160720407962799,-0.0638713538646698,0.4721565544605255,0.6793218851089478,-0.059052832424640656,0.46518534421920776,0.5954426527023315,-0.07591291517019272,0.4571460783481598,0.5397529602050781,-0.08704753965139389,0.45202258229255676,0.4881361722946167,-0.09684936702251434
0.48438453674316406,0.8756825923919678,1.8004483592903853e-07,0.43514421582221985,0.7934138774871826,0.03347271308302879,0.4298658072948456,0.7135107517242432,0.043402791023254395,0.4329834580421448,0.6593487858772278,0.04207420349121094,0.4336492419242859,0.6113722920417786,0.03753456100821495,0.4667814075946808,0.6404201984405518,0.03571923449635506,0.4622986912727356,0.5460859537124634,0.02636338584125042,0.4586866497993469,0.4795604944229126,0.015595592558383942,0.4583602249622345,0.42015311121940613,0.0055435276590287685,0.4750475287437439,0.6432831883430481,0.004328811541199684,0.46402961015701294,0.5302894115447998,-0.01005637925118208,0.45809370279312134,0.45336905121803284,-0.024456314742565155,0.4546832740306854,0.38600191473960876,-0.0360429547727108,0.4761895537376404,0.6586354374885559,-0.02714274264872074,0.4640480577945709,0.5461373925209045,-0.041232649236917496,0.4561735689640045,0.47447651624679565,-0.05242530629038811,0.45122992992401123,0.41396671533584595,-0.06220732629299164,0.47103968262672424,0.6764870882034302,-0.05676054209470749,0.46419790387153625,0.5947471857070923,-0.07200130820274353,0.4564143419265747,0.5402820110321045,-0.08158741146326065,0.45175957679748535,0.4905489385128021,-0.09014637768268585
0.4859529137611389,0.8778589963912964,1.858199141224759e-07,0.4263506531715393,0.7939056754112244,0.034025806933641434,0.4224433898925781,0.7184226512908936,0.043882694095373154,0.42809543013572693,0.6703154444694519,0.042540520429611206,0.4313330054283142,0.6268508434295654,0.03770359233021736,0.46688759326934814,0.6418997049331665,0.03655391186475754,0.4607621133327484,0.5487350225448608,0.0274234376847744,0.4567616879940033,0.4832938313484192,0.016573751345276833,0.45690444111824036,0.4242531359195709,0.006493403110653162,0.47751373052597046,0.6449134349822998,0.0053463587537407875,0.4627123475074768,0.5319703817367554,-0.009076125919818878,0.4552970826625824,0.4559885859489441,-0.023813672363758087,0.45212432742118835,0.38819876313209534,-0.03562871366739273,0.47893375158309937,0.6609860062599182,-0.02589232474565506,0.46444201469421387,0.5487883687019348,-0.04033973067998886,0.4556159973144531,0.4767836928367615,-0.05216270685195923,0.4516575038433075,0.4155336022377014,-0.062107473611831665,0.4717130661010742,0.6797865033149719,-0.05511694401502609,0.4654145836830139,0.5964946150779724,-0.07054567337036133,0.4574035704135895,0.5414392352104187,-0.08042437583208084,0.453086256980896,0.49108147621154785,-0.08916185796260834
0.4853091835975647,0.8761141896247864,1.618229248379066e-07,0.43112343549728394,0.7915712594985962,0.035974856466054916,0.4260224997997284,0.7147268056869507,0.046627290546894073,0.42913538217544556,0.6643389463424683,0.045568130910396576,0.4301513433456421,0.6177704930305481,0.0412825308740139,0.4660838544368744,0.6398009061813354,0.0386870875954628,0.4596051275730133,0.5482356548309326,0.029853874817490578,0.455454021692276,0.483280748128891,0.019358845427632332,0.4553382694721222,0.4252583682537079,0.009573908522725105,0.47490429878234863,0.6430460810661316,0.0061712139286100864,0.46188169717788696,0.5317986011505127,-0.007490857969969511,0.45495933294296265,0.4565318822860718,-0.021137215197086334,0.4516266882419586,0.391076922416687,-0.03216597065329552,0.4761139750480652,0.6585369110107422,-0.026403028517961502,0.4629743695259094,0.5477854609489441,-0.039682257920503616,0.45466315746307373,0.4763208031654358,-0.05005282163619995,0.4505614638328552,0.4165043830871582,-0.05924798548221588,0.47086063027381897,0.67676842212677,-0.05699488893151283,0.464710533618927,0.5942273736000061,-0.07138126343488693,0.4573192596435547,0.5396336317062378,-0.08013471961021423,0.45335179567337036,0.4904939532279968,-0.08808936923742294
0.4845161736011505,0.8761457800865173,2.1665408667104202e-07,0.42664024233818054,0.7938003540039062,0.033062249422073364,0.4212298095226288,0.7158814668655396,0.04262674227356911,0.42473042011260986,0.6663484573364258,0.04069947078824043,0.4270517826080322,0.6212916970252991,0.035618871450424194,0.4643091559410095,0.6408541798591614,0.039137329906225204,0.4596059024333954,0.5481347441673279,0.030416298657655716,0.4560929536819458,0.4824223518371582,0.019409140571951866,0.4563809037208557,0.4233757257461548,0.009235400706529617,0.4737337827682495,0.6433926820755005,0.007829501293599606,0.4613187313079834,0.5322722792625427,-0.005524334032088518,0.45383599400520325,0.4555314779281616,-0.01996065489947796,0.4499143660068512,0.3881241977214813,-0.03157297149300575,0.47558239102363586,0.6586869359016418,-0.02389681152999401,0.46283861994743347,0.5479978919029236,-0.03722207993268967,0.45428577065467834,0.4756639003753662,-0.04820592328906059,0.44976741075515747,0.41509440541267395,-0.057663626968860626,0.4697994589805603,0.6770365238189697,-0.05398014187812805,0.46414539217948914,0.5948619842529297,-0.06792862713336945,0.45701372623443604,0.5398911833763123,-0.07653263956308365,0.4530901610851288,0.49033236503601074,-0.08438356965780258
0.48375558853149414,0.8710927367210388,6.628879845038682e-08,0.4372064769268036,0.7823980450630188,0.047455478459596634,0.4330363869667053,0.706218421459198,0.06403613835573196,0.4355263411998749,0.654039740562439,0.06734288483858109,0.4366946518421173,0.6066510081291199,0.06670708954334259,0.46591898798942566,0.6360710859298706,0.044875241816043854,0.457671582698822,0.545378565788269,0.03864459693431854,0.4521290063858032,0.4808386564254761,0.030924296006560326,0.4510723948478699,0.42308932542800903,0.022491423413157463,0.47429439425468445,0.6401839256286621,0.007194768637418747,0.4600878655910492,0.5281823873519897,-0.007212345954030752,0.45305687189102173,0.45224708318710327,-0.020514456555247307,0.4490431547164917,0.3862420320510864,-0.0312220249325037,0.475338339805603,0.6572521924972534,-0.029360083863139153,0.4615751802921295,0.5467691421508789,-0.04427248612046242,0.4533039331436157,0.4752621054649353,-0.055201176553964615,0.44865503907203674,0.4151562452316284,-0.06469547748565674,0.47137588262557983,0.6772705912590027,-0.06252197921276093,0.46382078528404236,0.5941808819770813,-0.07988999783992767,0.4560643136501312,0.5395973920822144,-0.09079466760158539,0.4516267776489258,0.491047739982605,-0.10034715384244919
0.480724036693573,0.8729202747344971,1.2551375050406932e-07,0.4258716404438019,0.7836511731147766,0.04615563154220581,0.42169854044914246,0.7086372375488281,0.06007113307714462,0.42278265953063965,0.6619167327880859,0.060479991137981415,0.42077910900115967,0.6173655390739441,0.056612804532051086,0.46171191334724426,0.6354324221611023,0.044607505202293396,0.4578299820423126,0.5427311658859253,0.037738412618637085,0.4553007483482361,0.4798727035522461,0.029590165242552757,0.4572957754135132,0.4240214228630066,0.02082783728837967,0.47213637828826904,0.640627384185791,0.006285912822932005,0.456702321767807,0.5273047685623169,-0.007585545536130667,0.4492465555667877,0.4533706307411194,-0.020993584766983986,0.44587114453315735,0.3887510597705841,-0.032087042927742004,0.4746757447719574,0.6586365103721619,-0.03138841688632965,0.45841532945632935,0.5433100461959839,-0.04719536378979683,0.45046454668045044,0.47250354290008545,-0.058318011462688446,0.44671630859375,0.4107554256916046,-0.06811028718948364,0.46906307339668274,0.6794109344482422,-0.06582045555114746,0.46227791905403137,0.595441997051239,-0.08572926372289658,0.4551592767238617,0.538517951965332,-0.09838569164276123,0.4507588744163513,0.48571890592575073,-0.10909910500049591
0.4834599494934082,0.8791087865829468,1.3045142566170398e-07,0.4283401668071747,0.7962417602539062,0.03478366509079933,0.4231901168823242,0.7198978662490845,0.045880649238824844,0.4260779321193695,0.668680727481842,0.04547895863652229,0.42706412076950073,0.6214020848274231,0.04191182181239128,0.4653187692165375,0.6441025733947754,0.04181835427880287,0.457965224981308,0.551692008972168,0.034575171768665314,0.4515088200569153,0.48718535900115967,0.02445562183856964,0.44867104291915894,0.42920318245887756,0.014704778790473938,0.47494634985923767,0.6453151702880859,0.010413319803774357,0.4591352939605713,0.5341594219207764,-0.0021982970647513866,0.4488414525985718,0.45913052558898926,-0.016194796189665794,0.44228798151016235,0.39256390929222107,-0.02736056037247181,0.4762781858444214,0.6593665480613708,-0.021324031054973602,0.4608519375324249,0.546356737613678,-0.03458217903971672,0.45080241560935974,0.47430533170700073,-0.04529349133372307,0.4450075626373291,0.41302478313446045,-0.05436291918158531,0.4698343575000763,0.6766002774238586,-0.051129523664712906,0.46265196800231934,0.5928583145141602,-0.06551555544137955,0.4545093774795532,0.5374550223350525,-0.07407825440168381,0.4496086537837982,0.48616892099380493,-0.08164407312870026
0.4846910834312439,0.8758091330528259,7.356614872833234e-08,0.42939293384552,0.7881873846054077,0.046384360641241074,0.42280513048171997,0.7143746614456177,0.06210954114794731,0.42335060238838196,0.6666966080665588,0.06471403688192368,0.4246152937412262,0.6216579675674438,0.06330391764640808,0.4629327356815338,0.6396481394767761,0.04551391303539276,0.455530047416687,0.5491272211074829,0.03963783383369446,0.45019686222076416,0.48656967282295227,0.032110150903463364,0.44920283555984497,0.43089401721954346,0.023742148652672768,0.47213590145111084,0.6440070867538452,0.008183101192116737,0.45626315474510193,0.531096339225769,-0.005718144588172436,0.44783371686935425,0.45665621757507324,-0.018482835963368416,0.442755788564682,0.39117997884750366,-0.028779111802577972,0.47370317578315735,0.6610895395278931,-0.02839425578713417,0.45842593908309937,0.5463603138923645,-0.043786559253931046,0.44922757148742676,0.47619473934173584,-0.05436274781823158,0.4445686340332031,0.4156219959259033,-0.0634770318865776,0.4684922397136688,0.6806857585906982,-0.061689991503953934,0.4611695408821106,0.5968060493469238,-0.08126475661993027,0.4536237120628357,0.541418194770813,-0.0934174582362175,0.44995710253715515,0.4902353882789612,-0.10345963388681412
0.48407554626464844,0.8807330131530762,1.0716939158328387e-07,0.4316435158252716,0.7988378405570984,0.03999156504869461,0.4255776107311249,0.7203726768493652,0.052950888872146606,0.4272700548171997,0.6681181788444519,0.05326821655035019,0.4267495572566986,0.6217502951622009,0.05012984946370125,0.46479639410972595,0.6428371071815491,0.04474787414073944,0.4569494128227234,0.5520429015159607,0.038057856261730194,0.45078474283218384,0.4879685342311859,0.028743978589773178,0.4487946927547455,0.43021294474601746,0.019232414662837982,0.47333410382270813,0.6447283625602722,0.009927304461598396,0.4575439691543579,0.5349127054214478,-0.002661098027601838,0.44779592752456665,0.4595528244972229,-0.0159766785800457,0.44178763031959534,0.39396461844444275,-0.026821734383702278,0.4745285212993622,0.6598891615867615,-0.0248839370906353,0.45957595109939575,0.5481567978858948,-0.03850606456398964,0.449995219707489,0.47688400745391846,-0.04877676069736481,0.44454532861709595,0.4158725440502167,-0.05784357711672783,0.46916133165359497,0.6784870624542236,-0.0573544017970562,0.4618717432022095,0.5953538417816162,-0.07311283051967621,0.4539220631122589,0.5405482053756714,-0.08242667466402054,0.44939690828323364,0.49014565348625183,-0.0906560942530632
0.48394250869750977,0.8781189918518066,1.705892032077827e-07,0.42558297514915466,0.7920231819152832,0.03439181670546532,0.4205440878868103,0.7144830822944641,0.04490333050489426,0.4245905578136444,0.6638837456703186,0.0443679504096508,0.426470011472702,0.6178323030471802,0.040711820125579834,0.4645753502845764,0.6444844007492065,0.03721963241696358,0.45634758472442627,0.5501448512077332,0.02927256189286709,0.45069336891174316,0.48590338230133057,0.01991044357419014,0.4487505555152893,0.4276700019836426,0.010893244296312332,0.47408154606819153,0.6478040814399719,0.006514883600175381,0.45791661739349365,0.5339342355728149,-0.007308076601475477,0.4482627511024475,0.45907875895500183,-0.02044246532022953,0.44242218136787415,0.392794132232666,-0.030899811536073685,0.47514039278030396,0.6631225347518921,-0.02418743632733822,0.46025335788726807,0.5489842891693115,-0.03772793710231781,0.45058968663215637,0.4781503677368164,-0.04769805446267128,0.44521844387054443,0.4187318682670593,-0.056238122284412384,0.46804681420326233,0.6802279949188232,-0.05292213708162308,0.4610968232154846,0.5959583520889282,-0.06780143082141876,0.4531617760658264,0.5408948659896851,-0.07704497128725052,0.44886520504951477,0.4909605383872986,-0.08512385934591293
0.4818004369735718,0.8806254863739014,1.2111523517432943e-07,0.42805302143096924,0.7963432669639587,0.042677778750658035,0.42324522137641907,0.7205474972724915,0.05756822228431702,0.42549148201942444,0.6708039045333862,0.05974860116839409,0.42555466294288635,0.6251742243766785,0.05861661583185196,0.46528375148773193,0.6435014605522156,0.04838583990931511,0.45745593309402466,0.5520243644714355,0.04280220344662666,0.4516249895095825,0.4869336783885956,0.034169893711805344,0.4503077566623688,0.4290608763694763,0.02544311247766018,0.4743839502334595,0.6463002562522888,0.01353366207331419,0.4591098129749298,0.5333876609802246,0.002343342872336507,0.4501400887966156,0.457400381565094,-0.010178868658840656,0.4452487826347351,0.3916390836238861,-0.020486939698457718,0.47471940517425537,0.6612451672554016,-0.021111829206347466,0.4605333209037781,0.5486993193626404,-0.033335208892822266,0.451102077960968,0.47743892669677734,-0.04301437735557556,0.4459957182407379,0.4176595211029053,-0.051537979394197464,0.46744686365127563,0.6788322329521179,-0.053155168890953064,0.46131470799446106,0.5939645171165466,-0.06745695322751999,0.4539712071418762,0.5395253896713257,-0.07595295459032059,0.4499885141849518,0.489982545375824,-0.08355747908353806
0.48326554894447327,0.8812217712402344,7.588194961272166e-08,0.4309983253479004,0.7926986217498779,0.0453767292201519,0.4255641996860504,0.715994119644165,0.06179989129304886,0.42809784412384033,0.6657959222793579,0.06525366008281708,0.4301219880580902,0.6192252039909363,0.06502939015626907,0.46426278352737427,0.6446456909179688,0.04780508577823639,0.457746684551239,0.551328718662262,0.042632732540369034,0.4538797438144684,0.48704999685287476,0.03505018725991249,0.4542243480682373,0.43017250299453735,0.02684406191110611,0.4729350209236145,0.6476570963859558,0.011876705102622509,0.4562329351902008,0.532725989818573,0.00018291198648512363,0.4483579993247986,0.4584067463874817,-0.01205048430711031,0.4442487359046936,0.3935073912143707,-0.02219102531671524,0.474229633808136,0.6629509925842285,-0.023534804582595825,0.457655131816864,0.5479774475097656,-0.03671787679195404,0.44911056756973267,0.4764660596847534,-0.04750356078147888,0.4454275369644165,0.41579070687294006,-0.057050082832574844,0.46890366077423096,0.6805451512336731,-0.05588831752538681,0.4613720178604126,0.5954045057296753,-0.07272323220968246,0.4539927840232849,0.5401866436004639,-0.08382201194763184,0.45056891441345215,0.48966729640960693,-0.09342150390148163
0.48346319794654846,0.8813486099243164,8.022231412496694e-08,0.4272439777851105,0.7930549383163452,0.04529031366109848,0.42288413643836975,0.7167266607284546,0.062200646847486496,0.426649808883667,0.6681317090988159,0.06622479110956192,0.42773517966270447,0.623207151889801,0.06664565950632095,0.4616676867008209,0.6439365148544312,0.05132190138101578,0.4535922110080719,0.5511730909347534,0.04811827838420868,0.44726940989494324,0.48769134283065796,0.04155176505446434,0.445138156414032,0.4313742518424988,0.03400646895170212,0.47115474939346313,0.6470171213150024,0.016086315736174583,0.45512017607688904,0.5342697501182556,0.00601149769499898,0.44517919421195984,0.4610585570335388,-0.005862787365913391,0.43941935896873474,0.39709505438804626,-0.01579056866466999,0.47233280539512634,0.6624603271484375,-0.0187037605792284,0.4580083191394806,0.549540102481842,-0.03049466572701931,0.44887575507164,0.47860854864120483,-0.04077637568116188,0.44427037239074707,0.4188441336154938,-0.04993459954857826,0.46654778718948364,0.6802123785018921,-0.05046432465314865,0.4601295292377472,0.5945551991462708,-0.06519658863544464,0.45309844613075256,0.5405107736587524,-0.07463512569665909,0.449926495552063,0.491286963224411,-0.08312889188528061
0.4824506938457489,0.881111741065979,1.9727184508155915e-07,0.4253392815589905,0.7942647933959961,0.03374249115586281,0.4192299544811249,0.7130575180053711,0.04434574022889137,0.4229303002357483,0.6583632230758667,0.04352976754307747,0.42597442865371704,0.6101468801498413,0.03995662182569504,0.4613187909126282,0.6456025838851929,0.04157533124089241,0.4547341763973236,0.551869809627533,0.03396672010421753,0.4496366083621979,0.48664534091949463,0.024033602327108383,0.44846823811531067,0.4278089106082916,0.01459789089858532,0.47074806690216064,0.6470929980278015,0.010853957384824753,0.4564145505428314,0.5357426404953003,-0.0017026980640366673,0.44836631417274475,0.4606637954711914,-0.015020417049527168,0.44455984234809875,0.39515331387519836,-0.02561013773083687,0.4719550609588623,0.6609343886375427,-0.02032480761408806,0.4585459530353546,0.5503406524658203,-0.032725777477025986,0.4492897093296051,0.47883620858192444,-0.042432840913534164,0.4442089796066284,0.41910380125045776,-0.050828300416469574,0.465862900018692,0.6780180335044861,-0.04985518380999565,0.4599563479423523,0.5952630043029785,-0.0623498298227787,0.4521912932395935,0.5410813689231873,-0.06965671479701996,0.447793573141098,0.49222493171691895,-0.07646708935499191
0.48246899247169495,0.8812181353569031,1.360423027563229e-07,0.4275170564651489,0.7955375909805298,0.0392148531973362,0.421669065952301,0.7197431921958923,0.05200129374861717,0.4237286448478699,0.6678752899169922,0.05278993025422096,0.42319455742836,0.620274007320404,0.05049344152212143,0.46441781520843506,0.6479458808898926,0.04376797378063202,0.45495882630348206,0.5546592473983765,0.03780828043818474,0.4482499957084656,0.49004149436950684,0.02940828911960125,0.4456518590450287,0.43171003460884094,0.02095707319676876,0.47336214780807495,0.6490737199783325,0.011107130907475948,0.4553806781768799,0.5362522602081299,-0.00032769827521406114,0.4449639618396759,0.4613461494445801,-0.012059247121214867,0.4391885995864868,0.3969103693962097,-0.02175307087600231,0.47353503108024597,0.6634504795074463,-0.021362189203500748,0.458091676235199,0.5504041910171509,-0.03266710788011551,0.44798916578292847,0.4793094992637634,-0.04103068262338638,0.4429932236671448,0.42029693722724915,-0.04888477176427841,0.4668325185775757,0.680478572845459,-0.0515594556927681,0.4604179263114929,0.5962372422218323,-0.06441977620124817,0.4529990553855896,0.5417805910110474,-0.07183082401752472,0.4495205283164978,0.49197956919670105,-0.07877302169799805
0.4812505841255188,0.880555272102356,1.3889464867133938e-07,0.4246712923049927,0.7958847284317017,0.036527808755636215,0.418049156665802,0.7183162569999695,0.04887650907039642,0.41982465982437134,0.6681795120239258,0.049603141844272614,0.42000505328178406,0.6229738593101501,0.047344870865345,0.46326449513435364,0.6453115344047546,0.042915988713502884,0.45404210686683655,0.5516378283500671,0.03718467801809311,0.44729962944984436,0.48823028802871704,0.028902467340230942,0.44428688287734985,0.43149805068969727,0.02039269357919693,0.4727243483066559,0.6476079821586609,0.011315900832414627,0.455012708902359,0.5344357490539551,-4.71483581350185e-05,0.4449266195297241,0.4604751467704773,-0.012492751702666283,0.438544362783432,0.39623400568962097,-0.022645533084869385,0.4738926589488983,0.6626519560813904,-0.020441288128495216,0.45728379487991333,0.54897540807724,-0.03259167820215225,0.4477328062057495,0.47848081588745117,-0.04246537759900093,0.44256630539894104,0.419361412525177,-0.05118453875184059,0.4670816957950592,0.6798054575920105,-0.0501151867210865,0.45998185873031616,0.5956695079803467,-0.0648709163069725,0.45244404673576355,0.5409728288650513,-0.07425045222043991,0.4484763741493225,0.4906337261199951,-0.0824064314365387
0.4823240637779236,0.8768641948699951,9.724658411869314e-08,0.4316757917404175,0.790524423122406,0.037119876593351364,0.42725950479507446,0.7110353708267212,0.049615658819675446,0.430421382188797,0.6557839512825012,0.05039972811937332,0.43040719628334045,0.6075409650802612,0.04820113256573677,0.46256566047668457,0.6410474181175232,0.04320242628455162,0.4540938138961792,0.5485034584999084,0.03747343271970749,0.4471438527107239,0.4861440658569336,0.02910589426755905,0.44356781244277954,0.4297766089439392,0.020435480400919914,0.4711798429489136,0.6426622271537781,0.011309342458844185,0.4543564021587372,0.5323315858840942,-7.253436342580244e-05,0.4437723159790039,0.45994216203689575,-0.012158448807895184,0.43647441267967224,0.39743077754974365,-0.022209832444787025,0.47256070375442505,0.6571657657623291,-0.020696869120001793,0.4574621617794037,0.5459491610527039,-0.032527659088373184,0.44781404733657837,0.4763404130935669,-0.0417456291615963,0.4415918290615082,0.4186655879020691,-0.050274770706892014,0.4680737257003784,0.6747368574142456,-0.050618305802345276,0.4610038101673126,0.5917868614196777,-0.06419399380683899,0.4529370665550232,0.537778913974762,-0.07249841094017029,0.4476577043533325,0.48878931999206543,-0.08018828183412552
0.48054587841033936,0.8794214725494385,1.488169232288783e-07,0.42365047335624695,0.7934200763702393,0.03694935515522957,0.41747722029685974,0.7136194109916687,0.04900142177939415,0.42101970314979553,0.661829948425293,0.049100689589977264,0.4228862226009369,0.6150907278060913,0.04600811004638672,0.4573920667171478,0.6439079642295837,0.04428324103355408,0.45127782225608826,0.5510007739067078,0.03841647878289223,0.44534027576446533,0.4879777431488037,0.029731998220086098,0.44347816705703735,0.4314762353897095,0.02083071507513523,0.46714475750923157,0.6458811163902283,0.012030006386339664,0.45194143056869507,0.5350469350814819,0.000463452422991395,0.44274458289146423,0.46187716722488403,-0.012839742004871368,0.43777987360954285,0.3975335657596588,-0.023560214787721634,0.4701225757598877,0.6609854102134705,-0.02033611200749874,0.45608556270599365,0.5495772361755371,-0.032566606998443604,0.44722050428390503,0.4791543185710907,-0.04260639101266861,0.44199827313423157,0.41906338930130005,-0.05144060403108597,0.46696266531944275,0.6799091100692749,-0.05061766132712364,0.46069514751434326,0.5971824526786804,-0.0636872872710228,0.4526812434196472,0.5428367257118225,-0.07143743336200714,0.4476574957370758,0.49261510372161865,-0.07869672030210495
0.4827558994293213,0.8815078735351562,1.74349253256878e-07,0.4265691936016083,0.7947726845741272,0.03356929123401642,0.4206729531288147,0.7162685394287109,0.04341637343168259,0.4223422110080719,0.6635153293609619,0.041583579033613205,0.4192795157432556,0.6171169281005859,0.03710157424211502,0.4642954468727112,0.6438366770744324,0.043256327509880066,0.4525076448917389,0.5536267757415771,0.036657050251960754,0.44404563307762146,0.4911099672317505,0.02690858766436577,0.4398314356803894,0.43334847688674927,0.017372824251651764,0.4733385443687439,0.6454440355300903,0.012166054919362068,0.4548580050468445,0.5368427038192749,0.0004830439866054803,0.4434121549129486,0.4626625180244446,-0.012902827933430672,0.43714362382888794,0.39774107933044434,-0.023833174258470535,0.47363802790641785,0.660589873790741,-0.01939309760928154,0.45854777097702026,0.5519842505455017,-0.030427953228354454,0.44798630475997925,0.4816546142101288,-0.0390617810189724,0.44247543811798096,0.4228532612323761,-0.04703780636191368,0.4671815037727356,0.6794649958610535,-0.04942430555820465,0.4606534242630005,0.5976957082748413,-0.05973988398909569,0.45306000113487244,0.5441653728485107,-0.06520908325910568,0.4492706060409546,0.4949904680252075,-0.07104987651109695
0.48148900270462036,0.8803673386573792,1.4674631643174507e-07,0.42486080527305603,0.7922877073287964,0.046117834746837616,0.41854724287986755,0.7166550755500793,0.06287606805562973,0.4204576015472412,0.6680078506469727,0.06607577204704285,0.42079874873161316,0.6231406927108765,0.06572247296571732,0.461847186088562,0.6433496475219727,0.05235936492681503,0.45500457286834717,0.5507315993309021,0.047906916588544846,0.45121464133262634,0.4853285253047943,0.040272440761327744,0.45158466696739197,0.42833462357521057,0.03237628564238548,0.47157666087150574,0.6460119485855103,0.015705453231930733,0.457215815782547,0.530964732170105,0.004531648941338062,0.45002272725105286,0.45474347472190857,-0.007587330881506205,0.4461812674999237,0.39194977283477783,-0.01705922745168209,0.4733482897281647,0.6613734364509583,-0.020684750750660896,0.457420289516449,0.5478790402412415,-0.033145803958177567,0.4483097195625305,0.4754981994628906,-0.04324869066476822,0.4437285363674164,0.41608136892318726,-0.051800936460494995,0.46762219071388245,0.6791039109230042,-0.05414150655269623,0.46018096804618835,0.591611385345459,-0.06937454640865326,0.4523799419403076,0.5363150835037231,-0.07886292785406113,0.44837114214897156,0.4863598942756653,-0.0870148167014122
0.4833519756793976,0.8806213140487671,1.3317810498847393e-07,0.4301576614379883,0.7910429239273071,0.03885021433234215,0.4253569543361664,0.7129310965538025,0.0522938072681427,0.42868635058403015,0.6612059473991394,0.05362908914685249,0.42828428745269775,0.6147942543029785,0.0520750917494297,0.46712878346443176,0.6433513760566711,0.04774072393774986,0.45789265632629395,0.5504897236824036,0.042610399425029755,0.45114564895629883,0.48597395420074463,0.03416091203689575,0.4481658637523651,0.4284672737121582,0.025643793866038322,0.4755352735519409,0.6447039842605591,0.015321590937674046,0.4592795968055725,0.5317834615707397,0.005151801742613316,0.4503166675567627,0.4577954411506653,-0.0064227101393043995,0.4451550543308258,0.39521875977516174,-0.016058940440416336,0.47487396001815796,0.6592844724655151,-0.01730695739388466,0.45953381061553955,0.5466068983078003,-0.027034716680645943,0.45006582140922546,0.47561872005462646,-0.03476885333657265,0.44568538665771484,0.41756880283355713,-0.04233939200639725,0.4678357243537903,0.6764359474182129,-0.04792509973049164,0.4605598449707031,0.5911823511123657,-0.0587596669793129,0.45328816771507263,0.5362662672996521,-0.0649709478020668,0.4501234292984009,0.48645269870758057,-0.07133013010025024
0.48106181621551514,0.8803832530975342,1.6387907919579447e-07,0.4244844615459442,0.7947073578834534,0.03984668850898743,0.4193670153617859,0.7175344824790955,0.05254623666405678,0.4233032166957855,0.6705380082130432,0.052834250032901764,0.42478880286216736,0.6270685195922852,0.049718353897333145,0.46143069863319397,0.6428252458572388,0.044646307826042175,0.4559745788574219,0.5483061671257019,0.03835032135248184,0.45227140188217163,0.48382577300071716,0.029841981828212738,0.45247212052345276,0.4282580614089966,0.021402837708592415,0.47063377499580383,0.6453062891960144,0.010752013884484768,0.4579954147338867,0.5280701518058777,-0.00031035844585858285,0.4514276683330536,0.4541506767272949,-0.01195455901324749,0.4485078454017639,0.39333462715148926,-0.02144145965576172,0.4722647964954376,0.6615813970565796,-0.023230014368891716,0.4570409953594208,0.5461090803146362,-0.03424541652202606,0.44954752922058105,0.47442805767059326,-0.04306795820593834,0.447246789932251,0.41529640555381775,-0.051479876041412354,0.46744924783706665,0.68107670545578,-0.054997820407152176,0.4616467356681824,0.5953384041786194,-0.0685444101691246,0.454791784286499,0.539237380027771,-0.07699842751026154,0.4513300955295563,0.48794323205947876,-0.08489427715539932
0.4821038544178009,0.8796917796134949,1.1750821471423478e-07,0.42979589104652405,0.7885258197784424,0.03690279275178909,0.42874616384506226,0.7102764844894409,0.048765089362859726,0.4329245388507843,0.6576889753341675,0.04898644983768463,0.4311135411262512,0.6104133129119873,0.046438656747341156,0.4703400433063507,0.6417515873908997,0.04447820410132408,0.46053794026374817,0.5481525659561157,0.038673557341098785,0.45226767659187317,0.4845901429653168,0.029932402074337006,0.4473337233066559,0.4275280237197876,0.021475190296769142,0.4786745011806488,0.6432681679725647,0.013179196044802666,0.4610251784324646,0.5294995307922363,0.003110004821792245,0.44972747564315796,0.4557744264602661,-0.00791831873357296,0.442053884267807,0.3939715623855591,-0.01727280206978321,0.47782447934150696,0.6579369306564331,-0.01828020066022873,0.4612346887588501,0.5449936389923096,-0.027010705322027206,0.4506727457046509,0.4740212559700012,-0.03361017629504204,0.44513869285583496,0.41607001423835754,-0.040680911391973495,0.4695691764354706,0.6747382879257202,-0.04796106368303299,0.4614037275314331,0.5901678204536438,-0.05720534548163414,0.45402708649635315,0.5355674028396606,-0.06208256632089615,0.45052599906921387,0.4863300621509552,-0.06767871230840683
0.4833967387676239,0.8731697797775269,1.214934286508651e-07,0.4237351715564728,0.7812997698783875,0.04259544238448143,0.4169364273548126,0.7059128880500793,0.05583292618393898,0.41922318935394287,0.6597774028778076,0.055606067180633545,0.41946324706077576,0.6166143417358398,0.05158926174044609,0.4570147693157196,0.6331787109375,0.049429621547460556,0.4502123296260834,0.5425556898117065,0.04473268985748291,0.4438694417476654,0.4819421172142029,0.03688041865825653,0.44146862626075745,0.4284685552120209,0.028283201158046722,0.466898649930954,0.637285053730011,0.013011645525693893,0.45251771807670593,0.5253705382347107,0.0022553030867129564,0.4430798292160034,0.4544518291950226,-0.010102694854140282,0.4378661811351776,0.39348700642585754,-0.020403223112225533,0.47014889121055603,0.6544636487960815,-0.023523833602666855,0.4559442698955536,0.5440321564674377,-0.03565700352191925,0.4484308063983917,0.47540175914764404,-0.04493357613682747,0.4452579617500305,0.4170382618904114,-0.05357284098863602,0.46728456020355225,0.6762113571166992,-0.057571910321712494,0.46176689863204956,0.5936008095741272,-0.07178762555122375,0.4547428786754608,0.5397165417671204,-0.07979150116443634,0.4505619406700134,0.48988446593284607,-0.08742496371269226
0.48231184482574463,0.8759226202964783,1.5344012638252025e-07,0.4293806552886963,0.7818931341171265,0.03840470686554909,0.42776861786842346,0.704069197177887,0.04846068099141121,0.4297086298465729,0.6502337455749512,0.046168003231287,0.426869660615921,0.6013978123664856,0.04115760326385498,0.46602892875671387,0.6413573622703552,0.04341558739542961,0.4543020725250244,0.5481319427490234,0.03765274956822395,0.4458869993686676,0.48670634627342224,0.029712064191699028,0.44106364250183105,0.4303193688392639,0.02189292572438717,0.4743056893348694,0.6432769894599915,0.010973937809467316,0.4547675848007202,0.5316353440284729,8.3751387137454e-05,0.4427686035633087,0.45729997754096985,-0.010643266141414642,0.4354037344455719,0.39462167024612427,-0.019610363990068436,0.47438377141952515,0.6584739685058594,-0.021183650940656662,0.4590819776058197,0.5459840297698975,-0.029604006558656693,0.44940507411956787,0.4755101501941681,-0.034097496420145035,0.4449816644191742,0.41854211688041687,-0.03968655318021774,0.4680810570716858,0.6760924458503723,-0.05148938298225403,0.4616960287094116,0.5946475863456726,-0.05904866382479668,0.4548207223415375,0.5398485660552979,-0.0618942491710186,0.45178061723709106,0.4911378026008606,-0.06608370691537857
0.48189136385917664,0.8781672716140747,2.1497916691259888e-07,0.4208222031593323,0.7900571823120117,0.03200487792491913,0.4152218699455261,0.7138532400131226,0.04045270383358002,0.42002442479133606,0.6670640110969543,0.03710858151316643,0.4200582504272461,0.6239001154899597,0.030870532616972923,0.4611179828643799,0.6399507522583008,0.04330816492438316,0.45084160566329956,0.5484268069267273,0.036785952746868134,0.44328564405441284,0.4864349663257599,0.026715459302067757,0.4401787221431732,0.4298504590988159,0.017226023599505424,0.47109824419021606,0.6423282027244568,0.012898517772555351,0.45247721672058105,0.5332950949668884,0.0022036503069102764,0.44096821546554565,0.46030014753341675,-0.011028734035789967,0.43581628799438477,0.3969446122646332,-0.021707572042942047,0.47359800338745117,0.6575227975845337,-0.018214307725429535,0.4566432535648346,0.5499623417854309,-0.02843511663377285,0.44809889793395996,0.4796683192253113,-0.03649965301156044,0.44545450806617737,0.4211495518684387,-0.043790869414806366,0.4688616394996643,0.6769318580627441,-0.04810468479990959,0.4628485143184662,0.5918876528739929,-0.057258233428001404,0.4561382234096527,0.5372437834739685,-0.06129540503025055,0.4531812071800232,0.487657368183136,-0.06588947027921677
0.4825337529182434,0.8773519992828369,1.376071594449968e-07,0.4310140609741211,0.7869030237197876,0.03771994262933731,0.42938172817230225,0.7109374403953552,0.04913860186934471,0.4321883022785187,0.6605049967765808,0.048534881323575974,0.427811861038208,0.6152023673057556,0.04537161812186241,0.46934038400650024,0.6419035196304321,0.046751078218221664,0.45572489500045776,0.549778938293457,0.04221491515636444,0.4469650089740753,0.4874613881111145,0.034166350960731506,0.4425492286682129,0.43077534437179565,0.026164723560214043,0.477449506521225,0.6436823010444641,0.015270531177520752,0.4553394019603729,0.5337864756584167,0.006334460340440273,0.44342872500419617,0.460114985704422,-0.0045579602010548115,0.4372204840183258,0.39770427346229553,-0.013953042216598988,0.4764596223831177,0.6574625968933105,-0.016233529895544052,0.4584018588066101,0.5483300089836121,-0.02363787591457367,0.4485935568809509,0.4779517352581024,-0.029331782832741737,0.4450216591358185,0.42099326848983765,-0.035751212388277054,0.4687630832195282,0.672935426235199,-0.04597615823149681,0.460814505815506,0.5902485847473145,-0.05304703488945961,0.4545590579509735,0.5370323061943054,-0.05613730847835541,0.4523009657859802,0.48994916677474976,-0.06050720810890198
0.48023003339767456,0.8728570938110352,1.6154670845480723e-07,0.42287585139274597,0.7857087850570679,0.03310399129986763,0.41779372096061707,0.7112497091293335,0.04092753306031227,0.4208964705467224,0.6666686534881592,0.03714622184634209,0.4206754267215729,0.6270493865013123,0.03021826408803463,0.4621647000312805,0.638028621673584,0.03806140273809433,0.4513310492038727,0.545526921749115,0.0312734991312027,0.44262897968292236,0.4848676919937134,0.02235543169081211,0.4385870397090912,0.43066543340682983,0.013368634507060051,0.47119221091270447,0.6415066123008728,0.006858810316771269,0.45111140608787537,0.5284943580627441,-0.004669769201427698,0.440538614988327,0.4580044746398926,-0.017453379929065704,0.43558523058891296,0.39657244086265564,-0.028132200241088867,0.47317492961883545,0.6579515933990479,-0.024595297873020172,0.45504030585289,0.5461652278900146,-0.036696743220090866,0.4470546543598175,0.4769468903541565,-0.04648405686020851,0.4440721571445465,0.4185546636581421,-0.05540194362401962,0.46823927760124207,0.6778824329376221,-0.05425548180937767,0.462924599647522,0.5952363610267639,-0.0672430470585823,0.45614296197891235,0.540519118309021,-0.07494605332612991,0.4518376886844635,0.4890710115432739,-0.08240210264921188
0.48006340861320496,0.874460756778717,1.7539383634357364e-07,0.42502278089523315,0.7891940474510193,0.03077162429690361,0.42066091299057007,0.7132689356803894,0.03824595734477043,0.42266687750816345,0.6614753603935242,0.03481091186404228,0.4202936589717865,0.6150821447372437,0.0292765311896801,0.46616560220718384,0.6399186849594116,0.039866454899311066,0.4526493549346924,0.5471333861351013,0.03297000750899315,0.4433150887489319,0.48431164026260376,0.023190293461084366,0.4380713999271393,0.4280300736427307,0.01388163398951292,0.4746941328048706,0.6416769623756409,0.010905115865170956,0.45391038060188293,0.5307958722114563,-0.00012499514559749514,0.4419083595275879,0.45737481117248535,-0.012396118603646755,0.435821533203125,0.39398103952407837,-0.022520244121551514,0.47450578212738037,0.6555142402648926,-0.018502529710531235,0.4569292664527893,0.5441522598266602,-0.02744750864803791,0.44754308462142944,0.47508537769317627,-0.032833926379680634,0.44438061118125916,0.4174307882785797,-0.03871792182326317,0.4676051735877991,0.6723978519439697,-0.04688294231891632,0.4610835313796997,0.59090256690979,-0.05490334331989288,0.45371294021606445,0.5375511646270752,-0.05801355093717575,0.4501250684261322,0.4885048568248749,-0.062015287578105927
0.47649264335632324,0.8731334805488586,1.5536481612343778e-07,0.4230746030807495,0.7865508198738098,0.031120067462325096,0.4179832339286804,0.7102266550064087,0.03911693021655083,0.4207439720630646,0.6592116355895996,0.03620610758662224,0.42056626081466675,0.6137422323226929,0.03099578619003296,0.460095077753067,0.6408071517944336,0.037507496774196625,0.4500744342803955,0.5486922860145569,0.029912441968917847,0.4430243968963623,0.4864393472671509,0.020339233800768852,0.4399188756942749,0.4316334128379822,0.011113078333437443,0.46860837936401367,0.6431701183319092,0.008168864995241165,0.450970858335495,0.5298618674278259,-0.0037223806139081717,0.44196322560310364,0.45820462703704834,-0.01618845947086811,0.437960684299469,0.3954782485961914,-0.02639894187450409,0.4707041084766388,0.6573390364646912,-0.021547850221395493,0.45542117953300476,0.5442865490913391,-0.032413505017757416,0.4482727348804474,0.47633445262908936,-0.039779677987098694,0.44543173909187317,0.4188108444213867,-0.04692467674612999,0.4679533541202545,0.674659013748169,-0.04996608570218086,0.4619344472885132,0.5944836139678955,-0.060898713767528534,0.4543808400630951,0.5416009426116943,-0.06667716056108475,0.44920244812965393,0.49234136939048767,-0.07255574315786362
0.4781888723373413,0.8755055665969849,1.92111698993358e-07,0.42273759841918945,0.792332649230957,0.02843189239501953,0.41898706555366516,0.7166975140571594,0.03488389030098915,0.42198583483695984,0.6651713252067566,0.030959896743297577,0.4190678894519806,0.6198124885559082,0.02515663020312786,0.46570584177970886,0.6416336297988892,0.03680068254470825,0.45305025577545166,0.5480807423591614,0.029600560665130615,0.44512733817100525,0.4853149652481079,0.019688857719302177,0.4408680498600006,0.42927491664886475,0.01027203630656004,0.4746226668357849,0.6439386606216431,0.00919533334672451,0.4541730582714081,0.5317546129226685,-0.002332269214093685,0.4432421922683716,0.4584740996360779,-0.015072646550834179,0.4380955994129181,0.3949234187602997,-0.02560991607606411,0.47414329648017883,0.6581946611404419,-0.0188395157456398,0.45734450221061707,0.5459699630737305,-0.02800423465669155,0.448766827583313,0.4765399098396301,-0.03407182916998863,0.44646501541137695,0.4190526604652405,-0.04051566123962402,0.4674411118030548,0.6749011278152466,-0.04598001018166542,0.4612727165222168,0.5942111015319824,-0.05392995849251747,0.4541783034801483,0.5413858890533447,-0.05758916959166527,0.4507216811180115,0.492562472820282,-0.06215634569525719
0.4784182012081146,0.8725762963294983,1.4820774651980173e-07,0.4244632124900818,0.7872827649116516,0.034024711698293686,0.41867733001708984,0.7123917937278748,0.04309695586562157,0.4213975965976715,0.6637371182441711,0.04080885276198387,0.4208413064479828,0.620023250579834,0.036070991307497025,0.460237979888916,0.6384391784667969,0.04016294330358505,0.45009657740592957,0.5468466281890869,0.033903077244758606,0.44350606203079224,0.485795795917511,0.025036899372935295,0.44097521901130676,0.43149638175964355,0.01601671241223812,0.4687371850013733,0.6403743624687195,0.009780642576515675,0.45106998085975647,0.528188943862915,-0.0008004312985576689,0.442071795463562,0.45694199204444885,-0.012680322863161564,0.43851280212402344,0.3953202962875366,-0.02294163778424263,0.46993833780288696,0.6551841497421265,-0.020770985633134842,0.4551810622215271,0.5419063568115234,-0.030328884720802307,0.4476838707923889,0.4742739796638489,-0.03734412416815758,0.44542816281318665,0.41788920760154724,-0.044857289642095566,0.46620604395866394,0.6728085875511169,-0.0497700572013855,0.4609763026237488,0.593426525592804,-0.060568731278181076,0.4540097415447235,0.5410534143447876,-0.06680009514093399,0.45005616545677185,0.49227839708328247,-0.07330000400543213
0.4783012270927429,0.8756701946258545,1.5231712779950612e-07,0.4266919195652008,0.7892002463340759,0.032076913863420486,0.42498621344566345,0.7100642323493958,0.040565796196460724,0.4298447072505951,0.6531649231910706,0.03846327215433121,0.43086713552474976,0.6036933064460754,0.034504327923059464,0.4640599489212036,0.646652340888977,0.03690098598599434,0.4533015489578247,0.549176037311554,0.029590535908937454,0.4454619586467743,0.4846489429473877,0.020948102697730064,0.44074535369873047,0.4278264045715332,0.012658958323299885,0.47260576486587524,0.6485263109207153,0.008002039976418018,0.4537777006626129,0.5314251184463501,-0.0037964482326060534,0.44377607107162476,0.45721787214279175,-0.015134450048208237,0.4379395544528961,0.39329004287719727,-0.02445792406797409,0.47282540798187256,0.6616020798683167,-0.02091882936656475,0.45625102519989014,0.5460240840911865,-0.03025362454354763,0.4477103054523468,0.4762800931930542,-0.03531813621520996,0.44413676857948303,0.4184722304344177,-0.04112141579389572,0.4678595960140228,0.6761503219604492,-0.04854566231369972,0.4602465331554413,0.5945191979408264,-0.05690053105354309,0.4531577229499817,0.5409296751022339,-0.0606289878487587,0.44910627603530884,0.49164879322052,-0.06527136266231537
0.47687309980392456,0.871383786201477,1.586683282539525e-07,0.4234406054019928,0.7854126691818237,0.032122477889060974,0.41709578037261963,0.709102988243103,0.04110550135374069,0.41998136043548584,0.6595507264137268,0.03905295580625534,0.4204798936843872,0.6145609021186829,0.03457881882786751,0.45711639523506165,0.6410155892372131,0.03838527575135231,0.44862866401672363,0.5467162132263184,0.031208576634526253,0.4422747790813446,0.4836237132549286,0.022186795249581337,0.4396827518939972,0.42841026186943054,0.013266501016914845,0.46588966250419617,0.6433876752853394,0.00861222855746746,0.4494909644126892,0.5283268690109253,-0.0033419588580727577,0.4417503774166107,0.4565463066101074,-0.016112860292196274,0.4382931888103485,0.39346981048583984,-0.026518074795603752,0.4686548709869385,0.6573518514633179,-0.021443285048007965,0.4539545178413391,0.5444967150688171,-0.032670073211193085,0.44716542959213257,0.4763146638870239,-0.041184309870004654,0.4441334903240204,0.4186558723449707,-0.04910440370440483,0.46715399622917175,0.674532413482666,-0.04999084770679474,0.46083036065101624,0.5939151644706726,-0.06158706545829773,0.4532582461833954,0.5410321950912476,-0.06833403557538986,0.4481755197048187,0.49198222160339355,-0.07493337988853455
0.47880294919013977,0.875146746635437,1.7034341226462857e-07,0.426661878824234,0.7852873206138611,0.03247310221195221,0.42471712827682495,0.705663800239563,0.04038235917687416,0.4292755126953125,0.6482385993003845,0.03769116848707199,0.4303898215293884,0.5987554788589478,0.03354674577713013,0.46513333916664124,0.6477795839309692,0.03653908893465996,0.4530256390571594,0.5483400225639343,0.02920476719737053,0.44504010677337646,0.48364537954330444,0.02084243670105934,0.44017988443374634,0.4275422692298889,0.013049371540546417,0.4731094539165497,0.6504852771759033,0.007667187601327896,0.4527829587459564,0.5319855809211731,-0.004434078000485897,0.4428117573261261,0.45754683017730713,-0.015582540072500706,0.43762317299842834,0.3949843943119049,-0.024490194395184517,0.47230929136276245,0.6635732650756836,-0.021030694246292114,0.45492061972618103,0.5466570258140564,-0.029256535694003105,0.44632479548454285,0.476214736700058,-0.03291307017207146,0.44363635778427124,0.4192172884941101,-0.03771929442882538,0.4673450291156769,0.6770915985107422,-0.048436082899570465,0.4595334827899933,0.5944929122924805,-0.05480572581291199,0.4526418447494507,0.5412498712539673,-0.0568690150976181,0.44923707842826843,0.4931236505508423,-0.06032279506325722
0.47784557938575745,0.8699363470077515,1.4222102606709086e-07,0.4230732023715973,0.7822176218032837,0.03592713922262192,0.41660284996032715,0.706502377986908,0.04652263596653938,0.4189002513885498,0.6572866439819336,0.045534927397966385,0.41994816064834595,0.6121939420700073,0.04200904816389084,0.4558878242969513,0.6399551033973694,0.04113594442605972,0.44769686460494995,0.5457178354263306,0.03502780944108963,0.44163668155670166,0.4836922883987427,0.02709508128464222,0.4390011131763458,0.4294688403606415,0.018892966210842133,0.46509432792663574,0.6429041028022766,0.009676387533545494,0.44909900426864624,0.5275656580924988,-0.001861956319771707,0.4415203332901001,0.45661547780036926,-0.01353551261126995,0.4376574158668518,0.3947361409664154,-0.02307252585887909,0.4680633246898651,0.6576474905014038,-0.021803079172968864,0.4537442624568939,0.5435478091239929,-0.032384518533945084,0.44686731696128845,0.4763697385787964,-0.039195265620946884,0.44357120990753174,0.41990095376968384,-0.04599607735872269,0.46738532185554504,0.6752742528915405,-0.05146968364715576,0.4606977701187134,0.5942341089248657,-0.062460802495479584,0.4534934461116791,0.5418309569358826,-0.0681808814406395,0.44874823093414307,0.49342578649520874,-0.07409662753343582
0.47997307777404785,0.8747103810310364,1.692168183353715e-07,0.4277247190475464,0.7873688340187073,0.03586369752883911,0.42374706268310547,0.7078922390937805,0.04556569829583168,0.4271599352359772,0.6512129902839661,0.04380117356777191,0.42854824662208557,0.601850688457489,0.04032052308320999,0.46037808060646057,0.6463556885719299,0.041343629360198975,0.45034781098365784,0.5480213761329651,0.03520519658923149,0.4425218999385834,0.4837827682495117,0.027641111984848976,0.4373842477798462,0.4276169240474701,0.020195571705698967,0.4685879051685333,0.6472945213317871,0.01050376147031784,0.4505592882633209,0.5290844440460205,-0.0003903339384123683,0.4407152235507965,0.4550674557685852,-0.010469759814441204,0.4348674714565277,0.3935786783695221,-0.018520714715123177,0.46946975588798523,0.6597295999526978,-0.02023543417453766,0.4532982409000397,0.5425038933753967,-0.02817106433212757,0.4448893368244171,0.4734868109226227,-0.03139937296509743,0.44146671891212463,0.41719114780426025,-0.035833220928907394,0.46600809693336487,0.6738971471786499,-0.049456946551799774,0.45884019136428833,0.5914729237556458,-0.056039806455373764,0.45208612084388733,0.5386329889297485,-0.05802484229207039,0.4484896957874298,0.4905521869659424,-0.06129547208547592
0.4776616096496582,0.8725546598434448,2.1082844625652797e-07,0.4219551086425781,0.7877542972564697,0.030619850382208824,0.4140926003456116,0.7093736529350281,0.03896839916706085,0.41671115159988403,0.6571397185325623,0.03643662482500076,0.4166741669178009,0.6110455393791199,0.03191801533102989,0.45631173253059387,0.642112135887146,0.03911739960312843,0.44901785254478455,0.5461815595626831,0.03189525753259659,0.44238972663879395,0.48145243525505066,0.02251538261771202,0.43810582160949707,0.42490819096565247,0.01390648353844881,0.4644451439380646,0.6436809301376343,0.010269519872963428,0.45093485713005066,0.5282692909240723,-0.00033334188628941774,0.44241365790367126,0.454446017742157,-0.011819622479379177,0.43706679344177246,0.39124026894569397,-0.021059051156044006,0.46674844622612,0.655963122844696,-0.019104450941085815,0.4548521339893341,0.5434595942497253,-0.0278855599462986,0.4476986825466156,0.47457969188690186,-0.0338129997253418,0.44405996799468994,0.41849371790885925,-0.039747487753629684,0.46480369567871094,0.6706482768058777,-0.047447167336940765,0.45912501215934753,0.5870233774185181,-0.05457203835248947,0.4525502622127533,0.5342647433280945,-0.05727548897266388,0.44869935512542725,0.4868379235267639,-0.060933370143175125
0.47869813442230225,0.872217059135437,1.920775645203321e-07,0.4258492588996887,0.7870420217514038,0.031223870813846588,0.41995516419410706,0.7076342105865479,0.03895295038819313,0.4231431782245636,0.6503468751907349,0.035974372178316116,0.42519092559814453,0.6014666557312012,0.03149527311325073,0.4558625817298889,0.6433375477790833,0.036674924194812775,0.44770729541778564,0.5468421578407288,0.029469143599271774,0.4406909942626953,0.4838831126689911,0.021328873932361603,0.43637925386428833,0.4291290044784546,0.013309761881828308,0.4639121890068054,0.6451022624969482,0.007539869286119938,0.44835424423217773,0.5293272137641907,-0.005084274802356958,0.4400104880332947,0.456014484167099,-0.01649746671319008,0.4355582296848297,0.3946797847747803,-0.025446755811572075,0.46565619111061096,0.6585395336151123,-0.021758105605840683,0.4526606798171997,0.543706476688385,-0.03155066817998886,0.44566404819488525,0.47491520643234253,-0.03626406565308571,0.44304507970809937,0.4188084602355957,-0.041593607515096664,0.4643828868865967,0.6738693118095398,-0.0498410202562809,0.4579412341117859,0.5946610569953918,-0.05830557644367218,0.4509204626083374,0.5419890284538269,-0.061720527708530426,0.44753313064575195,0.4936201572418213,-0.06594063341617584
0.47966650128364563,0.8736757040023804,1.456944005440164e-07,0.4300162196159363,0.7851945757865906,0.03946399688720703,0.4260486364364624,0.7072792649269104,0.05055418238043785,0.4299134910106659,0.6516719460487366,0.04954596981406212,0.43121737241744995,0.6034603714942932,0.04649968817830086,0.45775777101516724,0.645233154296875,0.042945947498083115,0.4489312767982483,0.5498116612434387,0.0374332033097744,0.4418470859527588,0.48643821477890015,0.030356822535395622,0.4375658929347992,0.4313276410102844,0.022971734404563904,0.4647345542907715,0.6466609239578247,0.010359661653637886,0.44796428084373474,0.5306010842323303,-0.0007007679669186473,0.43947744369506836,0.4573570191860199,-0.010617357678711414,0.4347340762615204,0.39636513590812683,-0.018721360713243484,0.4659492075443268,0.6603593826293945,-0.021716231480240822,0.45221662521362305,0.544286847114563,-0.03010600432753563,0.445151686668396,0.4760968089103699,-0.03294376656413078,0.44290897250175476,0.42016491293907166,-0.03722216933965683,0.46547016501426697,0.6758865714073181,-0.05188684165477753,0.45946064591407776,0.5942138433456421,-0.059515491127967834,0.45333483815193176,0.5414772033691406,-0.06175876036286354,0.450427770614624,0.49274447560310364,-0.06523316353559494
0.47952085733413696,0.8765769004821777,1.8290612047167087e-07,0.4244745075702667,0.7917651534080505,0.033201683312654495,0.42082124948501587,0.712815523147583,0.04228700324892998,0.4251793920993805,0.6572250127792358,0.040406204760074615,0.4264838695526123,0.6086350083351135,0.036564625799655914,0.46068161725997925,0.6484174132347107,0.03960308060050011,0.45089009404182434,0.5504979491233826,0.03290965035557747,0.4430921673774719,0.48577672243118286,0.0246918685734272,0.43814894556999207,0.42957568168640137,0.01680295169353485,0.47001615166664124,0.6498332619667053,0.01000900473445654,0.4516555666923523,0.5329122543334961,-0.0014641848392784595,0.4415890574455261,0.45893430709838867,-0.012705814093351364,0.4355517625808716,0.39625391364097595,-0.02160189487040043,0.47130119800567627,0.662804365158081,-0.019656626507639885,0.4551953673362732,0.5473836660385132,-0.028937095776200294,0.4461915194988251,0.47774624824523926,-0.03384319692850113,0.4421631097793579,0.42048972845077515,-0.03915553167462349,0.4671971797943115,0.6778246760368347,-0.047933924943208694,0.4593037962913513,0.5954022407531738,-0.05603495612740517,0.45190033316612244,0.5420004725456238,-0.059146981686353683,0.4479355216026306,0.49308156967163086,-0.06306525319814682
0.47975441813468933,0.8723289370536804,1.576319164087181e-07,0.42743119597435,0.7860592603683472,0.033424168825149536,0.4213617742061615,0.7083730697631836,0.04200143739581108,0.42308491468429565,0.6567390561103821,0.039681196212768555,0.4224716126918793,0.6110647916793823,0.035308338701725006,0.4581514596939087,0.6448407769203186,0.035913921892642975,0.44979873299598694,0.5485756993293762,0.02837895043194294,0.4430027902126312,0.485507071018219,0.0201667882502079,0.4385070204734802,0.43077194690704346,0.012095171958208084,0.4662022888660431,0.6475657820701599,0.005652111954987049,0.4504295885562897,0.530325710773468,-0.007314429152756929,0.44230854511260986,0.4581854045391083,-0.018596846610307693,0.43698686361312866,0.3956296741962433,-0.027556568384170532,0.46797919273376465,0.6616215705871582,-0.02447829209268093,0.4545120298862457,0.5454534888267517,-0.03501749411225319,0.44716599583625793,0.47753068804740906,-0.040350187569856644,0.4434129595756531,0.4210551083087921,-0.046039972454309464,0.46691668033599854,0.6777253150939941,-0.05305862799286842,0.4604203402996063,0.5964227318763733,-0.06266585737466812,0.45352834463119507,0.5433917045593262,-0.06695368140935898,0.4494209587574005,0.49469098448753357,-0.07185882329940796
0.480995237827301,0.8707586526870728,1.4103231649187364e-07,0.42867475748062134,0.7859028577804565,0.03640437126159668,0.4249679744243622,0.7090886831283569,0.04736074432730675,0.42842593789100647,0.655765950679779,0.04726073518395424,0.4286780059337616,0.6090360283851624,0.04534594342112541,0.4605870544910431,0.6439239382743835,0.04123175889253616,0.4512453079223633,0.5482936501502991,0.035584986209869385,0.44378581643104553,0.4848237931728363,0.028296349570155144,0.4393138885498047,0.4303897023200989,0.02098085917532444,0.4686678946018219,0.6458161473274231,0.011026437394320965,0.45064038038253784,0.5297387838363647,0.00029502343386411667,0.4414634704589844,0.45696741342544556,-0.009860962629318237,0.4360998272895813,0.39572441577911377,-0.018193207681179047,0.46936658024787903,0.6590868830680847,-0.01895778439939022,0.45399901270866394,0.5437412261962891,-0.027217408642172813,0.44605425000190735,0.4757902920246124,-0.031422194093465805,0.44301319122314453,0.4204200208187103,-0.03669124096632004,0.46638911962509155,0.6733796000480652,-0.04720873385667801,0.4590400755405426,0.5939096212387085,-0.055572934448719025,0.45245832204818726,0.5419133305549622,-0.05946805328130722,0.4492066502571106,0.494239866733551,-0.06413355469703674
0.47876742482185364,0.8752408027648926,1.8898596465533046e-07,0.4213126003742218,0.7904573678970337,0.03595560044050217,0.41685885190963745,0.7146169543266296,0.04602809622883797,0.4207163155078888,0.6635617613792419,0.04453558847308159,0.42120760679244995,0.6176313161849976,0.04092206433415413,0.459891676902771,0.6464242339134216,0.04261872544884682,0.4502984881401062,0.5492346882820129,0.03671420365571976,0.4432046413421631,0.4843279719352722,0.028423523530364037,0.43903741240501404,0.4275735020637512,0.020472204312682152,0.46932655572891235,0.6481553912162781,0.011811104603111744,0.4515792727470398,0.5308663845062256,0.001730794319882989,0.4423582851886749,0.4567464590072632,-0.009288300760090351,0.4375764727592468,0.39356786012649536,-0.018292231485247612,0.47063004970550537,0.6607216000556946,-0.018905572593212128,0.45536428689956665,0.5454740524291992,-0.026781797409057617,0.4468434453010559,0.47595125436782837,-0.031596746295690536,0.4435729384422302,0.41898560523986816,-0.03701881319284439,0.4665828049182892,0.6750157475471497,-0.04804540053009987,0.4593263864517212,0.5903022289276123,-0.05428032949566841,0.45228061079978943,0.5377302765846252,-0.05630259960889816,0.448627769947052,0.4896717071533203,-0.05965714529156685
0.47776365280151367,0.8709127902984619,1.5544212317308848e-07,0.429704487323761,0.785108208656311,0.03232096880674362,0.42743244767189026,0.705146849155426,0.04052979126572609,0.4318085014820099,0.6473899483680725,0.03819820284843445,0.43290001153945923,0.5982434153556824,0.034401021897792816,0.4613805413246155,0.6441570520401001,0.03535879775881767,0.4520826041698456,0.5468837022781372,0.027713526040315628,0.4449401795864105,0.48308730125427246,0.019391361624002457,0.4405756890773773,0.42814838886260986,0.0115191750228405,0.46847742795944214,0.6468570828437805,0.006368214730173349,0.4516143500804901,0.5296453237533569,-0.005665523465722799,0.44275230169296265,0.455863356590271,-0.016276562586426735,0.43763458728790283,0.39398735761642456,-0.024943087249994278,0.46887725591659546,0.6602643132209778,-0.02250368893146515,0.4546496272087097,0.5443417429924011,-0.03095407411456108,0.44704189896583557,0.47558051347732544,-0.0344940684735775,0.44423791766166687,0.41996026039123535,-0.0394640676677227,0.4669344127178192,0.6742498278617859,-0.050151243805885315,0.4603387117385864,0.5953621864318848,-0.057600561529397964,0.45377275347709656,0.5432135462760925,-0.060408495366573334,0.45014309883117676,0.49570050835609436,-0.06442094594240189
0.4790017902851105,0.8741241693496704,1.3643254703765706e-07,0.4217919707298279,0.7865331172943115,0.04095606133341789,0.418771356344223,0.7130032777786255,0.054010841995477676,0.422321617603302,0.6651079058647156,0.0548846609890461,0.4226185381412506,0.6196545958518982,0.053277160972356796,0.4593794643878937,0.6427220106124878,0.047362975776195526,0.45073917508125305,0.5479844212532043,0.04294784367084503,0.44301947951316833,0.48439401388168335,0.03583201766014099,0.4383097290992737,0.42883339524269104,0.028379859402775764,0.46912509202957153,0.6456213593482971,0.014570661820471287,0.452322781085968,0.5292123556137085,0.004853228572756052,0.44246232509613037,0.4564879536628723,-0.005843164399266243,0.43683210015296936,0.39343592524528503,-0.01479214709252119,0.47008875012397766,0.6598211526870728,-0.01789105497300625,0.45600226521492004,0.5444440841674805,-0.026706770062446594,0.4477725028991699,0.475765585899353,-0.03235097974538803,0.4442240595817566,0.4186899960041046,-0.03831911459565163,0.46484923362731934,0.6757946610450745,-0.04812619835138321,0.45925992727279663,0.5912486910820007,-0.05718899145722389,0.4521540403366089,0.5385586023330688,-0.06147118657827377,0.4478580355644226,0.49042463302612305,-0.06631476432085037
0.4806753396987915,0.8732692003250122,1.3801823683934344e-07,0.4288632869720459,0.7861424088478088,0.035435546189546585,0.42482346296310425,0.7079096436500549,0.04575787112116814,0.427926242351532,0.6525618433952332,0.04496943950653076,0.4279191792011261,0.604353129863739,0.04254898801445961,0.46269023418426514,0.6432835459709167,0.04094661772251129,0.45222756266593933,0.5473092794418335,0.03543976694345474,0.44419121742248535,0.483761191368103,0.028081009164452553,0.4388701915740967,0.42872461676597595,0.02046225406229496,0.47075155377388,0.6450505256652832,0.010977460071444511,0.4523993730545044,0.5286344289779663,7.109750004019588e-05,0.4426274001598358,0.4559500813484192,-0.010397988371551037,0.4367631673812866,0.3946649134159088,-0.019037535414099693,0.47073766589164734,0.6584984064102173,-0.018771879374980927,0.45554542541503906,0.5429695844650269,-0.02699880860745907,0.4471816420555115,0.4749108552932739,-0.03080819547176361,0.44395968317985535,0.41952604055404663,-0.035868044942617416,0.46743243932724,0.6732258796691895,-0.04694328457117081,0.4603460729122162,0.5934235453605652,-0.05465215444564819,0.453601598739624,0.54192054271698,-0.057699643075466156,0.4503573179244995,0.49449867010116577,-0.06184357404708862
0.4786807894706726,0.8737252354621887,1.4610175469442765e-07,0.423380583524704,0.7901716232299805,0.0358867384493351,0.4187776446342468,0.7155697345733643,0.04679270461201668,0.42231136560440063,0.667295515537262,0.04627024382352829,0.4222295880317688,0.6231014132499695,0.043394677340984344,0.4551534354686737,0.6410921216011047,0.04352504760026932,0.44844719767570496,0.5477241277694702,0.03752047196030617,0.4414868950843811,0.48460203409194946,0.028822677209973335,0.4371050298213959,0.42955201864242554,0.020077260211110115,0.4648897349834442,0.6434788703918457,0.012475806288421154,0.45033347606658936,0.5287420153617859,0.0019720718264579773,0.44142264127731323,0.4573136866092682,-0.010022391565144062,0.435491681098938,0.39447319507598877,-0.02008330635726452,0.4675683081150055,0.6575596928596497,-0.018697993829846382,0.4550633132457733,0.5426962375640869,-0.028384292498230934,0.4471588432788849,0.4751684069633484,-0.034918397665023804,0.4425524175167084,0.418235182762146,-0.04169091582298279,0.4661617875099182,0.674669086933136,-0.04815289005637169,0.46014168858528137,0.5933972001075745,-0.05783209204673767,0.45314285159111023,0.5411147475242615,-0.06257686764001846,0.448452353477478,0.49219438433647156,-0.06787607073783875
0.47863247990608215,0.8726138472557068,1.659085597793819e-07,0.42961612343788147,0.7874926924705505,0.03377489745616913,0.42585161328315735,0.7074223160743713,0.042722005397081375,0.4300972819328308,0.6488212943077087,0.040746647864580154,0.4324291944503784,0.5992614030838013,0.03710807114839554,0.45746535062789917,0.6461400389671326,0.037493009120225906,0.44901201128959656,0.5488507151603699,0.0306730717420578,0.4419451653957367,0.48496049642562866,0.023138629272580147,0.43802693486213684,0.42983877658843994,0.01568511500954628,0.4648561179637909,0.6471154093742371,0.007813278585672379,0.44889459013938904,0.5299577713012695,-0.004226818215101957,0.44044432044029236,0.4562128484249115,-0.01456310786306858,0.43586286902427673,0.3954364061355591,-0.022753972560167313,0.4665442705154419,0.6597950458526611,-0.021724212914705276,0.4528142213821411,0.5436416864395142,-0.03069540299475193,0.4456738531589508,0.4743902087211609,-0.03472301363945007,0.4429592788219452,0.4183944761753082,-0.03977590054273605,0.46600377559661865,0.6740784645080566,-0.049819257110357285,0.45979663729667664,0.5944381356239319,-0.05780262500047684,0.453023225069046,0.5415267944335938,-0.06112805753946304,0.44937074184417725,0.49344614148139954,-0.06539290398359299
0.48116210103034973,0.8724104166030884,1.5127915276025306e-07,0.4279286861419678,0.7870464324951172,0.033691465854644775,0.4256976544857025,0.708311915397644,0.04274190589785576,0.43148520588874817,0.6510353088378906,0.04123236611485481,0.4326869249343872,0.601700484752655,0.03787623345851898,0.46318528056144714,0.6467662453651428,0.03653395548462868,0.45261216163635254,0.548496663570404,0.02962014451622963,0.44468188285827637,0.4846201241016388,0.02166138030588627,0.43954911828041077,0.42897510528564453,0.013923348858952522,0.4720843434333801,0.6489294171333313,0.007417921908199787,0.45227569341659546,0.5308187007904053,-0.004197780508548021,0.44196292757987976,0.45752769708633423,-0.014920499175786972,0.4358755946159363,0.39555439352989197,-0.023832198232412338,0.47253817319869995,0.6621658205986023,-0.021410996094346046,0.4553168714046478,0.5447036027908325,-0.030042121186852455,0.4461525082588196,0.47587403655052185,-0.03425104543566704,0.44261664152145386,0.4197217524051666,-0.03967881202697754,0.46842625737190247,0.675692617893219,-0.048742666840553284,0.46017318964004517,0.5947599411010742,-0.05683364346623421,0.4530397355556488,0.5422690510749817,-0.060467373579740524,0.4492383599281311,0.4938907325267792,-0.06511010229587555
0.4783577620983124,0.8687306046485901,2.0872869299637387e-07,0.4199720621109009,0.7852955460548401,0.03346557542681694,0.4129597544670105,0.7097564935684204,0.04183047264814377,0.41419869661331177,0.6617247462272644,0.03900660201907158,0.4145837128162384,0.6180741190910339,0.034060604870319366,0.45538440346717834,0.638298749923706,0.039831168949604034,0.4472444951534271,0.5436614751815796,0.03342344984412193,0.44143667817115784,0.481800377368927,0.024816714227199554,0.43878865242004395,0.42826521396636963,0.016390958800911903,0.464841365814209,0.6411283016204834,0.009818575344979763,0.44898083806037903,0.5258339047431946,-0.000905502587556839,0.44115787744522095,0.4543243646621704,-0.012656205333769321,0.4374653995037079,0.3927490711212158,-0.022414736449718475,0.4672965705394745,0.6557359099388123,-0.020321791991591454,0.45370426774024963,0.5407699346542358,-0.029044650495052338,0.44690507650375366,0.4728595018386841,-0.034749388694763184,0.44445592164993286,0.41673576831817627,-0.04106101021170616,0.4651848375797272,0.6729062795639038,-0.04902423918247223,0.4597853422164917,0.5917486548423767,-0.0569039061665535,0.4530935287475586,0.5395389199256897,-0.060541678220033646,0.44891592860221863,0.4916093945503235,-0.06522026658058167
0.4793027937412262,0.8743200898170471,1.6888209586340963e-07,0.42365801334381104,0.7865226864814758,0.03967035189270973,0.41813331842422485,0.7063243985176086,0.051872070878744125,0.4212963581085205,0.6483746767044067,0.05168943107128143,0.4235911965370178,0.5981658101081848,0.04941607266664505,0.4560392200946808,0.6429102420806885,0.04758356884121895,0.44781389832496643,0.5456158518791199,0.044298287481069565,0.4404180943965912,0.4821505546569824,0.03858470916748047,0.4359045624732971,0.4263184666633606,0.032138388603925705,0.46511024236679077,0.6443957686424255,0.014739650301635265,0.4502253830432892,0.5288680791854858,0.0050284299068152905,0.4408254623413086,0.45434290170669556,-0.0049321711994707584,0.4355568587779999,0.39334166049957275,-0.012725251726806164,0.46732836961746216,0.6584531664848328,-0.017876824364066124,0.4549029767513275,0.5460184216499329,-0.025734683498740196,0.44709256291389465,0.475311279296875,-0.030069982632994652,0.44358858466148376,0.41821783781051636,-0.03507356345653534,0.46481114625930786,0.6748625636100769,-0.048542678356170654,0.45811522006988525,0.5914636254310608,-0.054914504289627075,0.45112839341163635,0.5378575325012207,-0.056954070925712585,0.4479658901691437,0.48936325311660767,-0.06034504249691963
0.4802738428115845,0.8702505230903625,1.7040166255810618e-07,0.4320415258407593,0.7827957272529602,0.03219112008810043,0.42876896262168884,0.7028679251670837,0.04024682193994522,0.4329676628112793,0.6444340348243713,0.0375945121049881,0.43399274349212646,0.595659077167511,0.03329924866557121,0.4600163996219635,0.6452532410621643,0.035690512508153915,0.44986432790756226,0.5478085279464722,0.028476471081376076,0.4419628083705902,0.4843762516975403,0.020760484039783478,0.4369182288646698,0.4288415312767029,0.013114875182509422,0.4673217535018921,0.6466276049613953,0.006723574362695217,0.44965609908103943,0.5293283462524414,-0.005901498720049858,0.4401932954788208,0.45633912086486816,-0.016589542850852013,0.4347569942474365,0.3951011300086975,-0.025107625871896744,0.4684818685054779,0.6597098112106323,-0.022089598700404167,0.45343339443206787,0.5436534285545349,-0.03131413087248802,0.44556334614753723,0.47517824172973633,-0.03516732528805733,0.4424835443496704,0.4194165766239166,-0.04009339213371277,0.4668843448162079,0.6739541292190552,-0.049619097262620926,0.4599601924419403,0.5945959687232971,-0.05746748298406601,0.4531875550746918,0.5419100522994995,-0.06062958389520645,0.4494533836841583,0.493746817111969,-0.0648786798119545
0.47897985577583313,0.8684217929840088,1.7078568248507509e-07,0.4237738251686096,0.7793611884117126,0.04202454537153244,0.4189258813858032,0.7045412659645081,0.05436873063445091,0.42124709486961365,0.6563708186149597,0.05375073477625847,0.4210602641105652,0.6117382049560547,0.050454962998628616,0.4532053470611572,0.6378749012947083,0.047734666615724564,0.4460766911506653,0.5429538488388062,0.04280348867177963,0.4397217929363251,0.4799022078514099,0.03576213866472244,0.4361625909805298,0.4247553050518036,0.028425240889191628,0.46292662620544434,0.6410313248634338,0.012857694178819656,0.4487486183643341,0.526416540145874,0.0024972569663077593,0.44088175892829895,0.45329779386520386,-0.0080689312890172,0.43625181913375854,0.39109596610069275,-0.016577551141381264,0.4663856029510498,0.6559383869171143,-0.02169986069202423,0.45362943410873413,0.5429763197898865,-0.030627992004156113,0.446483850479126,0.47469019889831543,-0.03521643951535225,0.4428616464138031,0.41825467348098755,-0.040294669568538666,0.4660501480102539,0.6738998889923096,-0.054134901612997055,0.45939695835113525,0.5893980264663696,-0.062242522835731506,0.4525202214717865,0.5367772579193115,-0.06487021595239639,0.447950541973114,0.4898461103439331,-0.06851525604724884
0.47943544387817383,0.8697304129600525,2.043194626821787e-07,0.4298730790615082,0.7825502753257751,0.03261174261569977,0.42532169818878174,0.7011755704879761,0.03974771127104759,0.4289434850215912,0.6396592259407043,0.03595031052827835,0.43057188391685486,0.5873894095420837,0.03067733533680439,0.4601360857486725,0.647691547870636,0.034791287034749985,0.44913703203201294,0.5474514365196228,0.027586206793785095,0.44138234853744507,0.48334452509880066,0.020130902528762817,0.4365287125110626,0.42712676525115967,0.013054880313575268,0.46732306480407715,0.6495302319526672,0.005197540391236544,0.449653297662735,0.5314565300941467,-0.006774706766009331,0.44032415747642517,0.4565025568008423,-0.016808059066534042,0.4354952275753021,0.3950943648815155,-0.024684159085154533,0.46841102838516235,0.6621837615966797,-0.024106767028570175,0.453832745552063,0.5460476279258728,-0.03194376826286316,0.4465751051902771,0.47626686096191406,-0.03460710495710373,0.4441893696784973,0.42012059688568115,-0.03876742348074913,0.46637359261512756,0.6756993532180786,-0.052152421325445175,0.45991620421409607,0.5946305394172668,-0.05741250514984131,0.45326322317123413,0.5417982339859009,-0.05828862637281418,0.4499402344226837,0.4936979413032532,-0.06096527352929115
0.47697797417640686,0.8704315423965454,1.725403251384705e-07,0.42101389169692993,0.7825359106063843,0.038304202258586884,0.41655492782592773,0.708115816116333,0.04927356168627739,0.418871134519577,0.6582474708557129,0.04822001978754997,0.4180367588996887,0.6124770641326904,0.0449427105486393,0.45928269624710083,0.6431452035903931,0.044829752296209335,0.4497518539428711,0.5483316779136658,0.0390433631837368,0.44217628240585327,0.48454535007476807,0.03088408149778843,0.43760010600090027,0.42913323640823364,0.02301272563636303,0.46883708238601685,0.6460270881652832,0.012946216389536858,0.45149198174476624,0.531239926815033,0.0025408323854207993,0.44176220893859863,0.45806166529655457,-0.00849673431366682,0.4363948404788971,0.39550718665122986,-0.017441796138882637,0.4699343740940094,0.6594488024711609,-0.018741102889180183,0.45533451437950134,0.5457754731178284,-0.02704373560845852,0.44686245918273926,0.47733914852142334,-0.03185681626200676,0.44316819310188293,0.4209408164024353,-0.037197645753622055,0.46562692523002625,0.6748808026313782,-0.048605743795633316,0.4595367908477783,0.5923125147819519,-0.05579380318522453,0.4524180591106415,0.5406728386878967,-0.058356139808893204,0.44802603125572205,0.49367547035217285,-0.061945341527462006
0.47846901416778564,0.8730767965316772,1.5458047641914163e-07,0.4232083559036255,0.7870505452156067,0.03708380460739136,0.42036497592926025,0.7102336883544922,0.047772862017154694,0.4229661226272583,0.6575673222541809,0.04697336256504059,0.42308905720710754,0.6099967360496521,0.04447053000330925,0.46136993169784546,0.6450120210647583,0.04351084679365158,0.45090416073799133,0.5484085083007812,0.03875948488712311,0.4426940977573395,0.484655499458313,0.03188299760222435,0.4373936355113983,0.4295353293418884,0.024805782362818718,0.4700201749801636,0.6470638513565063,0.012847568839788437,0.4516732394695282,0.5307382941246033,0.0032131762709468603,0.4413009285926819,0.45757344365119934,-0.006645356770604849,0.4355400800704956,0.3958892226219177,-0.014795846305787563,0.4701170325279236,0.6601958274841309,-0.017560457810759544,0.45494359731674194,0.5450108051300049,-0.02462681569159031,0.44630277156829834,0.4763350486755371,-0.027888335287570953,0.4430256187915802,0.42053279280662537,-0.032459281384944916,0.46524858474731445,0.6745684742927551,-0.04631230607628822,0.45895916223526,0.5928096175193787,-0.052362654358148575,0.45233774185180664,0.5410156846046448,-0.05410496145486832,0.4491037428379059,0.4939592480659485,-0.057263195514678955
0.47846296429634094,0.870411217212677,1.1368678798362453e-07,0.4247529208660126,0.7804707884788513,0.04389481991529465,0.4195643663406372,0.7039579153060913,0.05772339552640915,0.42180830240249634,0.6521563529968262,0.058486226946115494,0.42227989435195923,0.6042481064796448,0.05667095258831978,0.4558633863925934,0.6384543776512146,0.04872594028711319,0.44810789823532104,0.5450178384780884,0.044959887862205505,0.44095903635025024,0.48251283168792725,0.03881478309631348,0.4361625611782074,0.4279068112373352,0.03174987807869911,0.46465644240379333,0.6415804028511047,0.013304292224347591,0.45013901591300964,0.526872456073761,0.0031005158089101315,0.4415490925312042,0.4549119174480438,-0.006717635318636894,0.4359428882598877,0.39352452754974365,-0.014747101813554764,0.4667409062385559,0.6569123268127441,-0.021597150713205338,0.4541647434234619,0.5440073013305664,-0.030766721814870834,0.446596622467041,0.4762881398200989,-0.035002756863832474,0.44264936447143555,0.4205338954925537,-0.039907097816467285,0.46580153703689575,0.6752430200576782,-0.05413326993584633,0.4593244194984436,0.5915626287460327,-0.06283076852560043,0.4518924057483673,0.5394307971000671,-0.06578703969717026,0.44724559783935547,0.4926234483718872,-0.06971829384565353
0.4802383780479431,0.8714121580123901,1.599443351096852e-07,0.4258246421813965,0.7837116122245789,0.03823866695165634,0.42163747549057007,0.7075358629226685,0.04942060634493828,0.423317551612854,0.6524852514266968,0.048999324440956116,0.42297738790512085,0.6038421988487244,0.046878449618816376,0.4608161151409149,0.6441385746002197,0.04427959769964218,0.44986313581466675,0.5469553470611572,0.0396648645401001,0.4419330358505249,0.4829016327857971,0.033088501542806625,0.4372595250606537,0.4277067184448242,0.026411188766360283,0.4696027934551239,0.645265519618988,0.013403503224253654,0.45067891478538513,0.5282367467880249,0.0039934879168868065,0.44063836336135864,0.4547417163848877,-0.005094687920063734,0.43516314029693604,0.3946438729763031,-0.012548282742500305,0.4701904356479645,0.6579302549362183,-0.01712692715227604,0.4537493884563446,0.5428645014762878,-0.023467721417546272,0.4451918303966522,0.47397834062576294,-0.02566259726881981,0.44252893328666687,0.4189097285270691,-0.029622266069054604,0.46652302145957947,0.6719298958778381,-0.04593421146273613,0.4585750997066498,0.5906252264976501,-0.05153774097561836,0.45183947682380676,0.5388162136077881,-0.05276884883642197,0.4489310085773468,0.4915464222431183,-0.055538736283779144
0.4785739779472351,0.8746551275253296,1.8490926834147103e-07,0.41957229375839233,0.7887789011001587,0.03658590465784073,0.4133198857307434,0.7118961215019226,0.046685606241226196,0.41578105092048645,0.661206066608429,0.04496539384126663,0.4156269133090973,0.6163883209228516,0.040844641625881195,0.4565347135066986,0.6416811943054199,0.04303017631173134,0.44774386286735535,0.5455002188682556,0.03751321882009506,0.4409376382827759,0.4821997284889221,0.029743555933237076,0.43708640336990356,0.42669355869293213,0.02175140753388405,0.4668489396572113,0.6437920331954956,0.01136196218430996,0.4500899016857147,0.5273635387420654,0.0004820150206796825,0.4409886598587036,0.45385420322418213,-0.010757976211607456,0.43612396717071533,0.390892893075943,-0.019859198480844498,0.46912941336631775,0.6582047343254089,-0.020207172259688377,0.45435044169425964,0.5430991649627686,-0.029474692419171333,0.44593048095703125,0.47437596321105957,-0.0346175916492939,0.4422597289085388,0.4173141419887543,-0.0401725172996521,0.4663570523262024,0.6757134795188904,-0.05007939040660858,0.46013909578323364,0.5921508073806763,-0.05877627804875374,0.45247596502304077,0.5388565063476562,-0.06235488876700401,0.44781380891799927,0.4900254011154175,-0.06665487587451935
0.4772912263870239,0.8716250061988831,1.306738397488516e-07,0.4309813380241394,0.7822867035865784,0.03764115646481514,0.4270663559436798,0.7015025615692139,0.048982083797454834,0.43157169222831726,0.6409182548522949,0.04863586649298668,0.4346145689487457,0.590425431728363,0.04655013605952263,0.4541339874267578,0.6433088183403015,0.04274088889360428,0.4467703104019165,0.5462819933891296,0.0377684161067009,0.4399225413799286,0.48269206285476685,0.031219109892845154,0.43590518832206726,0.4270375967025757,0.024076461791992188,0.4613962173461914,0.6446041464805603,0.011365614831447601,0.4470280408859253,0.5273929834365845,0.0006614338490180671,0.4395214021205902,0.4539458751678467,-0.009382237680256367,0.4352189302444458,0.3930058777332306,-0.01760200597345829,0.4640820622444153,0.6577932834625244,-0.01966835744678974,0.4520433247089386,0.5426065921783447,-0.027937864884734154,0.4456259608268738,0.4731716513633728,-0.03188258782029152,0.44303950667381287,0.4171822667121887,-0.037096600979566574,0.4665083885192871,0.6725049614906311,-0.04892143979668617,0.4600512981414795,0.5928120613098145,-0.05636174976825714,0.45352959632873535,0.540610671043396,-0.05933881178498268,0.44979146122932434,0.492942750453949,-0.06357305496931076
0.48060813546180725,0.8704977035522461,2.0488880636548856e-07,0.42573609948158264,0.7867885231971741,0.03132004663348198,0.421438604593277,0.7099912762641907,0.03823899105191231,0.424337774515152,0.6557731628417969,0.03465499356389046,0.4246348440647125,0.6090131402015686,0.029530763626098633,0.4636319577693939,0.6439218521118164,0.03607700765132904,0.45221418142318726,0.5463768243789673,0.028771432116627693,0.44414106011390686,0.48238199949264526,0.02010892890393734,0.4390726685523987,0.4271039664745331,0.012035953812301159,0.471953809261322,0.6453176140785217,0.007688186131417751,0.4520615041255951,0.5283547639846802,-0.0036756563931703568,0.4417479634284973,0.4549722671508789,-0.014730372466146946,0.43615013360977173,0.3940637409687042,-0.023760303854942322,0.4718342423439026,0.6577922105789185,-0.020669355988502502,0.45499640703201294,0.5424368381500244,-0.028431134298443794,0.4465141296386719,0.47313785552978516,-0.0324951596558094,0.44368740916252136,0.417250394821167,-0.03775320574641228,0.46674180030822754,0.6714856028556824,-0.04785151407122612,0.45970743894577026,0.5908563733100891,-0.053769614547491074,0.4528907537460327,0.5391122698783875,-0.05573677644133568,0.4494583010673523,0.4919067323207855,-0.05921086668968201
0.47641634941101074,0.8702134490013123,1.481362090771654e-07,0.4210801124572754,0.7804311513900757,0.03986119478940964,0.41628867387771606,0.7041091918945312,0.05144374445080757,0.41892048716545105,0.6542571187019348,0.050752557814121246,0.4191325902938843,0.6088644862174988,0.047652244567871094,0.4570356607437134,0.6394355893135071,0.04472452029585838,0.4477079510688782,0.543669581413269,0.03977746516466141,0.4412578344345093,0.4814625382423401,0.03255479782819748,0.4376625120639801,0.42698681354522705,0.024846738204360008,0.46599265933036804,0.6425909996032715,0.011704334989190102,0.4494357407093048,0.5256277918815613,0.0009321150137111545,0.4409961998462677,0.4538886547088623,-0.009861444123089314,0.4361758530139923,0.3921512961387634,-0.018772944808006287,0.4674461781978607,0.6576066017150879,-0.020935362204909325,0.4532407522201538,0.5419601202011108,-0.03005714900791645,0.44640102982521057,0.4738457202911377,-0.034564536064863205,0.44416144490242004,0.4170714020729065,-0.039865296334028244,0.4654335379600525,0.675199031829834,-0.05156340077519417,0.46014514565467834,0.5907668471336365,-0.06027713418006897,0.4535294771194458,0.5376114845275879,-0.0637020617723465,0.44966399669647217,0.4886353611946106,-0.06810235977172852
0.47929853200912476,0.8753425478935242,1.4911631751601817e-07,0.4249224066734314,0.7856959700584412,0.040359947830438614,0.42006850242614746,0.707674503326416,0.05246841907501221,0.4224506914615631,0.6523642539978027,0.05229996144771576,0.4243600368499756,0.6037882566452026,0.05031037703156471,0.45735377073287964,0.6440050601959229,0.04720734432339668,0.4490962028503418,0.5467357635498047,0.04332591965794563,0.441963255405426,0.4823527932167053,0.0372893325984478,0.4376637935638428,0.42715689539909363,0.030639544129371643,0.46607914566993713,0.645371675491333,0.014476991258561611,0.4503924548625946,0.527711033821106,0.004857947584241629,0.4412662386894226,0.45332807302474976,-0.004828695673495531,0.43603983521461487,0.39307284355163574,-0.012614513747394085,0.46786192059516907,0.6590985059738159,-0.017916608601808548,0.45369887351989746,0.5440722703933716,-0.025024451315402985,0.44620153307914734,0.474117636680603,-0.028181476518511772,0.4436052739620209,0.4177113473415375,-0.032742951065301895,0.4666287302970886,0.674754798412323,-0.048372697085142136,0.45996996760368347,0.5936378240585327,-0.05502285808324814,0.4533236026763916,0.5413264632225037,-0.05712318420410156,0.4499891400337219,0.4935365319252014,-0.060499340295791626
0.4796503484249115,0.8746516704559326,1.7100384752666287e-07,0.42931950092315674,0.7865307927131653,0.036981455981731415,0.4248141646385193,0.7052869200706482,0.04696294292807579,0.4269874095916748,0.6467927098274231,0.045439936220645905,0.42811211943626404,0.5961182117462158,0.042362309992313385,0.4586583375930786,0.6470297574996948,0.04047827795147896,0.4490661025047302,0.5464059114456177,0.034899309277534485,0.44205060601234436,0.48201984167099,0.028325209394097328,0.43763989210128784,0.4265860319137573,0.02166430652141571,0.46633976697921753,0.6488729119300842,0.009576378390192986,0.44954177737236023,0.5287496447563171,-0.0010798103176057339,0.44050511717796326,0.4539099931716919,-0.010634350590407848,0.43492862582206726,0.3924846947193146,-0.018427975475788116,0.4672965407371521,0.6614764928817749,-0.020895618945360184,0.4533870220184326,0.5434093475341797,-0.027559904381632805,0.44572097063064575,0.47297585010528564,-0.030238602310419083,0.4426887035369873,0.41644591093063354,-0.034851063042879105,0.4659459590911865,0.6743159294128418,-0.04975995793938637,0.46055546402931213,0.5925970077514648,-0.05507320910692215,0.4546971619129181,0.5397303700447083,-0.05666477233171463,0.45178502798080444,0.49182844161987305,-0.06005999073386192
0.4791690707206726,0.872400164604187,1.873130770491116e-07,0.4256988763809204,0.7869347929954529,0.03169837221503258,0.4206426739692688,0.7084183096885681,0.03914640098810196,0.4238184988498688,0.6523438692092896,0.035973530262708664,0.42434707283973694,0.6039711236953735,0.031080404296517372,0.4614149332046509,0.6453061699867249,0.035022635012865067,0.4506068527698517,0.5465337634086609,0.02730470523238182,0.44315022230148315,0.4829978942871094,0.018653683364391327,0.4384368360042572,0.42759281396865845,0.01052092108875513,0.46994948387145996,0.6477017998695374,0.006180138792842627,0.4514850974082947,0.5291683673858643,-0.005937132053077221,0.4421067535877228,0.4557681679725647,-0.0171891488134861,0.43672946095466614,0.39379581809043884,-0.026367077603936195,0.4705047309398651,0.6610139012336731,-0.02257896587252617,0.4546242952346802,0.5446318984031677,-0.031151579692959785,0.4465014338493347,0.4752454459667206,-0.035456012934446335,0.4436129331588745,0.41904836893081665,-0.04086988791823387,0.4673616290092468,0.675392210483551,-0.05013423413038254,0.46086129546165466,0.5929977893829346,-0.057069115340709686,0.4537429213523865,0.5401186943054199,-0.0597357302904129,0.44962078332901,0.49223265051841736,-0.06375826150178909
0.47766420245170593,0.86832594871521,1.2872175148004317e-07,0.4249204099178314,0.7795346975326538,0.03674862161278725,0.41988497972488403,0.7019492387771606,0.047457534819841385,0.42260462045669556,0.6490783095359802,0.046616800129413605,0.4224395751953125,0.6025290489196777,0.04380256310105324,0.4572054445743561,0.6376875638961792,0.04278348758816719,0.44888797402381897,0.5446463823318481,0.037407856434583664,0.4415765404701233,0.4830419421195984,0.03007153421640396,0.4365996718406677,0.42941707372665405,0.02231883816421032,0.4654334485530853,0.6400706768035889,0.011522128246724606,0.4498397409915924,0.5261148810386658,0.00041290567605756223,0.44075214862823486,0.4554862380027771,-0.009904325939714909,0.43433770537376404,0.39476117491722107,-0.018270501866936684,0.4671115577220917,0.6544094085693359,-0.019642354920506477,0.45405542850494385,0.5403367280960083,-0.02879408374428749,0.4461752772331238,0.4737027585506439,-0.03273593261837959,0.44188299775123596,0.41842424869537354,-0.03751000016927719,0.46677663922309875,0.6714317798614502,-0.04913925379514694,0.46105021238327026,0.5907912850379944,-0.0576983280479908,0.45415017008781433,0.5388068556785583,-0.06093110889196396,0.4496043920516968,0.4912506937980652,-0.0650159940123558
0.47865813970565796,0.8703206181526184,1.8274636204296257e-07,0.42349302768707275,0.783281683921814,0.03347061946988106,0.41773414611816406,0.70562344789505,0.0415918193757534,0.4190100431442261,0.650720477104187,0.03871339559555054,0.41900670528411865,0.6032705903053284,0.03407023847103119,0.4602392613887787,0.6430257558822632,0.03761064261198044,0.44966426491737366,0.5448404550552368,0.03069310635328293,0.4420751631259918,0.48134058713912964,0.022466646507382393,0.43701955676078796,0.4268624782562256,0.014518371783196926,0.4693734645843506,0.645641565322876,0.007909269072115421,0.4508644938468933,0.528027355670929,-0.003816005075350404,0.44104108214378357,0.45443788170814514,-0.015216764062643051,0.43520882725715637,0.39298468828201294,-0.024446707218885422,0.47018495202064514,0.6596189141273499,-0.02160385251045227,0.4533383846282959,0.5434120893478394,-0.029853634536266327,0.44520092010498047,0.4741312861442566,-0.03399420902132988,0.44238677620887756,0.4180610179901123,-0.03935343772172928,0.46683967113494873,0.6745585799217224,-0.04973163083195686,0.4596896767616272,0.5941942930221558,-0.057033974677324295,0.45295029878616333,0.5418906211853027,-0.05987228453159332,0.4497079849243164,0.49422717094421387,-0.06391230970621109
0.4787827432155609,0.8739951252937317,1.7237283600479714e-07,0.4252362549304962,0.7862135767936707,0.03401850163936615,0.42079004645347595,0.7075580358505249,0.04274230822920799,0.42404183745384216,0.6513595581054688,0.04039670154452324,0.4249892234802246,0.6025216579437256,0.03631502017378807,0.4607802927494049,0.6467382907867432,0.03847324103116989,0.45072945952415466,0.5474345088005066,0.03195098042488098,0.4430936872959137,0.4829237461090088,0.024126050993800163,0.437591552734375,0.4269492030143738,0.01648198999464512,0.4688582420349121,0.6489967107772827,0.008514883928000927,0.45201829075813293,0.5300406217575073,-0.003024176461622119,0.4417881369590759,0.45554399490356445,-0.013879493810236454,0.4349237084388733,0.3923722207546234,-0.02256067469716072,0.4692477583885193,0.6617168188095093,-0.021261349320411682,0.455168753862381,0.5446080565452576,-0.029351776465773582,0.44659745693206787,0.47465306520462036,-0.033112406730651855,0.4425351917743683,0.417223185300827,-0.03796307370066643,0.4659823775291443,0.6754674315452576,-0.04964722692966461,0.4602007567882538,0.5922917127609253,-0.05582083389163017,0.453463613986969,0.5394012928009033,-0.05762876942753792,0.4496176540851593,0.4911956787109375,-0.06090684235095978
0.4769989252090454,0.8682085275650024,1.6302907113185938e-07,0.4264408349990845,0.7828654050827026,0.03285682946443558,0.4203074276447296,0.7058842778205872,0.04043947160243988,0.4214576482772827,0.6531995534896851,0.03710225224494934,0.4196217656135559,0.6072273254394531,0.03169498220086098,0.4588739573955536,0.641623318195343,0.034798696637153625,0.4490514397621155,0.5444770455360413,0.027267279103398323,0.44175252318382263,0.4820815622806549,0.018914930522441864,0.4367712438106537,0.42760714888572693,0.010815081186592579,0.4668183922767639,0.6449833512306213,0.0047095525078475475,0.4506186842918396,0.5279921889305115,-0.008260872215032578,0.4413570463657379,0.4554944634437561,-0.019857870414853096,0.4350590705871582,0.39279431104660034,-0.02909446507692337,0.4682128429412842,0.6590400338172913,-0.025163298472762108,0.45440590381622314,0.5433488488197327,-0.034913692623376846,0.44637131690979004,0.47494813799858093,-0.03987151011824608,0.4421282410621643,0.4182555675506592,-0.04547965154051781,0.46628668904304504,0.6746606230735779,-0.0535942018032074,0.46016839146614075,0.5925829410552979,-0.061600685119628906,0.4528593122959137,0.5398392081260681,-0.06478960067033768,0.4481596052646637,0.4916544556617737,-0.06910616159439087
0.4782838225364685,0.8706239461898804,1.154357249788518e-07,0.4254362881183624,0.7846657633781433,0.03632866218686104,0.4210013151168823,0.7073253393173218,0.047022268176078796,0.4226999878883362,0.652708888053894,0.04667751491069794,0.42298850417137146,0.6047266125679016,0.04426256939768791,0.46034371852874756,0.6432722210884094,0.03944787383079529,0.44945797324180603,0.5469242334365845,0.03365769982337952,0.4414389431476593,0.48382532596588135,0.02651127055287361,0.4362033009529114,0.4297178387641907,0.019051924347877502,0.46941670775413513,0.6458743810653687,0.009098325856029987,0.4507557451725006,0.5291184186935425,-0.001976644154638052,0.4404694736003876,0.45651373267173767,-0.0127132972702384,0.43374529480934143,0.3949011564254761,-0.02172987163066864,0.47009944915771484,0.6598284244537354,-0.020868023857474327,0.4543573260307312,0.5433011651039124,-0.02970409207046032,0.4454174041748047,0.47457683086395264,-0.03470180556178093,0.44139066338539124,0.4179391860961914,-0.04072493687272072,0.4661991596221924,0.6747324466705322,-0.04899824410676956,0.4594419598579407,0.5941423773765564,-0.05886921286582947,0.45229339599609375,0.5412420630455017,-0.06413760036230087,0.4483124911785126,0.4926079511642456,-0.06981837749481201
0.4790625274181366,0.8742032647132874,1.1590179838094627e-07,0.4231080710887909,0.7862175107002258,0.04452287033200264,0.41641443967819214,0.7119768857955933,0.058234814554452896,0.417003870010376,0.6629303693771362,0.058621302247047424,0.416131854057312,0.6171460151672363,0.05615198612213135,0.45461225509643555,0.6421276926994324,0.05007454380393028,0.4457630515098572,0.5476875901222229,0.046088725328445435,0.43864479660987854,0.48509708046913147,0.03925369679927826,0.4343796372413635,0.43073248863220215,0.031560227274894714,0.4640613794326782,0.6454024314880371,0.014016727916896343,0.44815370440483093,0.5296643376350403,0.003378179855644703,0.439016193151474,0.4571807384490967,-0.007804127410054207,0.4334578812122345,0.3953636586666107,-0.01692049764096737,0.4666425883769989,0.6606367230415344,-0.021510738879442215,0.45252516865730286,0.545754075050354,-0.0310408603399992,0.44476574659347534,0.47760799527168274,-0.03588821738958359,0.44107717275619507,0.420421302318573,-0.04129673168063164,0.46588993072509766,0.6793779730796814,-0.05461939051747322,0.45958608388900757,0.5945939421653748,-0.06415028870105743,0.45201557874679565,0.5413639545440674,-0.06781189143657684,0.4469076991081238,0.4925837814807892,-0.07225342839956284
