0.7340477705001831,0.9154984354972839,4.548620324840158e-07,0.7572931051254272,0.846230149269104,-0.01107830461114645,0.7380853891372681,0.7800390720367432,-0.01991845667362213,0.7009807825088501,0.7379226684570312,-0.023234428837895393,0.6722403168678284,0.7105558514595032,-0.025752967223525047,0.7262046933174133,0.7929835915565491,-0.05352657660841942,0.6785943508148193,0.7025026679039001,-0.06569577008485794,0.6593091487884521,0.6615267992019653,-0.06330768764019012,0.6476562023162842,0.6373192071914673,-0.058043867349624634,0.6890873908996582,0.8204900622367859,-0.04926517605781555,0.6372170448303223,0.7210549712181091,-0.06262572854757309,0.6289842128753662,0.6737189292907715,-0.05726885050535202,0.6308953166007996,0.6486656069755554,-0.04991172254085541,0.6592578291893005,0.8407168388366699,-0.04258304089307785,0.6113086938858032,0.7427145838737488,-0.05079660937190056,0.6105335354804993,0.6977130770683289,-0.04706546664237976,0.6167483329772949,0.6721723675727844,-0.04212363064289093,0.641765832901001,0.8512024879455566,-0.035348933190107346,0.6190014481544495,0.7792776226997375,-0.04076371714472771,0.626268208026886,0.7442280054092407,-0.038609955459833145,0.6369892954826355,0.7232241630554199,-0.03463200852274895
0.7330434322357178,0.9012577533721924,4.3064883925580943e-07,0.7543051838874817,0.8254832625389099,-0.004113443195819855,0.7325657606124878,0.7575859427452087,-0.007959169335663319,0.694890558719635,0.7183962464332581,-0.007781881373375654,0.6657328009605408,0.6970516443252563,-0.00633282633498311,0.7154347896575928,0.7642368674278259,-0.03686956316232681,0.6713880300521851,0.6776365041732788,-0.04386347532272339,0.6577781438827515,0.6435220837593079,-0.040001146495342255,0.6509001851081848,0.6270881295204163,-0.034160349518060684,0.6781720519065857,0.7911838293075562,-0.03443062677979469,0.6304870247840881,0.6933028697967529,-0.04139168933033943,0.6262566447257996,0.6507678627967834,-0.034998971968889236,0.6303056478500366,0.6315428018569946,-0.027379311621189117,0.6506142616271973,0.8128872513771057,-0.02960156835615635,0.6081820726394653,0.7236990928649902,-0.032112013548612595,0.6103499531745911,0.6801314949989319,-0.028255142271518707,0.6173460483551025,0.6564563512802124,-0.02443351224064827,0.6358644366264343,0.8245032429695129,-0.023998050019145012,0.6252551674842834,0.7553089261054993,-0.024148456752300262,0.634721040725708,0.7225952744483948,-0.020700305700302124,0.6439110040664673,0.7051529884338379,-0.016729632392525673
0.7267889380455017,0.89515221118927,3.741111527233443e-07,0.7454633712768555,0.8156806230545044,0.00015416888345498592,0.7261484861373901,0.7449336647987366,-0.0006912556709721684,0.6933050155639648,0.6974452137947083,0.0018664910458028316,0.6678012013435364,0.6710196733474731,0.00595861254259944,0.7017895579338074,0.7522742748260498,-0.030235035344958305,0.662984311580658,0.6662843823432922,-0.03389410674571991,0.6540389060974121,0.6335455179214478,-0.02795081026852131,0.6498836874961853,0.6177042722702026,-0.021220289170742035,0.6656591296195984,0.7773879170417786,-0.029492899775505066,0.6236872673034668,0.6805146336555481,-0.03514154255390167,0.6244683265686035,0.6429311633110046,-0.028214024379849434,0.6305822730064392,0.6272357702255249,-0.020111417397856712,0.6399234533309937,0.7993587255477905,-0.025873808190226555,0.6028510928153992,0.711417019367218,-0.02781239151954651,0.6090466976165771,0.672274112701416,-0.02257191389799118,0.6177662014961243,0.6527681350708008,-0.0177729781717062,0.6269570589065552,0.8124467730522156,-0.02112988382577896,0.6181113719940186,0.741889476776123,-0.020149853080511093,0.6302720308303833,0.7138146162033081,-0.014277083799242973,0.6419256925582886,0.701890766620636,-0.008436665870249271
0.7234629988670349,0.9037500619888306,3.368066074926901e-07,0.7391949892044067,0.8232966065406799,0.0016200896352529526,0.718258798122406,0.7536090612411499,0.002123837824910879,0.6850945353507996,0.7096568942070007,0.005111960228532553,0.6589429378509521,0.6888344287872314,0.00928280409425497,0.6902527213096619,0.756469190120697,-0.022158127278089523,0.655367910861969,0.673525869846344,-0.02517721801996231,0.6465268135070801,0.6397976279258728,-0.020738676190376282,0.6426146030426025,0.6222745180130005,-0.015167254023253918,0.655566930770874,0.7814305424690247,-0.022288186475634575,0.6170032620429993,0.6859381198883057,-0.02725738286972046,0.6192028522491455,0.6483481526374817,-0.02196773886680603,0.6284776329994202,0.6331660747528076,-0.014954459853470325,0.6319243907928467,0.8029422163963318,-0.01992657221853733,0.5999177694320679,0.7138407826423645,-0.020804191008210182,0.6064397692680359,0.6744347214698792,-0.016758998855948448,0.6165914535522461,0.6551346778869629,-0.012972482480108738,0.6206148266792297,0.8161867260932922,-0.016510585322976112,0.6107642650604248,0.744621992111206,-0.014100456610321999,0.6202459931373596,0.7146604657173157,-0.008221649564802647,0.6305108070373535,0.7001326680183411,-0.002652344759553671
0.7155065536499023,0.9286502599716187,3.6087180887989234e-07,0.7264204025268555,0.843583881855011,0.0016099635977298021,0.7000038027763367,0.7760007381439209,0.0020414290484040976,0.6655046343803406,0.7344187498092651,0.005146327894181013,0.6400544047355652,0.7117186784744263,0.010145834647119045,0.676766574382782,0.77956223487854,-0.02094532735645771,0.6372039914131165,0.6981527209281921,-0.0217405017465353,0.6314998269081116,0.6667388677597046,-0.015204780735075474,0.6310751438140869,0.6482418179512024,-0.008288539946079254,0.642864465713501,0.8064447641372681,-0.020123356953263283,0.6015865802764893,0.7139967679977417,-0.022707514464855194,0.6027472615242004,0.6751372814178467,-0.016044337302446365,0.6125491857528687,0.6552579402923584,-0.008385008201003075,0.6197805404663086,0.8290246725082397,-0.016836849972605705,0.5890569090843201,0.7427230477333069,-0.014040564186871052,0.5948461890220642,0.7040693163871765,-0.008612151257693768,0.6048364043235779,0.682735800743103,-0.004541902337223291,0.6092957258224487,0.8418885469436646,-0.012769358232617378,0.6004416346549988,0.7723798751831055,-0.005917587783187628,0.6094621419906616,0.7425541281700134,0.0017826076364144683,0.6201566457748413,0.7280564904212952,0.00812128558754921
0.7153918743133545,0.9265842437744141,3.3964724366342125e-07,0.7246512770652771,0.8405974507331848,0.003237327793613076,0.6968187689781189,0.7711561918258667,0.0036305771209299564,0.6609901785850525,0.7316708564758301,0.0057599847204983234,0.6348583698272705,0.7107694745063782,0.00941727589815855,0.6740356087684631,0.7734699845314026,-0.018269814550876617,0.6333485841751099,0.693965494632721,-0.02159043215215206,0.6302765607833862,0.663074254989624,-0.017759814858436584,0.6319129467010498,0.645099401473999,-0.012591425329446793,0.6412490606307983,0.8017705082893372,-0.019649280235171318,0.600627064704895,0.7101052403450012,-0.023896491155028343,0.6037620306015015,0.6703104972839355,-0.018747424706816673,0.6143547296524048,0.6509382724761963,-0.011974728666245937,0.619327187538147,0.8271943926811218,-0.018829401582479477,0.5859917402267456,0.7399556636810303,-0.018823660910129547,0.5922970175743103,0.6969950795173645,-0.014515078626573086,0.6027770042419434,0.6730810403823853,-0.010836243629455566,0.6095685362815857,0.8427707552909851,-0.017106447368860245,0.5987088084220886,0.7715355753898621,-0.014245526865124702,0.6072256565093994,0.7392503023147583,-0.008156097494065762,0.6168258190155029,0.7222760319709778,-0.002508822362869978
0.7160807847976685,0.9269627332687378,3.2763907142907556e-07,0.7244278788566589,0.8396565914154053,0.0038117123767733574,0.6961546540260315,0.7689909338951111,0.004649157170206308,0.6601728796958923,0.7266409993171692,0.007466149050742388,0.6342487335205078,0.7035500407218933,0.011971714906394482,0.6739016771316528,0.7724480032920837,-0.01876712031662464,0.6314145922660828,0.6924205422401428,-0.02036169171333313,0.6286880970001221,0.6624252796173096,-0.014774532988667488,0.6299935579299927,0.6447756290435791,-0.008616002276539803,0.6410336494445801,0.8014407753944397,-0.01985824480652809,0.599742591381073,0.7078638076782227,-0.022688526660203934,0.6034582853317261,0.6692675352096558,-0.016679471358656883,0.6139515042304993,0.6502042412757874,-0.009632107801735401,0.618955135345459,0.826946496963501,-0.01841798424720764,0.5857767462730408,0.7382873892784119,-0.016914179548621178,0.5934447646141052,0.6977149844169617,-0.011810838244855404,0.604557991027832,0.6757152676582336,-0.007983553223311901,0.6090462803840637,0.8422804474830627,-0.015982013195753098,0.5977412462234497,0.7696904540061951,-0.011592226102948189,0.606653094291687,0.7381431460380554,-0.0047233933582901955,0.6164669394493103,0.7221030592918396,0.0011646888451650739
0.7136542201042175,0.9451903700828552,3.8065550711507967e-07,0.721487283706665,0.8621585965156555,-0.0007182343397289515,0.6911160349845886,0.7916401028633118,-0.0008685985230840743,0.6534373164176941,0.7471195459365845,0.0017004942055791616,0.6256989240646362,0.7252382636070251,0.006346684880554676,0.6575247049331665,0.8006870150566101,-0.020757067948579788,0.61724454164505,0.7170707583427429,-0.02432803437113762,0.6141330003738403,0.6821635365486145,-0.020769840106368065,0.6171308159828186,0.661470890045166,-0.0153917595744133,0.6260918378829956,0.8292550444602966,-0.019137337803840637,0.5826088786125183,0.7357813119888306,-0.023029973730444908,0.5861161947250366,0.6930053234100342,-0.018096046522259712,0.5991369485855103,0.6699875593185425,-0.011496126651763916,0.6069098114967346,0.851662278175354,-0.015516799874603748,0.574846625328064,0.7645048499107361,-0.013801337219774723,0.5819562077522278,0.7234606146812439,-0.008694355376064777,0.5932250022888184,0.7011093497276306,-0.004557688720524311,0.6006318926811218,0.8626918792724609,-0.011459114961326122,0.5864975452423096,0.792841374874115,-0.004957285244017839,0.5928542017936707,0.7604284286499023,0.002778365509584546,0.6017069816589355,0.7429158687591553,0.009302917867898941
0.7137473821640015,0.9480974078178406,3.532117034410476e-07,0.7178930640220642,0.8623975515365601,-0.0029149074107408524,0.6844731569290161,0.7877311110496521,-0.003703322494402528,0.6445423364639282,0.7406339049339294,-0.001105386996641755,0.6188961267471313,0.7108392119407654,0.0034402741584926844,0.6575726270675659,0.803286612033844,-0.023794349282979965,0.6129502058029175,0.722879946231842,-0.02679014392197132,0.6068000793457031,0.6877032518386841,-0.023255538195371628,0.6059587001800537,0.665320634841919,-0.018711136654019356,0.6266133785247803,0.8355029225349426,-0.020987214520573616,0.5814398527145386,0.7433283925056458,-0.02309572696685791,0.5839439630508423,0.7017726302146912,-0.018550749868154526,0.5953297019004822,0.6797597408294678,-0.013491645455360413,0.6077523827552795,0.8601859211921692,-0.016104940325021744,0.5723955035209656,0.774526059627533,-0.013821166940033436,0.5783658027648926,0.7319725751876831,-0.010077969171106815,0.5893641710281372,0.707974910736084,-0.008111399598419666,0.5999928712844849,0.8726512789726257,-0.010913625359535217,0.5856022834777832,0.8009408712387085,-0.0067361886613070965,0.5925708413124084,0.7675467729568481,-0.0015586698427796364,0.6014379858970642,0.7493699193000793,0.0026289585512131453
0.7119595408439636,0.9442019462585449,3.5204962500756665e-07,0.7152546644210815,0.8586017489433289,0.00030982884345576167,0.6835845112800598,0.7890397906303406,0.0005321488133631647,0.6448028683662415,0.7473752498626709,0.003622537711635232,0.6181092262268066,0.7237910628318787,0.008506511338055134,0.6581682562828064,0.801325798034668,-0.022779937833547592,0.6113103628158569,0.7243590950965881,-0.025042416527867317,0.6050506234169006,0.6912561655044556,-0.020149094983935356,0.6042661070823669,0.670083224773407,-0.014540428295731544,0.6273474097251892,0.833527147769928,-0.0213929433375597,0.5783222913742065,0.7433844208717346,-0.02409648895263672,0.5817318558692932,0.7021937370300293,-0.018467163667082787,0.5944197773933411,0.680466890335083,-0.012068039737641811,0.6083574295043945,0.8600876927375793,-0.01743013598024845,0.5693629384040833,0.7758702635765076,-0.015536493621766567,0.578147828578949,0.7354239225387573,-0.010312633588910103,0.591832160949707,0.7142545580863953,-0.0066642193123698235,0.6008243560791016,0.875531792640686,-0.012801946140825748,0.5827279090881348,0.8052223324775696,-0.008403830230236053,0.590646505355835,0.7727444171905518,-0.00178500113543123,0.6013020277023315,0.7564151287078857,0.003816956654191017
0.7116706371307373,0.9474551677703857,3.638880912149034e-07,0.7160688638687134,0.8628838062286377,-0.0035792761482298374,0.6849528551101685,0.790779709815979,-0.004498178604990244,0.6466245651245117,0.7455553412437439,-0.0017011906020343304,0.6204506158828735,0.7194980382919312,0.003263955470174551,0.657209038734436,0.808296263217926,-0.025610050186514854,0.6130655407905579,0.7279037833213806,-0.028635473921895027,0.6070447564125061,0.6936891078948975,-0.024352900683879852,0.6060361266136169,0.6718761324882507,-0.019159385934472084,0.6264804005622864,0.8388590812683105,-0.022360816597938538,0.5800735354423523,0.7450630068778992,-0.02592533826828003,0.5825639367103577,0.7019734382629395,-0.021168651059269905,0.5941691398620605,0.6787960529327393,-0.015276400372385979,0.6077503561973572,0.8622573018074036,-0.016883818432688713,0.5703093409538269,0.7759789228439331,-0.01615450531244278,0.5767506957054138,0.732486367225647,-0.012441892176866531,0.5884612202644348,0.7081790566444397,-0.009674637578427792,0.600371241569519,0.8740284442901611,-0.011017420329153538,0.5830539464950562,0.8025848269462585,-0.007997355423867702,0.5896059274673462,0.7683699131011963,-0.0028318329714238644,0.599239706993103,0.7495195269584656,0.0018497398123145103
0.7134519219398499,0.9467917680740356,3.5169981060789723e-07,0.71714848279953,0.861605167388916,-0.00018548221851233393,0.6856687068939209,0.7919847369194031,0.0001286158076254651,0.646590530872345,0.7503896355628967,0.003589036874473095,0.6187095046043396,0.7273592948913574,0.008893112652003765,0.6590396761894226,0.8030840158462524,-0.02260785549879074,0.613890528678894,0.7260372638702393,-0.024231325834989548,0.6066113114356995,0.6936801671981812,-0.01889200508594513,0.6047967076301575,0.6734792590141296,-0.013044510968029499,0.6278882622718811,0.8346758484840393,-0.02071523666381836,0.5798518061637878,0.7441814541816711,-0.02325362339615822,0.5816230177879333,0.7033957242965698,-0.017639661207795143,0.5924906134605408,0.6815989017486572,-0.011073293164372444,0.6087808609008789,0.8605478405952454,-0.016261227428913116,0.569816529750824,0.7765583992004395,-0.01433112658560276,0.5766047239303589,0.7354313135147095,-0.00952550582587719,0.5885812044143677,0.7131843566894531,-0.006002462934702635,0.6014901995658875,0.8749129176139832,-0.011091144755482674,0.583030641078949,0.8050578832626343,-0.006636428646743298,0.5898855328559875,0.7723467946052551,-0.00016217473603319377,0.5997340083122253,0.7552110552787781,0.005498044658452272
0.7132437229156494,0.9464635252952576,3.6415622162166983e-07,0.7186046838760376,0.8591828346252441,-0.0012231969740241766,0.6875419020652771,0.7879698872566223,-0.0011261305771768093,0.6495922207832336,0.744161069393158,0.002534605795517564,0.6223344206809998,0.7194177508354187,0.00840960256755352,0.660953938961029,0.8006412982940674,-0.02495109662413597,0.616096019744873,0.7187700271606445,-0.0263285581022501,0.6096544861793518,0.6857389211654663,-0.019894365221261978,0.6084980368614197,0.6660423874855042,-0.013109947554767132,0.6285278797149658,0.8322511911392212,-0.02215389348566532,0.5808286666870117,0.7377098798751831,-0.025107823312282562,0.5847757458686829,0.6958229541778564,-0.01882525160908699,0.5972100496292114,0.6744088530540466,-0.0115311648696661,0.6087484359741211,0.8574097156524658,-0.01673084869980812,0.5706954002380371,0.7682908177375793,-0.0149360541254282,0.5806418061256409,0.725830078125,-0.009880619123578072,0.5947559475898743,0.7036933898925781,-0.0060594165697693825,0.6011946201324463,0.8705649375915527,-0.010649623349308968,0.5840417742729187,0.7982078194618225,-0.00637987582013011,0.5919399857521057,0.7638948559761047,-0.00037427007919177413,0.6025094985961914,0.7459434866905212,0.005001013167202473
0.7124245166778564,0.9470852613449097,3.881324630583549e-07,0.7176951169967651,0.8598299622535706,-0.009032374247908592,0.6837610006332397,0.7851009368896484,-0.010635948739945889,0.6440698504447937,0.7374920845031738,-0.007255797740072012,0.6203808784484863,0.7036183476448059,-0.0010745784966275096,0.6479611396789551,0.8110852837562561,-0.027373598888516426,0.6060053110122681,0.7272481918334961,-0.029997723177075386,0.6058400273323059,0.6898696422576904,-0.02561594545841217,0.6107177138328552,0.6667908430099487,-0.020091380923986435,0.6194747686386108,0.840277910232544,-0.01983359456062317,0.5775353908538818,0.7447194457054138,-0.021463682875037193,0.5836545825004578,0.7005215883255005,-0.016994822770357132,0.5978972911834717,0.6769598722457886,-0.011799085885286331,0.6049374341964722,0.8609879612922668,-0.010514557361602783,0.5730589628219604,0.7743011116981506,-0.007493298035115004,0.5824118256568909,0.7314208149909973,-0.0041271080262959,0.5966330766677856,0.7087781429290771,-0.0020605537574738264,0.6018592119216919,0.8702625036239624,-0.0013983824755996466,0.5864913463592529,0.8007581830024719,0.0034556256141513586,0.5933720469474792,0.7672436237335205,0.007966851815581322,0.6037311553955078,0.7502527236938477,0.012006104923784733
0.7161247134208679,0.944130539894104,3.7258757856761804e-07,0.720284104347229,0.8592584133148193,-0.003448992036283016,0.689881443977356,0.786400318145752,-0.004900727421045303,0.6532819867134094,0.7381665706634521,-0.0024702553637325764,0.6265949010848999,0.7130131125450134,0.002258406952023506,0.6614792346954346,0.8004984259605408,-0.02778269723057747,0.6155223250389099,0.716691255569458,-0.030666761100292206,0.6104718446731567,0.6820386648178101,-0.02537808194756508,0.610304594039917,0.6604129076004028,-0.019489634782075882,0.6290935277938843,0.831285834312439,-0.024629725143313408,0.5816349387168884,0.7346273064613342,-0.027799824252724648,0.5869886875152588,0.6916951537132263,-0.02183353528380394,0.6003009080886841,0.6691111326217651,-0.015236559323966503,0.6095587611198425,0.855415940284729,-0.01907537505030632,0.5734184980392456,0.765158474445343,-0.017014779150485992,0.5837719440460205,0.7230374217033386,-0.011651737615466118,0.5976816415786743,0.7004988789558411,-0.008234471082687378,0.6017024517059326,0.8684529662132263,-0.013225001282989979,0.5860483050346375,0.7949926257133484,-0.008753878995776176,0.5930790901184082,0.7619346380233765,-0.002599378814920783,0.6019377112388611,0.7440457940101624,0.002438824623823166
0.7154871821403503,0.9438735842704773,3.5097497175229364e-07,0.7192105054855347,0.8587130904197693,-0.001719251973554492,0.6903470754623413,0.7880992293357849,-0.0029343864880502224,0.6533411741256714,0.7431765794754028,-0.0004848171374760568,0.6258904337882996,0.720053493976593,0.0037340850103646517,0.662874162197113,0.7990935444831848,-0.028576143085956573,0.6160290241241455,0.7188916206359863,-0.03128906339406967,0.6103935241699219,0.6850606203079224,-0.02613588236272335,0.6100903153419495,0.6636366844177246,-0.020244820043444633,0.6302377581596375,0.830167293548584,-0.025921909138560295,0.5815202593803406,0.7361988425254822,-0.027916675433516502,0.5858517289161682,0.6948504447937012,-0.021345021203160286,0.5991058945655823,0.6734752655029297,-0.0146124716848135,0.6105883121490479,0.8555923700332642,-0.020465532317757607,0.5721381306648254,0.7695632576942444,-0.01705051399767399,0.5814402103424072,0.7295936346054077,-0.011147623881697655,0.5958892107009888,0.7082544565200806,-0.007610571105033159,0.6033105850219727,0.8707207441329956,-0.014551685191690922,0.5848416686058044,0.8017314076423645,-0.009017826989293098,0.5935779809951782,0.7705588340759277,-0.0019412330584600568,0.6055027842521667,0.7555891871452332,0.0037586188409477472
0.7166997790336609,0.9457221031188965,3.546352331795788e-07,0.7214701175689697,0.8605800271034241,-0.0003352298808749765,0.6927800178527832,0.7889344692230225,-0.0008455340866930783,0.6556791067123413,0.7448693513870239,0.0021814715582877398,0.6279687881469727,0.724152684211731,0.006826839409768581,0.6633106470108032,0.8011534810066223,-0.027279702946543694,0.617543637752533,0.7193063497543335,-0.02947944775223732,0.6113163828849792,0.6840372085571289,-0.024113545194268227,0.6100211143493652,0.6615432500839233,-0.01810905896127224,0.6312030553817749,0.8316225409507751,-0.02517111971974373,0.5836001634597778,0.7356760501861572,-0.027007093653082848,0.58774334192276,0.6938113570213318,-0.02063484862446785,0.6001569628715515,0.6722612380981445,-0.01390887051820755,0.6115348935127258,0.8561248779296875,-0.020110011100769043,0.5741934776306152,0.7678806781768799,-0.016922008246183395,0.5825361609458923,0.7268306016921997,-0.011559094302356243,0.5951940417289734,0.705233633518219,-0.008250387385487556,0.6042289137840271,0.870108425617218,-0.014314061030745506,0.5872847437858582,0.7984795570373535,-0.00879540666937828,0.5958479046821594,0.7664971947669983,-0.001894565881229937,0.6065002083778381,0.7506676912307739,0.003737557679414749
0.7152284979820251,0.9440378546714783,3.4799623449544015e-07,0.7193654179573059,0.8577554225921631,0.00030705539393238723,0.6904614567756653,0.7858861684799194,0.000259910972090438,0.652704119682312,0.7428606748580933,0.0036518739070743322,0.6249046921730042,0.7212308049201965,0.008793381042778492,0.6631880402565002,0.8007369637489319,-0.026242710649967194,0.6180275678634644,0.7181746363639832,-0.02728198654949665,0.6114020347595215,0.6846704483032227,-0.020597638562321663,0.609441876411438,0.6641097068786621,-0.013762122951447964,0.6308425664901733,0.831391453742981,-0.0242756400257349,0.5846050381660461,0.7342789173126221,-0.025305110961198807,0.5875824689865112,0.6935678124427795,-0.017759639769792557,0.5983186960220337,0.6729561686515808,-0.010247410275042057,0.6110444068908691,0.855859637260437,-0.019364861771464348,0.5741883516311646,0.7652344107627869,-0.015739694237709045,0.5816001296043396,0.7244908213615417,-0.009664403274655342,0.5930132269859314,0.7025840282440186,-0.005954941269010305,0.6035435199737549,0.8696616888046265,-0.013698850758373737,0.5877413749694824,0.7964113354682922,-0.008211936801671982,0.5964238047599792,0.7641471028327942,-0.0013000444741919637,0.6069931983947754,0.7481445670127869,0.004287549294531345
0.7162829637527466,0.9430829286575317,3.643864374680561e-07,0.7207170724868774,0.8584670424461365,-0.001756316632963717,0.6920817494392395,0.786501407623291,-0.0027692338917404413,0.654529869556427,0.7414848804473877,3.770757757592946e-05,0.6258534789085388,0.7196811437606812,0.0048125493340194225,0.6635090112686157,0.799235999584198,-0.02792189083993435,0.6183333396911621,0.7180167436599731,-0.030289852991700172,0.6126396059989929,0.6837993860244751,-0.024525368586182594,0.6117242574691772,0.6625528335571289,-0.018090324476361275,0.6315473914146423,0.8304243087768555,-0.025334618985652924,0.5843333005905151,0.7353867292404175,-0.02806035242974758,0.5875068306922913,0.6931608319282532,-0.0214714203029871,0.5988814830780029,0.6714059114456177,-0.014260786585509777,0.6118876338005066,0.8557498455047607,-0.01998218148946762,0.5756765604019165,0.7673203945159912,-0.017898501828312874,0.5835481882095337,0.7255806922912598,-0.012239869683980942,0.5955793261528015,0.7034906148910522,-0.008275678381323814,0.6044442057609558,0.8705140948295593,-0.014058582484722137,0.5887569785118103,0.7984280586242676,-0.009514933452010155,0.5971636772155762,0.7657288908958435,-0.002690171590074897,0.6078237295150757,0.7493633031845093,0.003177057718858123
0.7163954377174377,0.9438270330429077,3.5146862842339033e-07,0.7215628623962402,0.8563826084136963,-0.0005670656100846827,0.6937007904052734,0.7855011820793152,-0.0011634888360276818,0.6582685112953186,0.7411683797836304,0.001696684630587697,0.6320973038673401,0.7163631319999695,0.006607866380363703,0.6661015152931213,0.79698246717453,-0.026638569310307503,0.6228119134902954,0.7151405215263367,-0.02930602990090847,0.6162773966789246,0.6813936829566956,-0.023566685616970062,0.6155796051025391,0.6614925265312195,-0.016957025974988937,0.632982075214386,0.8274123072624207,-0.024488721042871475,0.5865296721458435,0.7330756187438965,-0.027568886056542397,0.5894632339477539,0.6915376782417297,-0.020594336092472076,0.6016885638237,0.6707403063774109,-0.012829105369746685,0.612466037273407,0.8520573973655701,-0.019617553800344467,0.5764477252960205,0.7644261717796326,-0.01738639734685421,0.5840439200401306,0.7231582403182983,-0.01142334844917059,0.5967115163803101,0.7008699178695679,-0.007139384280890226,0.604768693447113,0.8659161925315857,-0.014141964726150036,0.5904056429862976,0.7951825261116028,-0.009091601707041264,0.5986607074737549,0.7628244161605835,-0.0021476007532328367,0.6097105145454407,0.7464213371276855,0.0038503683172166348
0.7160871624946594,0.9441162347793579,3.7266232766342e-07,0.7211551666259766,0.8575775027275085,-0.003787596244364977,0.690189003944397,0.783064603805542,-0.004610385745763779,0.6523435711860657,0.7339829802513123,-0.001377494540065527,0.6270679831504822,0.7030232548713684,0.004059808794409037,0.6628745198249817,0.7970664501190186,-0.02585100568830967,0.6189180612564087,0.7171580195426941,-0.027686122804880142,0.6120126843452454,0.6833677291870117,-0.02271723747253418,0.6098725199699402,0.6613896489143372,-0.017153320834040642,0.630757212638855,0.8284074068069458,-0.021862830966711044,0.585938036441803,0.7355755567550659,-0.023960759863257408,0.5875298380851746,0.6940191388130188,-0.01872546784579754,0.5980474948883057,0.6717886924743652,-0.012779508717358112,0.611120879650116,0.8531783223152161,-0.015589152462780476,0.5753920674324036,0.7670066952705383,-0.013323739171028137,0.5816610455513,0.7248153686523438,-0.009785445407032967,0.5929102897644043,0.7011510729789734,-0.007601199671626091,0.6034910082817078,0.8664709329605103,-0.008975333534181118,0.5910158157348633,0.7952500581741333,-0.004709695465862751,0.5998793244361877,0.7630040645599365,0.0002953777729999274,0.6109777688980103,0.7460183501243591,0.004610186908394098
0.7183297872543335,0.9427053928375244,3.5096789474664547e-07,0.7240480184555054,0.8569818735122681,0.0009373764623887837,0.6950548887252808,0.7868450880050659,0.001255510258488357,0.6591713428497314,0.741585373878479,0.0049363551661372185,0.6323682069778442,0.7183968424797058,0.01060396060347557,0.6677716970443726,0.7945849895477295,-0.02518303506076336,0.6232644319534302,0.7151135802268982,-0.026330068707466125,0.615910530090332,0.68239426612854,-0.019424067810177803,0.6137195825576782,0.6624277830123901,-0.012202706187963486,0.6348190307617188,0.8247759938240051,-0.02329787239432335,0.5873537063598633,0.7319345474243164,-0.025869691744446754,0.5891587734222412,0.6907979249954224,-0.018587825819849968,0.5997967720031738,0.6696261763572693,-0.010497553274035454,0.6137562990188599,0.8498961925506592,-0.018470481038093567,0.5749485492706299,0.7631120085716248,-0.016143688932061195,0.582655131816864,0.7221712470054626,-0.01027414295822382,0.5951929092407227,0.7004691362380981,-0.0058267791755497456,0.6055343747138977,0.8647109270095825,-0.012825314886868,0.5902777910232544,0.7936668395996094,-0.007939249277114868,0.5991693139076233,0.762323796749115,-0.0011860524537041783,0.6107791662216187,0.7467418313026428,0.004861059132963419
0.7180225253105164,0.9441097974777222,3.5906896300730295e-07,0.7234309315681458,0.8565488457679749,0.0005340789793990552,0.6938499212265015,0.7844083309173584,0.0009702129755169153,0.6565449237823486,0.7398680448532104,0.0047808014787733555,0.6288785338401794,0.7179839611053467,0.010490909218788147,0.6660819053649902,0.7935382723808289,-0.02420358546078205,0.62164705991745,0.713800311088562,-0.024762554094195366,0.6149920225143433,0.6814578175544739,-0.0180192980915308,0.6131641268730164,0.6616835594177246,-0.011126336641609669,0.6333262920379639,0.8245455622673035,-0.022358566522598267,0.5876567363739014,0.7312129735946655,-0.023831931874155998,0.5888473987579346,0.6904397010803223,-0.01708805002272129,0.5983892679214478,0.6691628694534302,-0.009810926392674446,0.6126997470855713,0.850257158279419,-0.017704879865050316,0.5760124325752258,0.7627494931221008,-0.01503684651106596,0.581920862197876,0.7207140922546387,-0.010483277961611748,0.5923587083816528,0.697378396987915,-0.007442663423717022,0.6045166850090027,0.8655917644500732,-0.012239323928952217,0.5927287936210632,0.7934788465499878,-0.007672823965549469,0.6028448343276978,0.7622528076171875,-0.0017054459312930703,0.6146549582481384,0.7467733025550842,0.0035107522271573544
0.7155516743659973,0.9419432282447815,3.4910283375211293e-07,0.7208256721496582,0.8581133484840393,-0.003602578304708004,0.6912301778793335,0.7848495244979858,-0.005578381009399891,0.6535290479660034,0.7334862947463989,-0.0035430188290774822,0.6289763450622559,0.6995848417282104,0.0005403583054430783,0.6638495326042175,0.7987543344497681,-0.029436621814966202,0.6182292103767395,0.7191919684410095,-0.03223046660423279,0.6122269034385681,0.6849812865257263,-0.027129724621772766,0.6112297773361206,0.6626324653625488,-0.021365180611610413,0.6319184303283691,0.8298119902610779,-0.025712313130497932,0.5867004990577698,0.7362855672836304,-0.027909260243177414,0.5884659886360168,0.6942499876022339,-0.02211977355182171,0.5992285013198853,0.6713742017745972,-0.01615036092698574,0.612348735332489,0.8536043763160706,-0.01941971480846405,0.5762025117874146,0.7666916251182556,-0.01671386882662773,0.5820701718330383,0.7237039804458618,-0.01238315925002098,0.5937396287918091,0.6995871663093567,-0.010062155313789845,0.6050346493721008,0.8667200207710266,-0.012781762517988682,0.5904254913330078,0.7954241037368774,-0.008102760650217533,0.5987687706947327,0.7627875208854675,-0.002719613490626216,0.6100587248802185,0.7461113929748535,0.0016438973834738135
0.7165084481239319,0.9410527944564819,3.508147869979439e-07,0.7220777273178101,0.8557717204093933,0.0003129176329821348,0.6933304071426392,0.785348653793335,4.4260730646783486e-05,0.658023476600647,0.74003666639328,0.0030734713654965162,0.6313278675079346,0.7161427140235901,0.008018898777663708,0.6670545935630798,0.7951110601425171,-0.025720227509737015,0.623587965965271,0.715549111366272,-0.02739105373620987,0.6161322593688965,0.683201014995575,-0.021013714373111725,0.6133682131767273,0.6634565591812134,-0.0142465615645051,0.6344425678253174,0.8251839876174927,-0.024030106142163277,0.5890498161315918,0.7319356203079224,-0.026957564055919647,0.5905293226242065,0.6909633278846741,-0.020032623782753944,0.599951446056366,0.6695007681846619,-0.012251895852386951,0.6133962273597717,0.8496933579444885,-0.019518215209245682,0.5763579607009888,0.7615197896957397,-0.017593689262866974,0.5830888152122498,0.720665454864502,-0.01207479927688837,0.5941039323806763,0.6985514163970947,-0.00801781751215458,0.6049714088439941,0.8634861707687378,-0.014270070940256119,0.5923266410827637,0.7917917966842651,-0.009854396805167198,0.6014182567596436,0.7609207034111023,-0.0034204612020403147,0.6122860312461853,0.7457331418991089,0.0022714026272296906
0.7165498733520508,0.9425538778305054,3.646055404260551e-07,0.7223258018493652,0.8556485772132874,0.0008997052209451795,0.6923882961273193,0.7842007279396057,0.0008950954070314765,0.6545705795288086,0.7400080561637878,0.00412546843290329,0.6268609166145325,0.7174096703529358,0.009332557208836079,0.6668415069580078,0.7937690615653992,-0.025217674672603607,0.6221645474433899,0.7142866253852844,-0.026266979053616524,0.6150445342063904,0.6819463968276978,-0.019170749932527542,0.6123494505882263,0.6621078848838806,-0.012024828232824802,0.6341960430145264,0.824282705783844,-0.024063773453235626,0.5878662467002869,0.7316348552703857,-0.027216728776693344,0.5893300175666809,0.6902757883071899,-0.02046740986406803,0.598453938961029,0.6683774590492249,-0.012778076343238354,0.6128163933753967,0.8496540188789368,-0.01996118575334549,0.5757849216461182,0.7617210745811462,-0.01851119101047516,0.5833335518836975,0.7210538387298584,-0.013107980601489544,0.5944715142250061,0.6993553042411804,-0.009084534831345081,0.6036484241485596,0.8644550442695618,-0.015011790208518505,0.5925257802009583,0.7921359539031982,-0.010796169750392437,0.6035817265510559,0.7622733116149902,-0.004137868992984295,0.6156779527664185,0.748537003993988,0.0017147931503131986
0.7204890251159668,0.9437834620475769,3.565049553344579e-07,0.7262203693389893,0.8585481643676758,0.0008679478196427226,0.698371946811676,0.7890792489051819,0.0008980704005807638,0.6632866859436035,0.7446799874305725,0.004383636172860861,0.6362733840942383,0.7237230539321899,0.009808581322431564,0.6705871224403381,0.796558141708374,-0.025608301162719727,0.6266217231750488,0.7156151533126831,-0.026370571926236153,0.619283139705658,0.682054877281189,-0.019359759986400604,0.616129457950592,0.6604234576225281,-0.012188903987407684,0.6369805932044983,0.8262369632720947,-0.02367861568927765,0.5913277268409729,0.7311183214187622,-0.025575099512934685,0.5933411121368408,0.6892604827880859,-0.01795905828475952,0.6031777262687683,0.6667808294296265,-0.009907044470310211,0.6153536438941956,0.8505856990814209,-0.01877891644835472,0.578709065914154,0.7616053819656372,-0.01564165949821472,0.5864920020103455,0.7206114530563354,-0.009932245127856731,0.5985063314437866,0.6984881162643433,-0.005930241197347641,0.606869101524353,0.8641282320022583,-0.013084848411381245,0.5937522649765015,0.7919840216636658,-0.007244802545756102,0.6034778356552124,0.7607698440551758,-0.00035259092692285776,0.6152825355529785,0.7451763153076172,0.005495346151292324
0.7193576097488403,0.9404734373092651,3.5979110180051066e-07,0.7237300872802734,0.8548080325126648,0.0014227008214220405,0.6954978704452515,0.7853933572769165,0.0011967599857598543,0.6599260568618774,0.7405327558517456,0.004119332414120436,0.6335462927818298,0.7179579138755798,0.008732029236853123,0.6701574921607971,0.7944380640983582,-0.026108549907803535,0.6256499290466309,0.7133669257164001,-0.027483612298965454,0.6180680394172668,0.680610716342926,-0.021057838574051857,0.6149600148200989,0.6601096987724304,-0.014349065721035004,0.6375376582145691,0.8249272704124451,-0.024856222793459892,0.5912317633628845,0.7304919362068176,-0.026917442679405212,0.5922588109970093,0.6900898218154907,-0.01979156769812107,0.6012344360351562,0.6687769889831543,-0.01232358068227768,0.6164450645446777,0.8505449295043945,-0.020530473440885544,0.578863799571991,0.7622867226600647,-0.01786748319864273,0.5850368738174438,0.7214701175689697,-0.012288901023566723,0.5956987142562866,0.6991841793060303,-0.008648457936942577,0.6078044176101685,0.8659817576408386,-0.015319679863750935,0.5947600603103638,0.7943753600120544,-0.010207017883658409,0.6046177744865417,0.7636163830757141,-0.003352093044668436,0.6165018081665039,0.7488750219345093,0.002339515835046768
0.7186078429222107,0.9386858940124512,3.7072152281325543e-07,0.7229424715042114,0.8525594472885132,0.0014479449018836021,0.6953125596046448,0.7820338606834412,0.0008432058966718614,0.6608591079711914,0.7360870242118835,0.0032266955822706223,0.6344659328460693,0.7124419212341309,0.007463688496500254,0.6696474552154541,0.7927395105361938,-0.0250683706253767,0.6256831288337708,0.7122719287872314,-0.02677847631275654,0.6180884838104248,0.6797829866409302,-0.020683418959379196,0.6152040362358093,0.6596813201904297,-0.014193184673786163,0.6369542479515076,0.823214054107666,-0.02439151518046856,0.591108500957489,0.7283256649971008,-0.027070432901382446,0.5932649374008179,0.687233567237854,-0.020244810730218887,0.6032117605209351,0.6656789183616638,-0.012783420272171497,0.6155293583869934,0.8486655950546265,-0.020787259563803673,0.5793530941009521,0.7587170004844666,-0.018299272283911705,0.5867229700088501,0.7183141708374023,-0.012312951497733593,0.5978614091873169,0.6965978741645813,-0.008286399766802788,0.6065077781677246,0.8634592890739441,-0.016391191631555557,0.5942983031272888,0.7907913327217102,-0.010955283418297768,0.6045476794242859,0.7601021528244019,-0.003497412661090493,0.6164683103561401,0.745775580406189,0.00262278039008379
0.719375491142273,0.9405412077903748,3.7032529576208617e-07,0.7242670655250549,0.8554322123527527,0.0005944290896877646,0.6965942978858948,0.7863686680793762,-0.0007079181959852576,0.6600455641746521,0.7446260452270508,0.0009436068357899785,0.633171558380127,0.7240029573440552,0.004173647612333298,0.6694478392601013,0.7977579832077026,-0.026327384635806084,0.6272286176681519,0.715781569480896,-0.029460225254297256,0.6187063455581665,0.6814466118812561,-0.02457292005419731,0.6148137450218201,0.6594366431236267,-0.018872175365686417,0.6366369724273682,0.8274928331375122,-0.02556002140045166,0.5927198529243469,0.7306466698646545,-0.02858189307153225,0.5934354662895203,0.6889687776565552,-0.022221876308321953,0.6019415855407715,0.6663934588432312,-0.015327256172895432,0.6154899597167969,0.8514422178268433,-0.02201060950756073,0.5804429650306702,0.761249840259552,-0.019700948148965836,0.586359977722168,0.7204232811927795,-0.014104267582297325,0.596469521522522,0.6977848410606384,-0.010536707937717438,0.6068829894065857,0.8644821047782898,-0.017734646797180176,0.5939580798149109,0.7919517159461975,-0.012282594107091427,0.6026308536529541,0.7605984807014465,-0.005032225977629423,0.6129239797592163,0.7451417446136475,0.000802751979790628
0.7211810946464539,0.9413789510726929,3.532266816819174e-07,0.7256802320480347,0.8569139838218689,0.001391466474160552,0.6963521242141724,0.7859890460968018,0.0016105398535728455,0.6604455709457397,0.7406105995178223,0.0050350078381598,0.632799506187439,0.7179659008979797,0.01034605037420988,0.6697852611541748,0.7943962812423706,-0.02400212176144123,0.6258113384246826,0.7136608362197876,-0.024619080126285553,0.61942058801651,0.6811840534210205,-0.017605820670723915,0.6172176003456116,0.6615908145904541,-0.010519192554056644,0.6376098990440369,0.8244082927703857,-0.022881945595145226,0.5913596749305725,0.7294188737869263,-0.02481442503631115,0.5930652618408203,0.6891606450080872,-0.01760420762002468,0.6021666526794434,0.6685628890991211,-0.009727748110890388,0.616731584072113,0.8495188355445862,-0.01884598843753338,0.5797295570373535,0.7599692940711975,-0.016126230359077454,0.586039125919342,0.7188054919242859,-0.010590938851237297,0.5959247350692749,0.6963692903518677,-0.006755603011697531,0.608034610748291,0.8643523454666138,-0.013936581090092659,0.594824492931366,0.7926369309425354,-0.009022759273648262,0.6039848327636719,0.7620119452476501,-0.002330433577299118,0.6145591139793396,0.7466531991958618,0.0034083910286426544
0.7209871411323547,0.945325493812561,3.5110772955704306e-07,0.7253564596176147,0.8587525486946106,0.001532703056000173,0.6956796050071716,0.787930965423584,0.0017557746032252908,0.6587873697280884,0.7437629103660583,0.0050120907835662365,0.6314893364906311,0.7220233678817749,0.009946491569280624,0.6705372333526611,0.796319305896759,-0.02447611279785633,0.6247501969337463,0.7164278626441956,-0.025867586955428123,0.6181281805038452,0.6832330822944641,-0.019804297015070915,0.6162602305412292,0.6623681783676147,-0.013378850184381008,0.6379314064979553,0.8266691565513611,-0.023403985425829887,0.5910627841949463,0.7322862148284912,-0.025433434173464775,0.5924056172370911,0.6912172436714172,-0.019073501229286194,0.6020364761352539,0.6693083047866821,-0.012135778553783894,0.6170706152915955,0.8519160747528076,-0.019404470920562744,0.5791642069816589,0.7640001773834229,-0.01652788743376732,0.5856283903121948,0.7228773832321167,-0.011540804989635944,0.5966117978096008,0.7001287937164307,-0.008315644226968288,0.6085494160652161,0.8669158220291138,-0.014537920244038105,0.5943225622177124,0.7949370741844177,-0.00914690736681223,0.6033749580383301,0.76341313123703,-0.0024274918250739574,0.6145281195640564,0.747613787651062,0.003140355460345745
0.7214217185974121,0.9465993642807007,3.430382946589816e-07,0.7266583442687988,0.8590644598007202,0.0029688552021980286,0.6967411041259766,0.7879428863525391,0.004130822140723467,0.659139096736908,0.7450723648071289,0.007694911677390337,0.6323258876800537,0.7233942151069641,0.01291396003216505,0.669977068901062,0.7940497398376465,-0.019698597490787506,0.6248711347579956,0.7152128219604492,-0.02066076546907425,0.6170510053634644,0.6831285953521729,-0.01503145880997181,0.614314615726471,0.6631700396537781,-0.009001580066978931,0.6375921368598938,0.8249368071556091,-0.01958136446774006,0.5908393859863281,0.7325576543807983,-0.022015556693077087,0.5908814072608948,0.6921676993370056,-0.016436534002423286,0.5995644927024841,0.6702752709388733,-0.009743361733853817,0.6165979504585266,0.8509973883628845,-0.016729315742850304,0.5792781114578247,0.7634617686271667,-0.014704795554280281,0.5841109156608582,0.7215925455093384,-0.010376251302659512,0.5936027765274048,0.6977722644805908,-0.007212321739643812,0.6077880859375,0.866411030292511,-0.012889096513390541,0.5936984419822693,0.793839156627655,-0.00798710249364376,0.6022012233734131,0.7617263197898865,-0.0013393769040703773,0.6128102540969849,0.7449317574501038,0.004386621061712503
0.7200204133987427,0.941204309463501,3.416534752886946e-07,0.7242608070373535,0.8548383116722107,0.0017633610405027866,0.6943588852882385,0.7829128503799438,0.002244889037683606,0.6571177840232849,0.7381725907325745,0.005527214612811804,0.6301245093345642,0.7146223187446594,0.010595464147627354,0.6696096658706665,0.7930557727813721,-0.022217389196157455,0.6238391399383545,0.7130406498908997,-0.02298782207071781,0.6166768670082092,0.6808376312255859,-0.016882099211215973,0.6136540770530701,0.660368025302887,-0.010668661445379257,0.6374382972717285,0.8242596983909607,-0.021611593663692474,0.5893996953964233,0.7308454513549805,-0.023702044039964676,0.5911685228347778,0.6910281181335449,-0.017542775720357895,0.6008135676383972,0.6708149313926697,-0.010768640786409378,0.6164481043815613,0.8501198291778564,-0.018182946369051933,0.5776634216308594,0.7616329789161682,-0.016083573922514915,0.5850893259048462,0.7212328314781189,-0.010955280624330044,0.5963537096977234,0.7001218199729919,-0.007430511061102152,0.6073510646820068,0.8648805618286133,-0.013886328786611557,0.5920272469520569,0.7921901941299438,-0.009513803757727146,0.6015610694885254,0.7611034512519836,-0.0028501665219664574,0.6128495335578918,0.7464516162872314,0.0027736409101635218
0.7214494347572327,0.9408717155456543,3.496014358006505e-07,0.7266419529914856,0.8535370230674744,0.0022431015968322754,0.697752833366394,0.7815311551094055,0.003376244567334652,0.6618399620056152,0.736305832862854,0.007611793931573629,0.634202778339386,0.7161473035812378,0.013606400229036808,0.6699343323707581,0.7914059162139893,-0.022617172449827194,0.6265440583229065,0.7106770873069763,-0.022433098405599594,0.6192580461502075,0.6781449913978577,-0.01518431305885315,0.6162389516830444,0.6577656269073486,-0.008119367063045502,0.6373037695884705,0.8212437033653259,-0.021572329103946686,0.5920315980911255,0.7260416150093079,-0.023097168654203415,0.5938546061515808,0.685398519039154,-0.016391992568969727,0.6033636331558228,0.664543628692627,-0.009012805297970772,0.6163369417190552,0.8462724089622498,-0.017493680119514465,0.5795063376426697,0.7567631006240845,-0.014696329832077026,0.5859895348548889,0.7151391506195068,-0.010079851374030113,0.5961459279060364,0.692993700504303,-0.006969482637941837,0.6079012751579285,0.8609899282455444,-0.012367489747703075,0.5945993661880493,0.7885071039199829,-0.0072984853759408,0.60359126329422,0.7566075921058655,-0.0010807958897203207,0.614204466342926,0.7403224110603333,0.004179570358246565
0.7220069766044617,0.9393624067306519,3.477509835647652e-07,0.7263213992118835,0.8522240519523621,0.0021069578360766172,0.6970712542533875,0.780572772026062,0.0022990370634943247,0.6594256162643433,0.7370432615280151,0.0052711088210344315,0.6307836174964905,0.7176932096481323,0.009799199178814888,0.6710258722305298,0.7897650003433228,-0.022768830880522728,0.6261422634124756,0.7085362672805786,-0.024331996217370033,0.6191326975822449,0.67607182264328,-0.01889578439295292,0.6165433526039124,0.6561975479125977,-0.012962134554982185,0.6391115188598633,0.8212611675262451,-0.022451957687735558,0.5933288931846619,0.725203275680542,-0.024703186005353928,0.5948890447616577,0.6845899820327759,-0.01869645155966282,0.6041776537895203,0.6639268398284912,-0.012094422243535519,0.6180528998374939,0.847653865814209,-0.019333001226186752,0.5797746181488037,0.757786214351654,-0.017189551144838333,0.5862357020378113,0.7164468765258789,-0.012452329508960247,0.5968877673149109,0.6942182183265686,-0.009355704300105572,0.6089409589767456,0.86319899559021,-0.01528716366738081,0.5939275622367859,0.7900720238685608,-0.010787292383611202,0.6022454500198364,0.7584323287010193,-0.004405889194458723,0.6124359965324402,0.7421001195907593,0.0008749224944040179
0.7207592725753784,0.9418066740036011,3.612072703162994e-07,0.7254712581634521,0.8548299670219421,0.0006122784689068794,0.6971306204795837,0.7837400436401367,3.505490894895047e-05,0.6607298851013184,0.7391085624694824,0.0025007869116961956,0.6344420909881592,0.7150130271911621,0.006562856957316399,0.6688690781593323,0.7935836911201477,-0.025007039308547974,0.6256669759750366,0.7120737433433533,-0.027267474681138992,0.6188284158706665,0.6783478260040283,-0.02203219383955002,0.6170744895935059,0.6571316719055176,-0.016107846051454544,0.6364147067070007,0.8235350251197815,-0.02378297783434391,0.5923032164573669,0.7283313274383545,-0.02586800791323185,0.5937179923057556,0.6876320242881775,-0.01981637068092823,0.6035178303718567,0.6661648154258728,-0.013225634582340717,0.6162653565406799,0.8486443758010864,-0.019783442839980125,0.5803675055503845,0.7608500719070435,-0.01684725470840931,0.5864934325218201,0.7195940613746643,-0.011780901812016964,0.5974388122558594,0.6964489221572876,-0.008659984916448593,0.6087457537651062,0.8640814423561096,-0.015010963194072247,0.5940077900886536,0.7928426861763,-0.009393230080604553,0.6022146344184875,0.7606661319732666,-0.002430612687021494,0.6130796670913696,0.7442469596862793,0.0032496897038072348
0.7206273674964905,0.9394651651382446,3.5299817113809695e-07,0.7255926728248596,0.8525248169898987,0.001360629335977137,0.6964983344078064,0.7830267548561096,0.001968249911442399,0.6601912975311279,0.7409816980361938,0.005709448829293251,0.6330133080482483,0.7209724187850952,0.01132805272936821,0.6696472764015198,0.7925263047218323,-0.022775383666157722,0.626179575920105,0.7125557065010071,-0.023163793608546257,0.6200506091117859,0.6804596185684204,-0.016479358077049255,0.618159830570221,0.6606546640396118,-0.009684018790721893,0.6373247504234314,0.8225009441375732,-0.021179035305976868,0.5921199917793274,0.7276268005371094,-0.022761106491088867,0.5944837927818298,0.687591016292572,-0.015911774709820747,0.6043845415115356,0.6669541597366333,-0.008474459871649742,0.6165596842765808,0.8472217321395874,-0.016716478392481804,0.5803386569023132,0.758095383644104,-0.013493115082383156,0.5878584384918213,0.717951774597168,-0.008177299052476883,0.5989410281181335,0.6964273452758789,-0.004602118395268917,0.6083483695983887,0.8612641096115112,-0.011434914544224739,0.5958271622657776,0.7892544865608215,-0.005669910926371813,0.6059041619300842,0.7589738965034485,0.0012136639561504126,0.617743730545044,0.7447475790977478,0.0069395131431519985
0.7242577075958252,0.9414530992507935,3.536602548592782e-07,0.7287190556526184,0.8550329804420471,0.0018519387813284993,0.6992694139480591,0.7851575613021851,0.0020860570948570967,0.6626566648483276,0.741493284702301,0.005781065672636032,0.6353980898857117,0.7189092636108398,0.01126052625477314,0.6726812720298767,0.7941245436668396,-0.02780531719326973,0.6269161701202393,0.7128140926361084,-0.028781211003661156,0.6209776401519775,0.6791716814041138,-0.020805181935429573,0.620128870010376,0.6584532260894775,-0.012638871558010578,0.640062689781189,0.8243522644042969,-0.02625291235744953,0.5928893685340881,0.7280104160308838,-0.02815130166709423,0.5953255295753479,0.6870896816253662,-0.0198039710521698,0.606313943862915,0.6661938428878784,-0.010972709394991398,0.6192718744277954,0.8492823839187622,-0.02138691022992134,0.581710934638977,0.7606054544448853,-0.01772855594754219,0.5885722041130066,0.7193390727043152,-0.010953687131404877,0.5999452471733093,0.6971039772033691,-0.006232216954231262,0.6112045049667358,0.8648732900619507,-0.015545692294836044,0.5962540507316589,0.7930650115013123,-0.009060618467628956,0.6048005223274231,0.7609409689903259,-0.0013097337214276195,0.6156224608421326,0.7446131706237793,0.005228206980973482
0.7241007685661316,0.9425616264343262,3.571223032849957e-07,0.7279612421989441,0.8552138805389404,0.002218234119936824,0.6988345384597778,0.7850251197814941,0.002789481310173869,0.6639726161956787,0.7400532364845276,0.0064995065331459045,0.6380220651626587,0.7178362607955933,0.012069635093212128,0.6729305982589722,0.7935379147529602,-0.02495824359357357,0.6284798979759216,0.7121803164482117,-0.025633344426751137,0.6227571368217468,0.6790587902069092,-0.018357114866375923,0.6213714480400085,0.6583716869354248,-0.010986859910190105,0.6399936079978943,0.8235500454902649,-0.023758746683597565,0.59355628490448,0.7270413637161255,-0.025258632376790047,0.597184956073761,0.686668872833252,-0.017357878386974335,0.6086434125900269,0.6663681864738464,-0.00914422981441021,0.6188116669654846,0.8489623069763184,-0.019406115636229515,0.5814751386642456,0.7595555782318115,-0.015757806599140167,0.5898631811141968,0.7194138169288635,-0.00925866886973381,0.602229118347168,0.6980161070823669,-0.0049478537403047085,0.6100821495056152,0.8650166988372803,-0.014182671904563904,0.5973737835884094,0.7928686738014221,-0.008173895068466663,0.6076099872589111,0.761875569820404,-0.0007288072374649346,0.619611918926239,0.7468574643135071,0.005459017585963011
0.7241185903549194,0.9425818920135498,3.489228390662902e-07,0.7286361455917358,0.8563660383224487,0.0015069936634972692,0.7000247836112976,0.7850474119186401,0.0019299907144159079,0.664147138595581,0.7395807504653931,0.005512383300811052,0.6385830640792847,0.7158771753311157,0.010837838053703308,0.6718063950538635,0.7953376173973083,-0.023796649649739265,0.6281440854072571,0.7134365439414978,-0.025254089385271072,0.6222125291824341,0.6787755489349365,-0.019346991553902626,0.6209933161735535,0.6567637920379639,-0.012867441400885582,0.639355480670929,0.82438063621521,-0.022284844890236855,0.5936832427978516,0.7287939190864563,-0.02408834733068943,0.5964012145996094,0.6877925395965576,-0.017624568194150925,0.607241153717041,0.6661459803581238,-0.010578285902738571,0.6191417574882507,0.8484407067298889,-0.017828145995736122,0.5824511647224426,0.760398805141449,-0.014659891836345196,0.5901563763618469,0.7193701267242432,-0.00915958359837532,0.602056622505188,0.6971668601036072,-0.005498579703271389,0.6115155816078186,0.863005518913269,-0.012485599145293236,0.5961230993270874,0.7909336090087891,-0.006552788894623518,0.6044574975967407,0.7584723234176636,0.0006718881777487695,0.6150602102279663,0.7419329285621643,0.006675029639154673
0.7251038551330566,0.9429550170898438,3.464316193912964e-07,0.7293769121170044,0.8554062843322754,0.0034348166082054377,0.7007490396499634,0.7849682569503784,0.004384890198707581,0.6649351119995117,0.7402222156524658,0.008097275160253048,0.638384222984314,0.7174509763717651,0.013474073261022568,0.6738165020942688,0.7914561629295349,-0.021435251459479332,0.630012035369873,0.7111464142799377,-0.021369868889451027,0.6229564547538757,0.6787808537483215,-0.014088534750044346,0.6207695007324219,0.6590646505355835,-0.006747380364686251,0.64146488904953,0.8221321702003479,-0.020958177745342255,0.5960182547569275,0.7274878025054932,-0.022011078894138336,0.5969690084457397,0.6875815391540527,-0.014454597607254982,0.605811595916748,0.6665701866149902,-0.006387684494256973,0.6204730868339539,0.8484904766082764,-0.01745367981493473,0.5827784538269043,0.7600597739219666,-0.013691818341612816,0.5881127119064331,0.7187317609786987,-0.007523772306740284,0.5979230403900146,0.6955353021621704,-0.00334798451513052,0.6118345260620117,0.8651210069656372,-0.012944338843226433,0.5971212387084961,0.7938472032546997,-0.006795740686357021,0.6051267981529236,0.7620049118995667,0.0008137794793583453,0.6155016422271729,0.7453792095184326,0.0072138961404562
0.7210395932197571,0.9426714181900024,3.2619581702419964e-07,0.7265363931655884,0.8561941981315613,0.0028796005062758923,0.6975960731506348,0.7836147546768188,0.0028371866792440414,0.6607781648635864,0.7351983785629272,0.005278511438518763,0.6358721852302551,0.7065329551696777,0.009428966790437698,0.6742326021194458,0.7935130000114441,-0.023809751495718956,0.6271494030952454,0.7137421369552612,-0.025508368387818336,0.6201695203781128,0.6813349723815918,-0.019448179751634598,0.6182281970977783,0.6614443063735962,-0.013088608160614967,0.6416063904762268,0.8243944048881531,-0.02402736246585846,0.5951538681983948,0.7300882339477539,-0.025739887729287148,0.5963727235794067,0.6898826956748962,-0.01917715184390545,0.6057289838790894,0.669020414352417,-0.012523566372692585,0.6198071241378784,0.8497796654701233,-0.021267149597406387,0.5824244618415833,0.7607529163360596,-0.018360797315835953,0.5878143310546875,0.7193057537078857,-0.012905502691864967,0.597949743270874,0.696225643157959,-0.009822304360568523,0.6093333959579468,0.8656575679779053,-0.017572226002812386,0.5967246294021606,0.7925950288772583,-0.012550551444292068,0.6054420471191406,0.7603715658187866,-0.0059021152555942535,0.6157016754150391,0.7438744306564331,-0.000652638787869364
0.7194244265556335,0.941435694694519,3.378218025318347e-07,0.7246065735816956,0.8550583720207214,0.002583930967375636,0.6964725852012634,0.7845226526260376,0.002650665119290352,0.6602506637573242,0.7378183007240295,0.00523472810164094,0.6348011493682861,0.7091302871704102,0.009539663791656494,0.6722962260246277,0.793911874294281,-0.0219583660364151,0.6276983022689819,0.7154515385627747,-0.02319708652794361,0.6202665567398071,0.6825344562530518,-0.01728999800980091,0.6174477934837341,0.6621630787849426,-0.011092654429376125,0.6398124098777771,0.8241713047027588,-0.02205689623951912,0.5946772694587708,0.7318879961967468,-0.02398194931447506,0.595449686050415,0.6914505958557129,-0.017816022038459778,0.6040383577346802,0.6701467037200928,-0.01117093488574028,0.618633508682251,0.8494951128959656,-0.01932636648416519,0.5825735926628113,0.7621293663978577,-0.016662893816828728,0.5883799195289612,0.7209795713424683,-0.011365045793354511,0.5985864400863647,0.6981809139251709,-0.00800409447401762,0.6096479892730713,0.8649262189865112,-0.015691574662923813,0.5969018340110779,0.7934917211532593,-0.010549148544669151,0.6055678725242615,0.7621821761131287,-0.0036239027976989746,0.6159865856170654,0.7465208768844604,0.0020466146524995565
0.7199078798294067,0.9410918951034546,3.4310517094127135e-07,0.7253864407539368,0.8542636632919312,0.002395481802523136,0.6968589425086975,0.7841876149177551,0.0018482041778042912,0.6605843305587769,0.7400226593017578,0.003716587321832776,0.6340435743331909,0.7162161469459534,0.007113056257367134,0.6738753914833069,0.7938001155853271,-0.02523893490433693,0.627248227596283,0.7142674326896667,-0.02798313833773136,0.6199505925178528,0.6815987825393677,-0.022311491891741753,0.6173274517059326,0.6616429090499878,-0.01606503129005432,0.6413233876228333,0.8244902491569519,-0.025699157267808914,0.5944821238517761,0.7309991717338562,-0.029225103557109833,0.595848798751831,0.6905127763748169,-0.02274300903081894,0.605076253414154,0.6698932647705078,-0.01564117521047592,0.6195037961006165,0.8503326773643494,-0.023241426795721054,0.5808302760124207,0.7610644102096558,-0.022109083831310272,0.587871253490448,0.7206780314445496,-0.01624184474349022,0.599349319934845,0.6993498802185059,-0.012099659070372581,0.6097580194473267,0.8652550578117371,-0.019855299964547157,0.5951632857322693,0.7926115393638611,-0.016136357560753822,0.6042425632476807,0.7612587213516235,-0.00925141479820013,0.6151390671730042,0.7459318041801453,-0.0033506881445646286
0.7205054759979248,0.9418239593505859,3.548112488260813e-07,0.7264202833175659,0.8567503690719604,0.0012254270259290934,0.6985033750534058,0.7854525446891785,0.00019980318029411137,0.6619015336036682,0.738925039768219,0.0020438884384930134,0.6356027126312256,0.7141285538673401,0.005581129342317581,0.6739498972892761,0.79691481590271,-0.027636950835585594,0.626469075679779,0.7164732217788696,-0.030398661270737648,0.6190071702003479,0.6827389001846313,-0.024772973731160164,0.6163590550422668,0.6615851521492004,-0.018534526228904724,0.6413963437080383,0.8278956413269043,-0.027181969955563545,0.5946602821350098,0.7329002618789673,-0.0304766483604908,0.5961726307868958,0.690447986125946,-0.024114573374390602,0.605799674987793,0.6683982610702515,-0.017308158800005913,0.6194917559623718,0.8525654673576355,-0.023744290694594383,0.5810381174087524,0.7621780633926392,-0.02223862148821354,0.5882673859596252,0.7210001349449158,-0.01701834239065647,0.6000645160675049,0.6994798183441162,-0.013557025231420994,0.6093446612358093,0.8659414649009705,-0.01946328952908516,0.5956429243087769,0.7924754619598389,-0.01537960022687912,0.6052811145782471,0.7616763710975647,-0.009078566916286945,0.6167291402816772,0.7468158602714539,-0.0037923131603747606
0.7204041481018066,0.940345048904419,3.4603579024405917e-07,0.7254063487052917,0.8550137877464294,0.0027409254107624292,0.6970164775848389,0.784730076789856,0.0022365394979715347,0.661366879940033,0.7388615608215332,0.004173560533672571,0.6347378492355347,0.7149197459220886,0.007780840154737234,0.6735726594924927,0.7951263189315796,-0.02436172030866146,0.6277217268943787,0.7154871225357056,-0.026271075010299683,0.621027410030365,0.6833646893501282,-0.020017066970467567,0.618620753288269,0.6636937856674194,-0.01348610408604145,0.6418716907501221,0.8261235356330872,-0.024860301986336708,0.5956499576568604,0.731395423412323,-0.02811475284397602,0.5964762568473816,0.6903742551803589,-0.021593298763036728,0.6045035123825073,0.669206440448761,-0.014542981050908566,0.6200395822525024,0.8515441417694092,-0.02241661585867405,0.5815100073814392,0.7604633569717407,-0.02118614688515663,0.5886939764022827,0.720013439655304,-0.015569004230201244,0.5996569395065308,0.699122965335846,-0.01170376967638731,0.6094791889190674,0.8663071393966675,-0.019029051065444946,0.5966445207595825,0.7922905683517456,-0.01543132308870554,0.6063525676727295,0.7617019414901733,-0.009050757624208927,0.6172544956207275,0.7469481229782104,-0.003639006754383445
0.7217967510223389,0.9510594606399536,3.7798625385221385e-07,0.7279977798461914,0.867475152015686,-0.0014940156834200025,0.6994314789772034,0.7962146997451782,-0.0025798045098781586,0.662319540977478,0.7501590847969055,-0.00023201802105177194,0.6360900402069092,0.7246690392494202,0.003909491468220949,0.6693509221076965,0.8056467175483704,-0.02494985982775688,0.6270846724510193,0.725842297077179,-0.027488715946674347,0.6189681887626648,0.689600944519043,-0.0230223648250103,0.6153696179389954,0.6659778356552124,-0.01759013719856739,0.6370308995246887,0.8358835577964783,-0.022768044844269753,0.5931483507156372,0.7422326803207397,-0.02550080046057701,0.5941672921180725,0.6993967294692993,-0.02013208717107773,0.6033490896224976,0.6759673357009888,-0.013732158578932285,0.6167730689048767,0.8597546815872192,-0.018163982778787613,0.5822761654853821,0.7732490301132202,-0.016406605020165443,0.5869978070259094,0.7295862436294556,-0.012775789946317673,0.5964351892471313,0.704767107963562,-0.010195935145020485,0.6090145707130432,0.8724647760391235,-0.012964798137545586,0.5971341729164124,0.8006470203399658,-0.008669426664710045,0.6050533652305603,0.7670833468437195,-0.0033169661182910204,0.614738941192627,0.7481477856636047,0.001458363956771791
0.7218120694160461,0.9549925327301025,3.589271955206641e-07,0.7264395952224731,0.8700613379478455,-0.0006611757562495768,0.6971257328987122,0.7988492846488953,-0.001602327567525208,0.6587913632392883,0.7540180087089539,0.0004960654187016189,0.6312868595123291,0.7283956408500671,0.004283342510461807,0.6701738834381104,0.8095980286598206,-0.023780981078743935,0.6262347102165222,0.7307137250900269,-0.026249051094055176,0.6177262663841248,0.6967166066169739,-0.02191746048629284,0.6136800050735474,0.6751549243927002,-0.01685764268040657,0.6375462412834167,0.8411505818367004,-0.02229485847055912,0.5926803350448608,0.7469359636306763,-0.024946751073002815,0.5928936004638672,0.7053356170654297,-0.01968872919678688,0.6017197370529175,0.6837444305419922,-0.013740813359618187,0.6164917349815369,0.8664003014564514,-0.018421724438667297,0.5794196128845215,0.7769215106964111,-0.01682296209037304,0.5841280817985535,0.7336301803588867,-0.012788846157491207,0.5940589904785156,0.7095198631286621,-0.010167887434363365,0.6074751615524292,0.8796252012252808,-0.013889865949749947,0.5922067165374756,0.8049754500389099,-0.010392296127974987,0.5988959670066833,0.7704359889030457,-0.005133365280926228,0.607711136341095,0.7509943842887878,-0.0005431919707916677
0.7239413857460022,0.9653692841529846,3.658712728338287e-07,0.7291767597198486,0.8815653920173645,-0.00046372890938073397,0.6979536414146423,0.8090975880622864,-0.0013509428827092052,0.6558913588523865,0.767152726650238,0.0009279839578084648,0.6235251426696777,0.7488973140716553,0.00495798559859395,0.6720128059387207,0.8181206583976746,-0.025269890204072,0.6253417134284973,0.738991379737854,-0.027652498334646225,0.6167962551116943,0.7048367857933044,-0.022416014224290848,0.6126484274864197,0.6827285289764404,-0.016630306839942932,0.6393683552742004,0.8501324653625488,-0.024289198219776154,0.5913461446762085,0.7541413307189941,-0.027546191588044167,0.5921230316162109,0.7114394307136536,-0.021618857979774475,0.6014248728752136,0.6886094808578491,-0.014833797700703144,0.6176577210426331,0.8762180805206299,-0.02075512893497944,0.5773480534553528,0.7843249440193176,-0.019647836685180664,0.5842560529708862,0.7413067817687988,-0.014416738413274288,0.5958282947540283,0.717962384223938,-0.010561072267591953,0.6076616048812866,0.890417754650116,-0.016516922041773796,0.5895722508430481,0.8130526542663574,-0.012899402529001236,0.5960953831672668,0.7777621746063232,-0.006713582202792168,0.6044008135795593,0.7571739554405212,-0.001311350497417152
0.7228358387947083,0.9742950201034546,4.488823890369531e-07,0.7264412641525269,0.8932552933692932,-0.01063320878893137,0.691985011100769,0.8197855353355408,-0.017141638323664665,0.6520519852638245,0.76237952709198,-0.01895189844071865,0.624854564666748,0.7244001626968384,-0.01797092892229557,0.6631735563278198,0.8479097485542297,-0.03643260523676872,0.6175960302352905,0.7589595317840576,-0.04377669841051102,0.6107670664787292,0.7180407047271729,-0.041292767971754074,0.608467698097229,0.6912227272987366,-0.03703606501221657,0.6319085359573364,0.8806208372116089,-0.03147238492965698,0.5855473279953003,0.776531457901001,-0.03781018778681755,0.5891332030296326,0.7279489636421204,-0.03274296596646309,0.6008767485618591,0.7013178467750549,-0.027013741433620453,0.6128690242767334,0.9021399021148682,-0.024956224486231804,0.5753889679908752,0.8017435669898987,-0.026024436578154564,0.5832030177116394,0.7552565336227417,-0.020438501611351967,0.5952108502388,0.7297419309616089,-0.016661230474710464,0.6055168509483337,0.9070000052452087,-0.01887606829404831,0.5883418917655945,0.824303150177002,-0.016870703548192978,0.592736005783081,0.7857239842414856,-0.01180324424058199,0.5990070104598999,0.7624092698097229,-0.007593405432999134
0.7221253514289856,1.001084566116333,4.780777089763433e-07,0.7314361333847046,0.9220781922340393,-0.013020656071603298,0.6983320116996765,0.8489183187484741,-0.021309299394488335,0.6578235030174255,0.7941359877586365,-0.025134949013590813,0.6292921304702759,0.7603898644447327,-0.026021501049399376,0.6621203422546387,0.8748698830604553,-0.039277516305446625,0.6181869506835938,0.7825679183006287,-0.048620857298374176,0.6113754510879517,0.7401975393295288,-0.04602677747607231,0.6084686517715454,0.7138550877571106,-0.04175401106476784,0.631217360496521,0.9081963896751404,-0.03508131951093674,0.5841096639633179,0.8000329732894897,-0.04576787352561951,0.5882194638252258,0.751259982585907,-0.0401448979973793,0.5976603627204895,0.7244423627853394,-0.03293230012059212,0.6126474142074585,0.9301441311836243,-0.029692107811570168,0.5718699097633362,0.8260412812232971,-0.035010240972042084,0.5811137557029724,0.7797092199325562,-0.02658061683177948,0.5926910042762756,0.7546960115432739,-0.019582800567150116,0.6047585606575012,0.937525749206543,-0.02502746880054474,0.5832985639572144,0.8490406274795532,-0.025922883301973343,0.5876133441925049,0.8091059923171997,-0.018965763971209526,0.5939091444015503,0.7865452170372009,-0.012511820532381535
0.72776198387146,1.0128260850906372,5.772362783318385e-07,0.7336376905441284,0.9376057386398315,-0.022249627858400345,0.6973042488098145,0.8634072542190552,-0.034746792167425156,0.6525540947914124,0.8081679344177246,-0.03987265005707741,0.6207061409950256,0.7740591168403625,-0.041234344244003296,0.665293276309967,0.9113577604293823,-0.056199267506599426,0.6165407299995422,0.8119648694992065,-0.06907209008932114,0.6102493405342102,0.7659691572189331,-0.06658579409122467,0.6085412502288818,0.7373794317245483,-0.06153236702084541,0.6334618926048279,0.9461390972137451,-0.04730404168367386,0.5796778202056885,0.834405779838562,-0.06103517487645149,0.5819898247718811,0.7803788781166077,-0.055325210094451904,0.592963695526123,0.7510631084442139,-0.047890618443489075,0.6126540303230286,0.9667248129844666,-0.03722240403294563,0.5681921243667603,0.8586552739143372,-0.0444718562066555,0.5771650671958923,0.8106299638748169,-0.03638722747564316,0.5893909335136414,0.7848192453384399,-0.029576070606708527,0.6018275618553162,0.9690204858779907,-0.028430264443159103,0.5804839134216309,0.8791998624801636,-0.03153209388256073,0.5854479074478149,0.838607132434845,-0.02618836611509323,0.5916279554367065,0.8138306736946106,-0.020803257822990417
0.7216238379478455,1.0548442602157593,6.147421913738071e-07,0.7335094213485718,0.9739230275154114,-0.02629266493022442,0.7022322416305542,0.8975375294685364,-0.04284868761897087,0.6580085754394531,0.8456602692604065,-0.052045658230781555,0.6243106126785278,0.8129650354385376,-0.05790844187140465,0.6738749742507935,0.9414701461791992,-0.06473175436258316,0.6177970767021179,0.8429028987884521,-0.0826241597533226,0.6070898771286011,0.7929763197898865,-0.08212724328041077,0.6029238104820251,0.7605570554733276,-0.07795599102973938,0.6421292424201965,0.9779360294342041,-0.05592043697834015,0.5815683007240295,0.867784321308136,-0.0759364441037178,0.5801796317100525,0.8086250424385071,-0.07184489816427231,0.5886252522468567,0.7745033502578735,-0.06440567970275879,0.6205286979675293,0.9988527297973633,-0.046320125460624695,0.5665537714958191,0.8947017192840576,-0.05843427777290344,0.5721015334129333,0.8417109251022339,-0.05147974565625191,0.5831948518753052,0.8114817142486572,-0.04427128657698631,0.6074633598327637,1.002563714981079,-0.038299623876810074,0.5765109062194824,0.9140584468841553,-0.04481729492545128,0.5773961544036865,0.8695342540740967,-0.04093578830361366,0.5819202065467834,0.842301070690155,-0.035966891795396805
0.7210668325424194,1.0664736032485962,5.487797238856729e-07,0.7321548461914062,0.9890922904014587,-0.020295986905694008,0.7037142515182495,0.916282057762146,-0.03499756008386612,0.6628798842430115,0.8648661971092224,-0.043413564562797546,0.6288079619407654,0.8330813050270081,-0.04886157438158989,0.6779740452766418,0.9540477991104126,-0.0628926083445549,0.6174497008323669,0.8633986115455627,-0.07970994710922241,0.6071556210517883,0.8137475848197937,-0.07786086946725845,0.6058449149131775,0.7822116613388062,-0.07196589559316635,0.6475495100021362,0.9884490370750427,-0.05582929775118828,0.5826210975646973,0.8849921226501465,-0.07309000939130783,0.5791345238685608,0.8264233469963074,-0.0678224116563797,0.5870723128318787,0.7930717468261719,-0.05982143059372902,0.6266362071037292,1.0095571279525757,-0.047203171998262405,0.5679324865341187,0.9131968021392822,-0.056280359625816345,0.5699002146720886,0.8577086925506592,-0.04951218143105507,0.5810839533805847,0.8255587816238403,-0.042535264045000076,0.614993691444397,1.0159130096435547,-0.03943384066224098,0.5760619640350342,0.9370185732841492,-0.04269035533070564,0.5722103118896484,0.8891156315803528,-0.03828240931034088,0.576685905456543,0.8578071594238281,-0.0331420935690403
0.7413143515586853,0.9968919157981873,5.040139399170585e-07,0.7392637729644775,0.9208012819290161,-0.007656635716557503,0.7007595300674438,0.8622215390205383,-0.016430292278528214,0.6549223065376282,0.8275905251502991,-0.022051936015486717,0.6237006187438965,0.8063304424285889,-0.02500719018280506,0.6789286732673645,0.8955366015434265,-0.038758888840675354,0.6223458051681519,0.8148640394210815,-0.05282042548060417,0.6109133958816528,0.7732463479042053,-0.054208509624004364,0.6097315549850464,0.7473397254943848,-0.05097281560301781,0.6517303586006165,0.9333742260932922,-0.037249837070703506,0.5906333327293396,0.8404178619384766,-0.04997868463397026,0.5856006741523743,0.7898063659667969,-0.04690501093864441,0.5923425555229187,0.7604727149009705,-0.04141780361533165,0.6314830780029297,0.9573025107383728,-0.03416609764099121,0.5764517188072205,0.8644732236862183,-0.040066350251436234,0.5771644115447998,0.8151600956916809,-0.03441329300403595,0.5863422751426697,0.7873203754425049,-0.029090803116559982,0.6195003986358643,0.9642600417137146,-0.031173018738627434,0.5915243029594421,0.8839565515518188,-0.03183845803141594,0.5910691022872925,0.8426677584648132,-0.02637634053826332,0.594392716884613,0.8179978132247925,-0.020845849066972733
0.737872302532196,0.9420105218887329,2.4969128276097763e-07,0.741758406162262,0.8565753102302551,0.002788211451843381,0.7106680274009705,0.7897939085960388,0.006292169913649559,0.6733401417732239,0.7535505294799805,0.011466413736343384,0.6453143358230591,0.7352297306060791,0.018512584269046783,0.6732822060585022,0.7855489253997803,-0.011304888874292374,0.6352639198303223,0.7085407376289368,-0.010364597663283348,0.6317465305328369,0.6782978773117065,-0.0031953502912074327,0.6329700350761414,0.6638032793998718,0.003913546912372112,0.6453672647476196,0.8108196258544922,-0.010048791766166687,0.6076986789703369,0.7193104028701782,-0.00841060746461153,0.6155596375465393,0.6836398839950562,-0.0007471972494386137,0.6269591450691223,0.6671956777572632,0.007236666977405548,0.6304861307144165,0.8319253325462341,-0.006743057630956173,0.6002898812294006,0.7459267973899841,-0.00036807614378631115,0.6106436848640442,0.711554229259491,0.008075526915490627,0.6224292516708374,0.6956736445426941,0.013633671216666698,0.6272688508033752,0.8490117788314819,-0.0029460808727890253,0.6120907068252563,0.7800588011741638,0.00627900380641222,0.6197778582572937,0.7485893964767456,0.01618667133152485,0.629349410533905,0.7342326641082764,0.02416330762207508
0.7433602809906006,0.9095047116279602,2.2535195398631913e-07,0.7496469616889954,0.820438027381897,0.008467606268823147,0.7213269472122192,0.7579362988471985,0.012676173821091652,0.6870090961456299,0.7156589031219482,0.01844753511250019,0.6636996865272522,0.6906747221946716,0.02579556591808796,0.6941748261451721,0.7533905506134033,-0.015226874500513077,0.6499836444854736,0.6771194934844971,-0.011640011332929134,0.6416987180709839,0.6520112752914429,-0.001680640853010118,0.6400948762893677,0.6426584720611572,0.007249985821545124,0.6612449288368225,0.7820855975151062,-0.01604500599205494,0.6158789396286011,0.6929652690887451,-0.012445428408682346,0.6186076402664185,0.6634871363639832,-0.0033520881552249193,0.6293056607246399,0.6544306874275208,0.004627550020813942,0.6412134766578674,0.809449315071106,-0.013470503501594067,0.604176938533783,0.7282732129096985,-0.004892187658697367,0.6115485429763794,0.697973370552063,0.0018493947573006153,0.6235719323158264,0.687218964099884,0.005064118653535843,0.6342059373855591,0.8297261595726013,-0.00946379266679287,0.6175552010536194,0.7649324536323547,0.0011272269766777754,0.6268473863601685,0.7407295107841492,0.010150321759283543,0.6392260193824768,0.7356570959091187,0.016582587733864784
0.7408852577209473,0.9061238169670105,2.466497619479924e-07,0.7494775652885437,0.8173450827598572,0.004766358993947506,0.722545325756073,0.7515181303024292,0.00704363314434886,0.6863667964935303,0.7114311456680298,0.011792086064815521,0.6604880690574646,0.6916282773017883,0.018042918294668198,0.6987043619155884,0.7499265670776367,-0.019077081233263016,0.6532716751098633,0.6745141744613647,-0.016427913680672646,0.6443459987640381,0.6481955051422119,-0.007416509557515383,0.6400788426399231,0.6351633071899414,0.0005786264082416892,0.6651462316513062,0.7787812352180481,-0.018916456028819084,0.6189398765563965,0.6926297545433044,-0.017019394785165787,0.6200785636901855,0.6626304984092712,-0.008393247611820698,0.6276118755340576,0.6496167182922363,-0.0005309683619998395,0.6433331966400146,0.8055185675621033,-0.015644347295165062,0.6072555184364319,0.7259142994880676,-0.009830542840063572,0.6126423478126526,0.6924953460693359,-0.003777444362640381,0.6214438080787659,0.675410807132721,-0.0005422995891422033,0.6337758898735046,0.8230738639831543,-0.011167854070663452,0.6219680309295654,0.7574728727340698,-0.0035249153152108192,0.6323992013931274,0.7308962941169739,0.0042541297152638435,0.6441493034362793,0.7203387022018433,0.010139976628124714
0.7411670088768005,0.9061099886894226,2.6306895506422734e-07,0.7503344416618347,0.8173547983169556,0.008749717846512794,0.723534345626831,0.7530795931816101,0.013170503079891205,0.686787486076355,0.7212879061698914,0.018883833661675453,0.6601129174232483,0.7112668752670288,0.025525391101837158,0.6979036927223206,0.7516706585884094,-0.0105392225086689,0.651711106300354,0.6784746050834656,-0.007427210453897715,0.6451557278633118,0.6542357802391052,0.0003474238619673997,0.643831193447113,0.642900288105011,0.007593104150146246,0.6650669574737549,0.7804263830184937,-0.012776872143149376,0.6212952136993408,0.6958902478218079,-0.009727591648697853,0.6206302046775818,0.6649702191352844,-0.0027880414854735136,0.6256003379821777,0.6509190797805786,0.003934628330171108,0.6433168053627014,0.8082838654518127,-0.01215341966599226,0.6088651418685913,0.7337600588798523,-0.006384025793522596,0.6097029447555542,0.6978496313095093,-0.0034420888405293226,0.6137972474098206,0.677426278591156,-0.002318192506209016,0.6334626078605652,0.8276600241661072,-0.009954954497516155,0.6275146007537842,0.7641699314117432,-0.002119801938533783,0.6403937339782715,0.7400648593902588,0.004841588903218508,0.6527894735336304,0.7311038374900818,0.009966532699763775
0.7386306524276733,0.9078298807144165,2.742712865710928e-07,0.7481195330619812,0.8214624524116516,0.007197654340416193,0.7217044830322266,0.7591760754585266,0.010120849125087261,0.6849518418312073,0.7270100712776184,0.014355267398059368,0.6577835083007812,0.7147794961929321,0.019855650141835213,0.6950557231903076,0.7583947777748108,-0.011870793998241425,0.651935875415802,0.6845518350601196,-0.011244586668908596,0.6470485925674438,0.6605263948440552,-0.005341278854757547,0.6476984620094299,0.6503052115440369,0.0010968896094709635,0.6637206673622131,0.7881754040718079,-0.0139531958848238,0.619942843914032,0.703877866268158,-0.013789285905659199,0.6187875866889954,0.6714997291564941,-0.008083166554570198,0.623916506767273,0.6563010811805725,-0.0018333345651626587,0.6427689790725708,0.8151957988739014,-0.013460041023790836,0.6071220636367798,0.7379465699195862,-0.010774233378469944,0.6090482473373413,0.7019989490509033,-0.007767889648675919,0.6137884259223938,0.6822712421417236,-0.005748066119849682,0.6333150267601013,0.8327479362487793,-0.011496192775666714,0.625886082649231,0.7661777138710022,-0.00599052244797349,0.6381762027740479,0.7411476373672485,0.0007672946667298675,0.6501877903938293,0.7313318848609924,0.006295587867498398
0.737666666507721,0.9116553068161011,2.565955128375208e-07,0.7462673187255859,0.8251347541809082,0.008637630380690098,0.7206824421882629,0.7607130408287048,0.011689561419188976,0.6837037801742554,0.7245015501976013,0.0163896344602108,0.655528724193573,0.7111369967460632,0.02204861305654049,0.7002071738243103,0.7627383470535278,-0.016584837809205055,0.6526920795440674,0.6895545721054077,-0.014488565735518932,0.6442710757255554,0.6654384136199951,-0.005956514272838831,0.6413216590881348,0.6548103094100952,0.001994249178096652,0.6671915650367737,0.7916672825813293,-0.018818331882357597,0.6219438314437866,0.7059273719787598,-0.0173443965613842,0.6199878454208374,0.6736973524093628,-0.00962372962385416,0.6243112683296204,0.6588184833526611,-0.002336369827389717,0.6442358493804932,0.818122148513794,-0.017712142318487167,0.6073496341705322,0.738674521446228,-0.012702090665698051,0.6095377206802368,0.7021786570549011,-0.00800485722720623,0.6152492761611938,0.6821489334106445,-0.005592556670308113,0.6330403685569763,0.8361815214157104,-0.014937142841517925,0.6234628558158875,0.7692291736602783,-0.008106633089482784,0.6339675188064575,0.7428830862045288,-0.00101686199195683,0.6445502638816833,0.7315142750740051,0.0043714046478271484
0.7336301803588867,0.9228538274765015,3.051302996937011e-07,0.7439688444137573,0.8387438058853149,0.0036030474584549665,0.7195988893508911,0.7727251648902893,0.003563055070117116,0.6811348795890808,0.7355170249938965,0.006109294481575489,0.6522776484489441,0.7199946641921997,0.010134597308933735,0.6956179738044739,0.7806057333946228,-0.024580754339694977,0.6492236852645874,0.7011110782623291,-0.02623068168759346,0.6431427001953125,0.6720967292785645,-0.019405055791139603,0.6435461044311523,0.658562958240509,-0.011818132363259792,0.6626696586608887,0.8087540864944458,-0.024539928883314133,0.6171389222145081,0.7159764766693115,-0.026283802464604378,0.6178283095359802,0.6798650026321411,-0.01892218180000782,0.6258691549301147,0.6636426448822021,-0.011347100138664246,0.6402223110198975,0.8319217562675476,-0.021361982449889183,0.6029724478721619,0.745643138885498,-0.017869088798761368,0.609345555305481,0.7097679376602173,-0.012044711038470268,0.6198605895042419,0.6928278803825378,-0.00830139685422182,0.629753053188324,0.8457686305046082,-0.01706647500395775,0.6178696155548096,0.7776350975036621,-0.010575496591627598,0.6269978880882263,0.7490216493606567,-0.003573826514184475,0.6369209289550781,0.7357396483421326,0.001953188795596361
0.735991358757019,0.9229691028594971,2.784192929539131e-07,0.7444111108779907,0.8370077013969421,0.008075135760009289,0.720194935798645,0.7710789442062378,0.00996809545904398,0.6855717897415161,0.7310340404510498,0.013202396221458912,0.6593199968338013,0.7148614525794983,0.017497101798653603,0.6966516375541687,0.777439534664154,-0.018568653613328934,0.6493775844573975,0.7013211846351624,-0.019493769854307175,0.6425102353096008,0.6730521321296692,-0.013169186189770699,0.6418964862823486,0.6587550044059753,-0.006401641760021448,0.6645880937576294,0.8070515990257263,-0.021335886791348457,0.6176411509513855,0.7180500030517578,-0.023031340911984444,0.6165050268173218,0.6826069355010986,-0.016536179929971695,0.6226595640182495,0.6655998826026917,-0.009755216538906097,0.6419684886932373,0.8329136967658997,-0.020904310047626495,0.6019701361656189,0.749271035194397,-0.01892930269241333,0.6058014631271362,0.7111631631851196,-0.014665615744888783,0.6141040921211243,0.6909549236297607,-0.011877789162099361,0.6308367848396301,0.8495886325836182,-0.01888972707092762,0.6196742653846741,0.7807639241218567,-0.014680166728794575,0.6297654509544373,0.7520232796669006,-0.00873372983187437,0.6408164501190186,0.7379006147384644,-0.003776337020099163
0.7334914207458496,0.9226881861686707,2.8234046567376936e-07,0.7436885833740234,0.8378169536590576,0.008115089498460293,0.7202580571174622,0.7706905007362366,0.009764323011040688,0.6865159869194031,0.7269202470779419,0.012939254753291607,0.6610667705535889,0.7076550722122192,0.017155056819319725,0.6974377036094666,0.7808068990707397,-0.0220877043902874,0.6501532196998596,0.7019776701927185,-0.022918978706002235,0.6419393420219421,0.6718270778656006,-0.015032608062028885,0.6404621005058289,0.6574457287788391,-0.006896914914250374,0.6644247174263,0.8097599148750305,-0.024414006620645523,0.6183159947395325,0.7173525094985962,-0.02561340667307377,0.6171714067459106,0.6811356544494629,-0.017016252502799034,0.6230475306510925,0.6645725965499878,-0.008682124316692352,0.6409919261932373,0.8339543342590332,-0.023246610537171364,0.6032024025917053,0.7463167905807495,-0.019854774698615074,0.6072578430175781,0.7084336876869202,-0.013220944441854954,0.6154501438140869,0.6894605159759521,-0.009076197631657124,0.629071831703186,0.8505884408950806,-0.0205999668687582,0.6190776228904724,0.7799730896949768,-0.015338537283241749,0.6288914680480957,0.7512631416320801,-0.008330900222063065,0.6390565633773804,0.7379246950149536,-0.002673946088179946
0.7347245216369629,0.9241549968719482,2.761971700238064e-07,0.7454363107681274,0.8398125171661377,0.007780628744512796,0.7216553688049316,0.7736149430274963,0.009412338025867939,0.6877685785293579,0.729901909828186,0.012373137287795544,0.6621039509773254,0.7112412452697754,0.016220008954405785,0.698464035987854,0.7794009447097778,-0.020133720710873604,0.6501317024230957,0.7014192938804626,-0.02171049825847149,0.6410301327705383,0.6713393330574036,-0.015513969585299492,0.6386410593986511,0.6564844250679016,-0.008647681213915348,0.6660084128379822,0.8082625269889832,-0.022735437378287315,0.6185855269432068,0.7183150053024292,-0.024716801941394806,0.6168832778930664,0.6820746660232544,-0.017911428585648537,0.6229800581932068,0.6653175950050354,-0.010866843163967133,0.6426589488983154,0.8332728147506714,-0.02206483483314514,0.6023319959640503,0.7481745481491089,-0.01989009790122509,0.6066409945487976,0.7108253240585327,-0.014688924886286259,0.6156209111213684,0.691888153553009,-0.011260353028774261,0.6306865215301514,0.8505857586860657,-0.019936809316277504,0.6188628673553467,0.780742347240448,-0.016038626432418823,0.6279638409614563,0.7512416243553162,-0.010058055631816387,0.6379929184913635,0.7362549901008606,-0.004953300580382347
0.7346811890602112,0.924635648727417,2.848970837021625e-07,0.7433513402938843,0.8376580476760864,0.00777421472594142,0.7187095284461975,0.7697436809539795,0.009143753908574581,0.6833261251449585,0.7286067605018616,0.01183033175766468,0.6565215587615967,0.711763858795166,0.015539608895778656,0.6968209147453308,0.7796401381492615,-0.020706113427877426,0.6487753391265869,0.7003681659698486,-0.022753877565264702,0.6419092416763306,0.6710320115089417,-0.016320787370204926,0.6421374082565308,0.6577801704406738,-0.00892677903175354,0.6645753979682922,0.809136688709259,-0.023434843868017197,0.6181909441947937,0.717814028263092,-0.025059886276721954,0.6172314882278442,0.6823610067367554,-0.017374366521835327,0.6231422424316406,0.6662662625312805,-0.009675218723714352,0.6414615511894226,0.8344032764434814,-0.02295456826686859,0.6023367047309875,0.7478827834129333,-0.020166629925370216,0.6071752905845642,0.7109510898590088,-0.013619904406368732,0.6157707571983337,0.6928247213363647,-0.009329304099082947,0.6297733783721924,0.8517147302627563,-0.021089904010295868,0.6180595755577087,0.7812333703041077,-0.016388602554798126,0.6275891661643982,0.75236576795578,-0.009219678118824959,0.637292206287384,0.7386817336082458,-0.0032895412296056747
0.734393835067749,0.9286832809448242,3.0773853154641984e-07,0.7433097958564758,0.8407921195030212,0.005376933608204126,0.7160321474075317,0.7738046646118164,0.0057818046770989895,0.6776379942893982,0.7354040741920471,0.008062695153057575,0.6494941115379333,0.7186648845672607,0.011722424067556858,0.6959497332572937,0.7833189964294434,-0.023457011207938194,0.6454581022262573,0.7035199403762817,-0.025369159877300262,0.6401351690292358,0.6732903718948364,-0.01833142340183258,0.641502320766449,0.6595746874809265,-0.010591438971459866,0.6628565788269043,0.8132557272911072,-0.02495773695409298,0.6147898435592651,0.7204922437667847,-0.02663354016840458,0.6165674328804016,0.6837576031684875,-0.01869136467576027,0.6251208782196045,0.6672552824020386,-0.010735943913459778,0.6395112872123718,0.8379298448562622,-0.02332196570932865,0.5996541380882263,0.7509583830833435,-0.02046797052025795,0.6064423322677612,0.712684690952301,-0.014622100628912449,0.6169692277908325,0.6934412717819214,-0.010950760915875435,0.6276350617408752,0.8531326651573181,-0.020507682114839554,0.6179541945457458,0.7826855182647705,-0.016000350937247276,0.6293388605117798,0.7534297704696655,-0.009861272759735584,0.6401878595352173,0.7394565343856812,-0.004804081283509731
0.7364749312400818,0.9299555420875549,2.8459845680117724e-07,0.7448850870132446,0.8440059423446655,0.007128280587494373,0.7203806042671204,0.7777194976806641,0.008333196863532066,0.6850427389144897,0.7372792959213257,0.01108920481055975,0.6582502722740173,0.7208988666534424,0.014966676011681557,0.695834755897522,0.7843365669250488,-0.020320899784564972,0.6494112014770508,0.7065845727920532,-0.021718217059969902,0.6400738954544067,0.6759819984436035,-0.015557403676211834,0.6371867060661316,0.6595434546470642,-0.008801275864243507,0.6630859971046448,0.8132337331771851,-0.02258356474339962,0.6166917085647583,0.7227751612663269,-0.02428978681564331,0.6150244474411011,0.6862910985946655,-0.017171084880828857,0.6211280822753906,0.6688268780708313,-0.009876319207251072,0.6400079131126404,0.8380787968635559,-0.021609971299767494,0.601345419883728,0.7535091638565063,-0.018724991008639336,0.6053244471549988,0.7156394124031067,-0.013235896825790405,0.6142820715904236,0.6959714293479919,-0.009700680151581764,0.6284577250480652,0.8541966676712036,-0.019275140017271042,0.6169580221176147,0.7861748933792114,-0.01394031010568142,0.6257411241531372,0.7572159767150879,-0.00717038894072175,0.6359106302261353,0.7426615357398987,-0.0016278180992230773
0.7346029281616211,0.928364098072052,2.899928119859396e-07,0.7427724599838257,0.841712474822998,0.005750413518399,0.717682957649231,0.7733233571052551,0.006334658246487379,0.6809942722320557,0.7329017519950867,0.008596413768827915,0.6537747383117676,0.7156964540481567,0.012078042142093182,0.694893479347229,0.7822038531303406,-0.022030971944332123,0.6456937789916992,0.7041841149330139,-0.023838486522436142,0.6385105848312378,0.674441397190094,-0.0170059222728014,0.6381655931472778,0.6603921055793762,-0.009603585116565228,0.6624452471733093,0.8127390146255493,-0.02399781532585621,0.6148014068603516,0.7213690876960754,-0.026158764958381653,0.6158846020698547,0.6859869360923767,-0.018435129895806313,0.6236615777015686,0.6704862713813782,-0.01058766059577465,0.639845073223114,0.8383825421333313,-0.02289397269487381,0.600077211856842,0.750934898853302,-0.02109604701399803,0.6069024205207825,0.7139732241630554,-0.014745972119271755,0.617303192615509,0.6965328454971313,-0.010401081293821335,0.6284375190734863,0.8552747368812561,-0.020554833114147186,0.6163903474807739,0.7840664982795715,-0.01718764379620552,0.6263934969902039,0.754644513130188,-0.010798841714859009,0.6365198493003845,0.7407395839691162,-0.005266225431114435
0.735579252243042,0.9311466217041016,2.7955812242907996e-07,0.7443732619285583,0.844990074634552,0.007532372139394283,0.7215971350669861,0.7776907682418823,0.008606583811342716,0.686865508556366,0.7359126210212708,0.011128624901175499,0.6594951152801514,0.7192248106002808,0.014809644781053066,0.6969516277313232,0.7853014469146729,-0.020655330270528793,0.6481242775917053,0.7072737216949463,-0.02260739728808403,0.6399068236351013,0.6780068874359131,-0.016435863450169563,0.6385629177093506,0.663278341293335,-0.009433954022824764,0.6644065976142883,0.8152799010276794,-0.023346690461039543,0.6159939765930176,0.7241786122322083,-0.02573128417134285,0.6150225400924683,0.6882906556129456,-0.0185287743806839,0.6215713620185852,0.6714444756507874,-0.010970886796712875,0.6414983868598938,0.8407748341560364,-0.02275632880628109,0.6018314957618713,0.7550243735313416,-0.020314767956733704,0.6061767935752869,0.7179208993911743,-0.014075948856770992,0.6149262189865112,0.6988261938095093,-0.009841693565249443,0.6301705241203308,0.8577271103858948,-0.020810671150684357,0.6180223822593689,0.7884668707847595,-0.015606053173542023,0.6270325183868408,0.7600927352905273,-0.008107765577733517,0.637033224105835,0.7465857863426208,-0.0019284362206235528
0.7345076203346252,0.9314452409744263,2.846448126092582e-07,0.7435951232910156,0.8438770771026611,0.00692868884652853,0.718804121017456,0.7762024998664856,0.0075706783682107925,0.6821974515914917,0.7356499433517456,0.009759228676557541,0.6544848084449768,0.7181444764137268,0.013321707025170326,0.6975567936897278,0.7856634855270386,-0.022713199257850647,0.6466739773750305,0.704369068145752,-0.025035258382558823,0.6399531960487366,0.6755608916282654,-0.017928801476955414,0.6409568786621094,0.6639542579650879,-0.009870991110801697,0.66461580991745,0.8158674240112305,-0.024921031668782234,0.6156585812568665,0.7223689556121826,-0.026747170835733414,0.6165767312049866,0.6875348091125488,-0.018256088718771935,0.6244551539421082,0.6722196340560913,-0.009872625581920147,0.6409441232681274,0.8411072492599487,-0.023898795247077942,0.601412832736969,0.7531003355979919,-0.020588696002960205,0.6073809266090393,0.7171710133552551,-0.013226176612079144,0.6171026825904846,0.69983971118927,-0.008492602966725826,0.6286212205886841,0.8579137325286865,-0.021617764607071877,0.617008626461029,0.7872821688652039,-0.016062041744589806,0.6265648603439331,0.758829653263092,-0.008511598221957684,0.63637375831604,0.7457956075668335,-0.0024302394594997168
0.7357277870178223,0.9371315240859985,2.8834011800427106e-07,0.7456278204917908,0.8514229655265808,0.005919651128351688,0.7209936380386353,0.7842438817024231,0.0056252796202898026,0.6838831305503845,0.7431435585021973,0.007087911944836378,0.6550440192222595,0.7262558937072754,0.009860699996352196,0.7011454701423645,0.7933628559112549,-0.024972107261419296,0.649223268032074,0.7113628387451172,-0.02827628143131733,0.6419130563735962,0.680686891078949,-0.02219780907034874,0.6418587565422058,0.6664454340934753,-0.014835616573691368,0.6677131056785583,0.8231095671653748,-0.026895837858319283,0.6168667674064636,0.7280552387237549,-0.0292722899466753,0.6167758703231812,0.6914079189300537,-0.02128097601234913,0.6243973970413208,0.6748465895652771,-0.013257891871035099,0.6435363292694092,0.8479079604148865,-0.025544194504618645,0.6018716096878052,0.7596191763877869,-0.02238478697836399,0.6071580052375793,0.7233035564422607,-0.015153538435697556,0.6169922947883606,0.7051769495010376,-0.01049321424216032,0.6308174133300781,0.8638261556625366,-0.023016195744276047,0.6179051995277405,0.7933430075645447,-0.017074890434741974,0.6266781091690063,0.765008807182312,-0.009235610254108906,0.6359029412269592,0.7516759634017944,-0.0030240495689213276
0.737821638584137,0.9486982226371765,3.2658664395057713e-07,0.7471739053726196,0.8653693795204163,0.002902952255681157,0.7204524874687195,0.7996871471405029,0.0011982822325080633,0.6806581616401672,0.7628759741783142,0.0018412326462566853,0.6504800319671631,0.7456976175308228,0.003879900323227048,0.7013630867004395,0.8060351014137268,-0.027331920340657234,0.6519902348518372,0.7242370247840881,-0.031398843973875046,0.6427652835845947,0.6911725997924805,-0.02602149359881878,0.6401862502098083,0.6741707921028137,-0.019225850701332092,0.66752690076828,0.8353295922279358,-0.02814534306526184,0.6168873310089111,0.7407228946685791,-0.03177974000573158,0.6158165335655212,0.7021036744117737,-0.024346422404050827,0.6222206950187683,0.6831352710723877,-0.016421856358647346,0.642909049987793,0.8594834804534912,-0.026000117883086205,0.6003779768943787,0.7704535722732544,-0.024257665500044823,0.6048035621643066,0.7319695949554443,-0.0175680723041296,0.6138281226158142,0.7124940752983093,-0.01280258595943451,0.6298127174377441,0.8737533092498779,-0.022870108485221863,0.6158718466758728,0.8031361103057861,-0.01788715273141861,0.6248810887336731,0.7728692293167114,-0.01052654255181551,0.6346328854560852,0.7587883472442627,-0.004414854571223259
0.7375661134719849,1.0176711082458496,4.1243799842050066e-07,0.7540476322174072,0.9369768500328064,-0.01771104894578457,0.7232078909873962,0.8639162182807922,-0.030235720798373222,0.6753187775611877,0.8167968988418579,-0.03679955378174782,0.6413928270339966,0.7834658026695251,-0.040612660348415375,0.6949835419654846,0.9049769639968872,-0.05734740197658539,0.6334136724472046,0.8138502240180969,-0.07195744663476944,0.6261768341064453,0.7730449438095093,-0.06892670691013336,0.6286558508872986,0.7528753280639648,-0.06240379810333252,0.6606454253196716,0.9439015984535217,-0.050891172140836716,0.6019397377967834,0.8347969055175781,-0.06565194576978683,0.6035338640213013,0.7830268740653992,-0.060103464871644974,0.6158427000045776,0.7577103972434998,-0.05251378193497658,0.6362994909286499,0.9681981801986694,-0.042837511748075485,0.5892009735107422,0.8596389889717102,-0.05137653648853302,0.5964003205299377,0.8094391822814941,-0.04527276009321213,0.6089943051338196,0.7824596762657166,-0.03919273987412453,0.6227238178253174,0.9760135412216187,-0.0351906381547451,0.5981597304344177,0.8865762948989868,-0.039074163883924484,0.6035635471343994,0.8414438962936401,-0.03494210168719292,0.6116313934326172,0.8141542673110962,-0.030270902439951897
0.740336537361145,1.0666651725769043,5.17154205681436e-07,0.7569650411605835,0.9897816181182861,-0.021324574947357178,0.7304588556289673,0.9141897559165955,-0.03618878126144409,0.6869796514511108,0.8704813122749329,-0.045665986835956573,0.6532127261161804,0.8411908149719238,-0.05292550474405289,0.7010691165924072,0.9511365294456482,-0.05999455228447914,0.6412859559059143,0.8648489713668823,-0.07946761697530746,0.6258770227432251,0.8166687488555908,-0.08110877871513367,0.6216880083084106,0.7859638929367065,-0.07752450555562973,0.6708095669746399,0.9843123555183411,-0.05383892357349396,0.6050397157669067,0.8884670734405518,-0.07388950139284134,0.599421501159668,0.8303432464599609,-0.0720052644610405,0.6082232594490051,0.7956869602203369,-0.06583061814308167,0.6498677730560303,1.005785346031189,-0.04671226441860199,0.5903842449188232,0.9142681956291199,-0.05895477160811424,0.5905928015708923,0.8603991866111755,-0.054480236023664474,0.6018370985984802,0.8280673623085022,-0.04809614270925522,0.6367311477661133,1.0132691860198975,-0.04055555909872055,0.596746563911438,0.934937059879303,-0.04620902240276337,0.5927382707595825,0.8881646394729614,-0.04293699562549591,0.5975257754325867,0.8581601977348328,-0.03790967911481857
0.7529733180999756,1.061424970626831,3.6179906715005927e-07,0.7120415568351746,1.0286380052566528,0.014195645228028297,0.6715952754020691,0.9919840693473816,0.011517115868628025,0.6451391577720642,0.948845386505127,0.002463060198351741,0.6305513381958008,0.9049714803695679,-0.00545151811093092,0.6324762105941772,1.0321121215820312,0.004019572399556637,0.5900155901908875,0.9614797830581665,-0.011461833491921425,0.5904154181480408,0.8977805376052856,-0.020280400291085243,0.6020076274871826,0.8558378219604492,-0.02367333136498928,0.6376956105232239,1.0232099294662476,-0.013056384399533272,0.5842384099960327,0.947989821434021,-0.02801722288131714,0.5864834189414978,0.8815858960151672,-0.03497589752078056,0.6009861826896667,0.8428895473480225,-0.03768230974674225,0.6534832715988159,1.0026233196258545,-0.030084965750575066,0.5989840626716614,0.9325759410858154,-0.039171382784843445,0.5985422134399414,0.8723732829093933,-0.04063795506954193,0.6095942258834839,0.8354907631874084,-0.04028523713350296,0.679704487323761,0.9693484306335449,-0.04667864367365837,0.6399856805801392,0.9100174903869629,-0.049803100526332855,0.6280403733253479,0.8624771237373352,-0.04821501299738884,0.6250207424163818,0.8275451064109802,-0.04648540914058685
0.7590846419334412,1.0485968589782715,1.876369850606352e-07,0.7188676595687866,1.0280272960662842,0.030685147270560265,0.6799995303153992,1.0136038064956665,0.03214399144053459,0.65036541223526,0.9921287298202515,0.025648167356848717,0.6292223334312439,0.9641030430793762,0.018747614696621895,0.6432703733444214,1.0535880327224731,-6.196145113790408e-05,0.5956340432167053,1.0006827116012573,-0.010551301762461662,0.5912615060806274,0.9471081495285034,-0.012180835008621216,0.5978701710700989,0.9063600301742554,-0.011962282471358776,0.6455009579658508,1.0465688705444336,-0.02393977716565132,0.5890422463417053,0.9871749877929688,-0.03723260387778282,0.586053192615509,0.927915632724762,-0.036809828132390976,0.5960693359375,0.8881605267524719,-0.034935470670461655,0.6570460200309753,1.0283927917480469,-0.045031484216451645,0.6026417016983032,0.9703322052955627,-0.05284953489899635,0.5963400602340698,0.9125196933746338,-0.04949192702770233,0.6023004055023193,0.8718523979187012,-0.047334782779216766,0.676029622554779,0.9955153465270996,-0.06364861875772476,0.6371551156044006,0.944187581539154,-0.06841430813074112,0.6244201064109802,0.9015007615089417,-0.06616049259901047,0.6215218305587769,0.8672012686729431,-0.06436172127723694
0.7497239708900452,1.0445599555969238,1.683990547007852e-07,0.7075129747390747,0.9891675710678101,0.02553664892911911,0.6702249050140381,0.9633224010467529,0.026025287806987762,0.6442568302154541,0.9362481832504272,0.018613630905747414,0.6221440434455872,0.9099602103233337,0.010362507775425911,0.6354077458381653,1.0447027683258057,0.003566832048818469,0.5946447253227234,1.0035556554794312,-0.008488393388688564,0.5892336368560791,0.9544181227684021,-0.014843295328319073,0.5942359566688538,0.9171525835990906,-0.018956530839204788,0.6420078277587891,1.0467520952224731,-0.019635668024420738,0.594187319278717,1.0001264810562134,-0.034971803426742554,0.5881288051605225,0.9447882175445557,-0.04141445830464363,0.596495509147644,0.9045978784561157,-0.045255668461322784,0.6566572785377502,1.037009596824646,-0.041045818477869034,0.6103412508964539,0.9907812476158142,-0.0540863573551178,0.5990622639656067,0.9359051585197449,-0.05753801763057709,0.6012463569641113,0.8963353037834167,-0.059855930507183075,0.6750056147575378,1.0128735303878784,-0.060180388391017914,0.640842080116272,0.9688896536827087,-0.070714071393013,0.626018226146698,0.9295620918273926,-0.07334031164646149,0.6217105388641357,0.8973203897476196,-0.07525808364152908
0.734803318977356,1.0460915565490723,1.8241654231587745e-07,0.6938936710357666,0.9878867268562317,0.019545841962099075,0.6570066809654236,0.9606379866600037,0.018755868077278137,0.6325131058692932,0.9326667189598083,0.011454345658421516,0.6137260794639587,0.9053882956504822,0.00391742680221796,0.6206139922142029,1.0420668125152588,0.0036441858392208815,0.5889304280281067,1.0006654262542725,-0.006929297000169754,0.5875899791717529,0.953916072845459,-0.01418609730899334,0.5943129658699036,0.920453667640686,-0.01930330879986286,0.6282394528388977,1.044224739074707,-0.015647785738110542,0.5917337536811829,0.9965127110481262,-0.02773987501859665,0.5884175896644592,0.9444008469581604,-0.0349419079720974,0.5972142815589905,0.9078131914138794,-0.040000490844249725,0.6437077522277832,1.034028172492981,-0.033556144684553146,0.6078504323959351,0.9878246188163757,-0.04370125010609627,0.5997604727745056,0.9364473819732666,-0.04698678478598595,0.6024393439292908,0.8999902009963989,-0.04951253905892372,0.6632211208343506,1.0114392042160034,-0.049896709620952606,0.6362334489822388,0.9682921767234802,-0.05772086977958679,0.6247990727424622,0.9314149022102356,-0.05905933305621147,0.6213933229446411,0.9016717672348022,-0.06007273867726326
0.7293386459350586,1.026166319847107,2.546281336890388e-07,0.6959139108657837,0.9836653470993042,0.006042346823960543,0.6595361232757568,0.9582401514053345,-0.0013907564571127295,0.6348007321357727,0.9295899868011475,-0.011844041757285595,0.6167117357254028,0.9003435969352722,-0.02208762615919113,0.6308795809745789,1.0295363664627075,-0.018073484301567078,0.5947480201721191,0.9896984696388245,-0.034203577786684036,0.5911224484443665,0.943468451499939,-0.04313937574625015,0.5973502397537231,0.9100789427757263,-0.04840529337525368,0.6379467248916626,1.032224178314209,-0.030549006536602974,0.596418559551239,0.9890962839126587,-0.04783003404736519,0.5902777910232544,0.9381630420684814,-0.05545113980770111,0.597223162651062,0.9018954634666443,-0.06007389724254608,0.6517276763916016,1.0225833654403687,-0.042006321251392365,0.6102098226547241,0.9825111031532288,-0.05657152459025383,0.5988417863845825,0.9334720373153687,-0.06129641830921173,0.6000651717185974,0.8974664211273193,-0.06397911161184311,0.6681984663009644,1.0006805658340454,-0.05255918949842453,0.6390092372894287,0.9606091380119324,-0.0640610083937645,0.6248060464859009,0.9247698783874512,-0.06761764734983444,0.6195594668388367,0.8951835632324219,-0.06964998692274094
0.7377609014511108,1.008030891418457,4.887302793576964e-07,0.7125769853591919,0.9919087886810303,-0.015948662534356117,0.6699503064155579,0.9597601294517517,-0.0349954254925251,0.637509286403656,0.9162672758102417,-0.05123123899102211,0.613705039024353,0.8769829273223877,-0.0668766126036644,0.6407326459884644,0.9844510555267334,-0.05508354678750038,0.5966567993164062,0.9039015173912048,-0.08267196267843246,0.5912875533103943,0.8466711044311523,-0.09301075339317322,0.5982441306114197,0.814171314239502,-0.09565987437963486,0.6515775322914124,0.9868553280830383,-0.0576523132622242,0.5987130403518677,0.8964701890945435,-0.08398411422967911,0.5940931439399719,0.8358380198478699,-0.08611943572759628,0.600771427154541,0.7997870445251465,-0.08323665708303452,0.6685450077056885,0.9749552607536316,-0.060291580855846405,0.6166671514511108,0.8899011611938477,-0.08190778642892838,0.6064632534980774,0.8384689688682556,-0.07824321836233139,0.6078030467033386,0.8034287691116333,-0.07184812426567078,0.6890558004379272,0.9515977501869202,-0.06345446407794952,0.6537464261054993,0.8851120471954346,-0.07971490919589996,0.6387621760368347,0.8418899774551392,-0.07874967902898788,0.6315351128578186,0.8098442554473877,-0.07449690997600555
0.7329267263412476,0.9981507062911987,4.648110234484193e-07,0.7455693483352661,0.9265449643135071,-0.025927869603037834,0.7130281925201416,0.8633825182914734,-0.0399530790746212,0.6674631834030151,0.8211915493011475,-0.04615011438727379,0.635044515132904,0.7894607782363892,-0.04983159527182579,0.687484085559845,0.8988876938819885,-0.06345666944980621,0.6301447153091431,0.8250727653503418,-0.07924804836511612,0.618303656578064,0.7789272665977478,-0.07812661677598953,0.6175436973571777,0.748487651348114,-0.07414282113313675,0.658682107925415,0.9329668283462524,-0.05255269259214401,0.6017169952392578,0.8465569019317627,-0.06903938204050064,0.5986019372940063,0.7928169965744019,-0.06480234116315842,0.6068605780601501,0.7600686550140381,-0.058606937527656555,0.6403732895851135,0.9510237574577332,-0.040653567761182785,0.5927042365074158,0.866278886795044,-0.05147373303771019,0.5944185853004456,0.8183408975601196,-0.046739451587200165,0.6021227836608887,0.7878801226615906,-0.04203447327017784,0.6310741901397705,0.956511914730072,-0.029983824118971825,0.6030065417289734,0.8815861344337463,-0.03830791264772415,0.6022607088088989,0.8406089544296265,-0.03725328668951988,0.605516254901886,0.8133484125137329,-0.03438960760831833
0.7381729483604431,0.9749929904937744,4.0357514308198006e-07,0.7478349804878235,0.9017198085784912,-0.008494898676872253,0.717644453048706,0.8338364958763123,-0.014343157410621643,0.6761431097984314,0.7932050228118896,-0.01625128649175167,0.6444675922393799,0.7687949538230896,-0.016385866329073906,0.6951602697372437,0.8510136604309082,-0.036780696362257004,0.6410353183746338,0.7766646146774292,-0.0465189553797245,0.6277891397476196,0.7411223649978638,-0.04460946097970009,0.6240453124046326,0.7188717722892761,-0.039914924651384354,0.6671561002731323,0.8846538066864014,-0.03343050926923752,0.6115243434906006,0.7983149290084839,-0.04230419546365738,0.6060015559196472,0.7548789978027344,-0.037241436541080475,0.610775887966156,0.7305926084518433,-0.03074716404080391,0.6477837562561035,0.9086138606071472,-0.02853452041745186,0.5982655882835388,0.8260489702224731,-0.03196460381150246,0.5974510908126831,0.7819961905479431,-0.0262440238147974,0.6035801768302917,0.7560784220695496,-0.021363187581300735,0.636674165725708,0.9206276535987854,-0.023708386346697807,0.6093761324882507,0.8479257822036743,-0.023731891065835953,0.6082940697669983,0.8106738924980164,-0.018763698637485504,0.610435962677002,0.7884767055511475,-0.0139137152582407
0.7394564151763916,0.9177860021591187,3.513412991651421e-07,0.7471932768821716,0.8340205550193787,0.009622219949960709,0.7235135436058044,0.7713868618011475,0.012554422952234745,0.6886868476867676,0.7338833808898926,0.016839351505041122,0.6615051031112671,0.7198812365531921,0.02258426509797573,0.7015902400016785,0.7714182138442993,-0.018138041719794273,0.6513566374778748,0.6979573965072632,-0.017373597249388695,0.6428408622741699,0.6705338358879089,-0.008244108408689499,0.6429097056388855,0.659570574760437,0.00112330901902169,0.6688217520713806,0.8003711104393005,-0.019990313798189163,0.6194538474082947,0.7139619588851929,-0.01858224719762802,0.6192527413368225,0.6782641410827637,-0.0092503372579813,0.6263501644134521,0.6623758673667908,-0.0004899382474832237,0.6456888318061829,0.8249056935310364,-0.018290095031261444,0.6049158573150635,0.7456961870193481,-0.011211042292416096,0.6107396483421326,0.7102705836296082,-0.003977505955845118,0.6207659840583801,0.6939917802810669,6.004055103403516e-05,0.6340335011482239,0.8412344455718994,-0.015175942331552505,0.6199784874916077,0.7764212489128113,-0.005339928902685642,0.6280881762504578,0.7464719414710999,0.0030773282051086426,0.6370314359664917,0.7327852845191956,0.00919784139841795
0.7374764680862427,0.9107580184936523,2.4974036705316394e-07,0.7463738322257996,0.8257741332054138,0.005205231718719006,0.7211178541183472,0.7605212330818176,0.005929545499384403,0.684492290019989,0.7225860357284546,0.00844932533800602,0.6575795412063599,0.7072269916534424,0.012207101099193096,0.6996021866798401,0.7661029100418091,-0.02204269729554653,0.6503927707672119,0.6912964582443237,-0.02424931339919567,0.6431722044944763,0.6654716730117798,-0.017795510590076447,0.6435396075248718,0.6555551886558533,-0.010505251586437225,0.6683316230773926,0.7949848771095276,-0.023691482841968536,0.6198117136955261,0.7099793553352356,-0.02623591385781765,0.6188794374465942,0.6777456998825073,-0.019506705924868584,0.6255386471748352,0.6647051572799683,-0.012363417074084282,0.6463693380355835,0.8202303051948547,-0.022382810711860657,0.606479823589325,0.7400703430175781,-0.020839780569076538,0.6096659898757935,0.7042267322540283,-0.015733474865555763,0.6172535419464111,0.6864429116249084,-0.012196080759167671,0.6355620622634888,0.8366223573684692,-0.019768724218010902,0.6221296191215515,0.7699693441390991,-0.015707585960626602,0.6315457224845886,0.7419620156288147,-0.00914961937814951,0.6425379514694214,0.7300940752029419,-0.003624052507802844
0.7384096384048462,0.9083726406097412,2.686354605430097e-07,0.7471513748168945,0.8229002952575684,0.006177309434860945,0.7216942310333252,0.7580171823501587,0.008700990118086338,0.6863962411880493,0.7212926149368286,0.0129519859328866,0.660105288028717,0.7075427770614624,0.018572399392724037,0.6973790526390076,0.764222264289856,-0.017603255808353424,0.6502821445465088,0.6890371441841125,-0.017759712412953377,0.644427478313446,0.6646143198013306,-0.010518938302993774,0.645901083946228,0.6562349796295166,-0.0029456752818077803,0.6659349203109741,0.7930189967155457,-0.01916137896478176,0.6191884279251099,0.707802414894104,-0.020383229479193687,0.6192229986190796,0.6759587526321411,-0.013878271915018559,0.6263414621353149,0.6632023453712463,-0.006962084677070379,0.6448851823806763,0.8190982937812805,-0.017836736515164375,0.6054466962814331,0.739042341709137,-0.016019798815250397,0.6104109883308411,0.7043236494064331,-0.011865598149597645,0.6190301775932312,0.6874645948410034,-0.008883454836905003,0.6352442502975464,0.8364605903625488,-0.01506722066551447,0.6232324838638306,0.7697432041168213,-0.011376980692148209,0.6339414119720459,0.7425658106803894,-0.005498932674527168,0.6457212567329407,0.7308670878410339,-0.00036437908420339227
0.7408477067947388,0.9082923531532288,2.620015777665685e-07,0.7488049268722534,0.8237380385398865,0.00799047201871872,0.7215994000434875,0.7611902356147766,0.010679696686565876,0.6848452091217041,0.7265300154685974,0.014801169745624065,0.6571961045265198,0.7137994766235352,0.020252011716365814,0.7010440826416016,0.7638692855834961,-0.016705604270100594,0.6523719429969788,0.688468873500824,-0.016531597822904587,0.6459339261054993,0.6640204191207886,-0.009003476239740849,0.6460987329483032,0.6545903086662292,-0.0012036088155582547,0.6689873337745667,0.7932305932044983,-0.018957773223519325,0.6219368577003479,0.7068350315093994,-0.01944025419652462,0.6197962760925293,0.6736904382705688,-0.012000239454209805,0.6238318681716919,0.6581196784973145,-0.004458037205040455,0.6468148827552795,0.8195008635520935,-0.0181850828230381,0.6076353192329407,0.7380860447883606,-0.01490812748670578,0.6102572679519653,0.7012333273887634,-0.009493703953921795,0.6158913969993591,0.6809106469154358,-0.005911547690629959,0.6364105343818665,0.8367472887039185,-0.01587638072669506,0.624699056148529,0.7680352330207825,-0.010072600096464157,0.6339558362960815,0.7396964430809021,-0.002664608648046851,0.6434184908866882,0.7260688543319702,0.0032972886692732573
0.7393235564231873,0.9083144068717957,2.5702155426188256e-07,0.7493066191673279,0.8229891657829285,0.007786307018250227,0.7231473326683044,0.7604231834411621,0.010799248702824116,0.687049388885498,0.7231550216674805,0.0152061078697443,0.6605616211891174,0.7077849507331848,0.020841289311647415,0.6988725662231445,0.7627013921737671,-0.015600777231156826,0.6513866782188416,0.6860323548316956,-0.014264436438679695,0.6434178352355957,0.6606425046920776,-0.0062271482311189175,0.6418224573135376,0.6504967212677002,0.0015877308323979378,0.6667080521583557,0.7908039093017578,-0.017409587278962135,0.6208016276359558,0.7055675387382507,-0.01663789339363575,0.6205421686172485,0.6751694679260254,-0.008984404616057873,0.6257650852203369,0.6619766354560852,-0.0015957100549712777,0.6452125310897827,0.8163223266601562,-0.016099458560347557,0.6062407493591309,0.7358860373497009,-0.01190483383834362,0.6113738417625427,0.7028625011444092,-0.005856410134583712,0.6191418766975403,0.6866366863250732,-0.002105897990986705,0.635450005531311,0.8336052894592285,-0.013324654661118984,0.6222922205924988,0.7671716809272766,-0.007659136783331633,0.6318651437759399,0.740583062171936,-0.00026893525500781834,0.6421153545379639,0.7293108105659485,0.0057663642801344395
0.7398674488067627,0.9100275635719299,2.4617534677418007e-07,0.7496258020401001,0.8247527480125427,0.008410179987549782,0.7239746451377869,0.7594653964042664,0.011874180287122726,0.6884512305259705,0.7209879755973816,0.016707075759768486,0.6630132794380188,0.7051588892936707,0.022675475105643272,0.7000443935394287,0.7635110020637512,-0.015149532817304134,0.6523690223693848,0.6881057620048523,-0.013577405363321304,0.6445342898368835,0.6626262664794922,-0.0053749228827655315,0.6432521343231201,0.6523741483688354,0.002540555316954851,0.6677541732788086,0.7914746999740601,-0.01718825474381447,0.6217511296272278,0.7055797576904297,-0.015458081848919392,0.6202390193939209,0.6739528775215149,-0.007443479727953672,0.6246481537818909,0.6599183678627014,-9.317276999354362e-05,0.6460574865341187,0.8171048164367676,-0.016162216663360596,0.6082061529159546,0.7373595237731934,-0.010784284211695194,0.6116056442260742,0.7032487392425537,-0.005266471765935421,0.6183606386184692,0.6858009696006775,-0.0023500341922044754,0.6359503865242004,0.8350434303283691,-0.01367928460240364,0.6241171360015869,0.7697939276695251,-0.006907733157277107,0.6334394812583923,0.7435563802719116,0.0001163966444437392,0.6434006690979004,0.7319101095199585,0.005419278983026743
0.7405791282653809,0.9085375070571899,2.62363812453259e-07,0.7476576566696167,0.8205339908599854,0.008338507264852524,0.7204737663269043,0.7561192512512207,0.010971036739647388,0.6840777397155762,0.7191961407661438,0.014848710969090462,0.6570025086402893,0.7044235467910767,0.02003697119653225,0.6999020576477051,0.7627381682395935,-0.01603304222226143,0.6518819332122803,0.6864283084869385,-0.015423158183693886,0.6449135541915894,0.661382794380188,-0.007433408871293068,0.6449998617172241,0.6523831486701965,0.000612286850810051,0.6676232814788818,0.7918718457221985,-0.01848924346268177,0.6212289333343506,0.7040508389472961,-0.01828141324222088,0.6205419301986694,0.6723138093948364,-0.01055911835283041,0.6263062357902527,0.6591427326202393,-0.0030160334426909685,0.6454290151596069,0.8177794814109802,-0.017899565398693085,0.6064490675926208,0.7353129386901855,-0.01398923434317112,0.6108594536781311,0.7003986239433289,-0.008429473266005516,0.6187558770179749,0.6828703880310059,-0.005012353416532278,0.635202944278717,0.8347935080528259,-0.015783894807100296,0.6229181885719299,0.7657747864723206,-0.009973756037652493,0.6323882937431335,0.738121509552002,-0.0029133784119039774,0.6423907279968262,0.7256853580474854,0.0026776089798659086
0.7408316731452942,0.9093088507652283,2.6444021727911604e-07,0.7483968734741211,0.8219043612480164,0.007317510899156332,0.7223218679428101,0.7566284537315369,0.009607612155377865,0.6860784888267517,0.7210707664489746,0.013427060097455978,0.6589902639389038,0.7071741223335266,0.01837657205760479,0.69964998960495,0.7628324031829834,-0.01732804626226425,0.6513212323188782,0.686896562576294,-0.0170875433832407,0.6441950798034668,0.6612229347229004,-0.009841889142990112,0.6433054208755493,0.6500529646873474,-0.002455676207318902,0.6677998304367065,0.7926522493362427,-0.019419046118855476,0.6215410828590393,0.7054805159568787,-0.019204894080758095,0.6201584339141846,0.6736953258514404,-0.011993814259767532,0.6247965097427368,0.6595376133918762,-0.005013655871152878,0.6460237503051758,0.8191519379615784,-0.018510727211833,0.6080387234687805,0.7372474670410156,-0.014903952367603779,0.6108611822128296,0.7016957402229309,-0.010159178636968136,0.6168481111526489,0.682210385799408,-0.007502125576138496,0.6358028054237366,0.836687445640564,-0.016119107604026794,0.625880241394043,0.7680873274803162,-0.010638562962412834,0.6370921730995178,0.7412540316581726,-0.003888191655278206,0.6481241583824158,0.7291391491889954,0.0013841750333085656
0.7392526268959045,0.9091107249259949,2.6811213160726766e-07,0.7470521330833435,0.8208523392677307,0.006949311122298241,0.7211462259292603,0.756557285785675,0.008498774841427803,0.6847643852233887,0.7198504209518433,0.011585173197090626,0.6582972407341003,0.7057077884674072,0.015973009169101715,0.6979812979698181,0.7635124921798706,-0.018734382465481758,0.649893045425415,0.6865759491920471,-0.01836838573217392,0.6432492136955261,0.6615014672279358,-0.010268831625580788,0.6429296135902405,0.6520782113075256,-0.002306466456502676,0.6660904288291931,0.7936721444129944,-0.020727919414639473,0.6209003925323486,0.7049475312232971,-0.0204620361328125,0.6206631064414978,0.6734703183174133,-0.012398487888276577,0.6256220936775208,0.6597317457199097,-0.004925091750919819,0.6444770097732544,0.8192868232727051,-0.019712261855602264,0.6060165166854858,0.7356802821159363,-0.016360227018594742,0.6103654503822327,0.7004475593566895,-0.011051924899220467,0.6172880530357361,0.6825934648513794,-0.008064499124884605,0.6344256401062012,0.8357981443405151,-0.017271103337407112,0.6245420575141907,0.7662854194641113,-0.012762588448822498,0.6353732347488403,0.7390794157981873,-0.00659927586093545,0.6455680727958679,0.7270675897598267,-0.001683283713646233
0.7391536235809326,0.9085671305656433,2.554519937802979e-07,0.7476598024368286,0.8215920329093933,0.008888626471161842,0.723473072052002,0.7572000026702881,0.012215685099363327,0.6890040040016174,0.7179871797561646,0.017189953476190567,0.6635690331459045,0.7004263401031494,0.023485485464334488,0.6981588006019592,0.761886477470398,-0.017053646966814995,0.6501157283782959,0.6865290403366089,-0.014661630615592003,0.6430736780166626,0.6618064045906067,-0.004602781962603331,0.6425743103027344,0.6527121067047119,0.004714708775281906,0.6661227941513062,0.7910449504852295,-0.01909114606678486,0.6199946403503418,0.7049066424369812,-0.01766236312687397,0.6191752552986145,0.6740226745605469,-0.008514495566487312,0.6239316463470459,0.660438060760498,1.1739860383386258e-05,0.6445754766464233,0.8174577355384827,-0.017771543934941292,0.6070750951766968,0.7380455136299133,-0.012949175201356411,0.6096211671829224,0.7030032277107239,-0.006894080899655819,0.6148191094398499,0.6841120719909668,-0.00336814159527421,0.6347673535346985,0.8366053104400635,-0.014822847209870815,0.6256282329559326,0.7708314657211304,-0.008292600512504578,0.6367747187614441,0.7450417876243591,-0.0008470946340821683,0.6476263403892517,0.7338699698448181,0.004972385708242655
0.7380696535110474,0.9089447259902954,2.522509134905704e-07,0.7465206980705261,0.8218110799789429,0.008290179073810577,0.721807599067688,0.756411612033844,0.011015884578227997,0.6870269179344177,0.7181406021118164,0.014949504286050797,0.6615502834320068,0.702275276184082,0.01989392191171646,0.6979054808616638,0.7626445889472961,-0.015357941389083862,0.6517833471298218,0.6877611875534058,-0.014852461405098438,0.6435334086418152,0.6615852117538452,-0.00782583188265562,0.6417655944824219,0.6502006649971008,-0.0007322178571484983,0.6657381653785706,0.7917459607124329,-0.017778391018509865,0.6211259365081787,0.7053293585777283,-0.017149362713098526,0.6197939515113831,0.6740696430206299,-0.009741147048771381,0.6242170333862305,0.6601839661598206,-0.002761058509349823,0.6442165374755859,0.8177001476287842,-0.017233459278941154,0.606313943862915,0.736552357673645,-0.013245275244116783,0.609501838684082,0.7018142938613892,-0.008072523400187492,0.6159857511520386,0.683484673500061,-0.005205389577895403,0.6343703269958496,0.835449755191803,-0.015194300562143326,0.6231274604797363,0.7687680721282959,-0.009729591198265553,0.6327245831489563,0.7417910099029541,-0.0030739770736545324,0.6424514055252075,0.7292507290840149,0.0021306462585926056
0.7371171712875366,0.9071508646011353,2.572002131273621e-07,0.7466335892677307,0.820944607257843,0.008053326979279518,0.7210503816604614,0.758610188961029,0.010124077089130878,0.6849176287651062,0.7237730026245117,0.013396871276199818,0.6584068536758423,0.7104884386062622,0.017754441127181053,0.6981241703033447,0.7619504928588867,-0.017400242388248444,0.6504950523376465,0.6865785717964172,-0.016878511756658554,0.6431646347045898,0.6602364182472229,-0.008675135672092438,0.6429421901702881,0.6507622599601746,-0.0005276236333884299,0.6660011410713196,0.7902061343193054,-0.019787859171628952,0.6200907230377197,0.7032990455627441,-0.01935182698071003,0.6196072101593018,0.6718881130218506,-0.011141120456159115,0.6252515912055969,0.6587469577789307,-0.0033976968843489885,0.6440998911857605,0.815313994884491,-0.019073547795414925,0.6063781380653381,0.7334676384925842,-0.015059646219015121,0.6106320023536682,0.6987210512161255,-0.009382546879351139,0.6180879473686218,0.6817196011543274,-0.0061101727187633514,0.6339021325111389,0.8327646851539612,-0.016878005117177963,0.6237879395484924,0.7648033499717712,-0.011553035117685795,0.6338690519332886,0.7376236915588379,-0.004886646289378405,0.6436429619789124,0.7257543206214905,0.0004071431467309594
0.7369416356086731,0.9090398550033569,2.523031810142129e-07,0.7470014095306396,0.8221275210380554,0.008467571809887886,0.7221750020980835,0.7578339576721191,0.01184568926692009,0.6860498189926147,0.7206897139549255,0.01656932942569256,0.6594021320343018,0.7054188251495361,0.022311581298708916,0.699288547039032,0.7622467279434204,-0.014770789071917534,0.6527950763702393,0.6887629628181458,-0.013459968380630016,0.6439208984375,0.6625484228134155,-0.0056381067261099815,0.6415847539901733,0.6508050560951233,0.0020616031251847744,0.6669082641601562,0.7903196811676025,-0.016925668343901634,0.6212177872657776,0.7056021690368652,-0.016445018351078033,0.6184111833572388,0.6729958653450012,-0.009000437334179878,0.6225588917732239,0.6575063467025757,-0.0015519721200689673,0.6447518467903137,0.8155009150505066,-0.01600710302591324,0.6071743965148926,0.7362382411956787,-0.012166877277195454,0.6093469262123108,0.7009126543998718,-0.007216566242277622,0.6155052781105042,0.6819517612457275,-0.004050695803016424,0.6343418955802917,0.8325679302215576,-0.013524547219276428,0.6233294606208801,0.7664065361022949,-0.007682392839342356,0.6334038972854614,0.7399557828903198,-0.0006953860283829272,0.6442139744758606,0.728123128414154,0.00501176668331027
0.7378748655319214,0.9061942100524902,2.5946903292606294e-07,0.746273934841156,0.8184592723846436,0.009278995916247368,0.7206239104270935,0.7555805444717407,0.01264228019863367,0.685067355632782,0.7220327854156494,0.016984708607196808,0.6589361429214478,0.7108996510505676,0.022236868739128113,0.6978292465209961,0.7597349882125854,-0.013400905765593052,0.6517080664634705,0.6854018568992615,-0.01211493369191885,0.6442045569419861,0.6604037284851074,-0.004486190155148506,0.6434101462364197,0.65096116065979,0.0031237814109772444,0.666165292263031,0.7884529232978821,-0.016262993216514587,0.621303141117096,0.7043980956077576,-0.015541800297796726,0.6200335621833801,0.6732271313667297,-0.00864986702799797,0.6252226829528809,0.6599012017250061,-0.0017611279617995024,0.644692599773407,0.8145003318786621,-0.016100745648145676,0.6068687438964844,0.7360867261886597,-0.012547746300697327,0.6099061965942383,0.7007157802581787,-0.008588090538978577,0.6163005828857422,0.6822216510772705,-0.0062488978728652,0.6349629163742065,0.832614004611969,-0.014245779253542423,0.6252606511116028,0.7661340236663818,-0.009274394251406193,0.6362895369529724,0.7400557398796082,-0.003127876203507185,0.6471496820449829,0.7288025617599487,0.0019032660638913512
0.7369867563247681,0.9058965444564819,2.6676602260522486e-07,0.7468870282173157,0.8195770382881165,0.006742002908140421,0.7198880314826965,0.7551392316818237,0.008903811685740948,0.6831232905387878,0.7191961407661438,0.012445898726582527,0.6559097170829773,0.7046114206314087,0.017182759940624237,0.6994650363922119,0.7574396133422852,-0.01690862886607647,0.6508303284645081,0.6820250749588013,-0.017464853823184967,0.6427610516548157,0.6557835340499878,-0.010550236329436302,0.6423413753509521,0.645707905292511,-0.0030472506769001484,0.6671547293663025,0.7867986559867859,-0.01868896186351776,0.6204042434692383,0.7023448944091797,-0.019310005009174347,0.6198479533195496,0.671035885810852,-0.012012718245387077,0.6256646513938904,0.6572666168212891,-0.004564980044960976,0.6446896195411682,0.8130509257316589,-0.017694203183054924,0.6065672636032104,0.7329915165901184,-0.014196010306477547,0.6112841367721558,0.6991711258888245,-0.008544419892132282,0.6191829442977905,0.682153046131134,-0.004919484723359346,0.633920431137085,0.8305473327636719,-0.015420655719935894,0.6228280067443848,0.7639433741569519,-0.009919656440615654,0.6324898600578308,0.7373115420341492,-0.0029604698065668344,0.642349362373352,0.7256592512130737,0.002690766006708145
0.7377426624298096,0.9083327651023865,2.5777367795853934e-07,0.747870683670044,0.8223720192909241,0.008856792002916336,0.7231556177139282,0.7582264542579651,0.011887210421264172,0.687578558921814,0.7230181694030762,0.015821611508727074,0.6613411903381348,0.7103879451751709,0.02062106505036354,0.6983560919761658,0.7611749172210693,-0.01330601330846548,0.6514384150505066,0.686720609664917,-0.012622037902474403,0.6426848769187927,0.6590180397033691,-0.005853664595633745,0.640738308429718,0.646278440952301,0.0011251168325543404,0.6664085388183594,0.7893946170806885,-0.016061246395111084,0.6208447217941284,0.7035223245620728,-0.015791352838277817,0.6190850734710693,0.6712329387664795,-0.009035315364599228,0.6238938570022583,0.6566758155822754,-0.002157149137929082,0.6445525884628296,0.8144330978393555,-0.015870193019509315,0.6058135628700256,0.7337643504142761,-0.012430455535650253,0.6089818477630615,0.6988509893417358,-0.007952324114739895,0.6160293221473694,0.6813432574272156,-0.005074324551969767,0.6342244148254395,0.83136385679245,-0.014120277017354965,0.6228179335594177,0.7644410133361816,-0.009220502339303493,0.632171630859375,0.7370310425758362,-0.003065124386921525,0.6418994069099426,0.7241919040679932,0.0021241011563688517
0.7368908524513245,0.9070612788200378,2.7068318786405143e-07,0.7467676997184753,0.8208361268043518,0.006305759772658348,0.7213053107261658,0.756994366645813,0.008248173631727695,0.6832329630851746,0.7245264649391174,0.011697393842041492,0.6545450091362,0.7141994833946228,0.016387280076742172,0.6974350810050964,0.7588523030281067,-0.016300881281495094,0.649267315864563,0.6843180060386658,-0.016929855570197105,0.6429274082183838,0.6592526435852051,-0.010442458093166351,0.643869161605835,0.6504552364349365,-0.003359712427482009,0.665232241153717,0.7878175377845764,-0.01831471547484398,0.6185697317123413,0.7027592062950134,-0.019385462626814842,0.6184910535812378,0.6714366674423218,-0.013078028336167336,0.6251575350761414,0.6588725447654724,-0.006308968644589186,0.6432363986968994,0.8142430782318115,-0.017593294382095337,0.6049317121505737,0.7345340251922607,-0.015483713708817959,0.6092464327812195,0.6998894214630127,-0.011233542114496231,0.6169360876083374,0.6822004914283752,-0.00839889794588089,0.6325945854187012,0.8325644135475159,-0.015505044721066952,0.6232009530067444,0.7658631205558777,-0.01149939838796854,0.634981632232666,0.7396600246429443,-0.005310770124197006,0.6466048955917358,0.7282323241233826,-7.581119280075654e-05
0.7400911450386047,0.9074050188064575,2.540875243539631e-07,0.7479633092880249,0.819951593875885,0.009343530982732773,0.7214377522468567,0.755420446395874,0.012854901142418385,0.6853069067001343,0.7201219797134399,0.017348431050777435,0.6587189435958862,0.7063671946525574,0.02287781611084938,0.6975260972976685,0.7579502463340759,-0.01285998523235321,0.6506001949310303,0.6844230890274048,-0.011650608852505684,0.6427276134490967,0.6585987210273743,-0.004225702490657568,0.6415070295333862,0.6475322246551514,0.0031955225858837366,0.6662854552268982,0.7873150706291199,-0.01577852852642536,0.6207095980644226,0.7033864855766296,-0.015197661705315113,0.6187950372695923,0.6716006398200989,-0.00818144716322422,0.6231469511985779,0.6570841670036316,-0.0011591651709750295,0.6450818181037903,0.8141933679580688,-0.01570885069668293,0.6071422100067139,0.735948920249939,-0.011975987814366817,0.6094844341278076,0.7008137702941895,-0.007193129044026136,0.6153173446655273,0.6820257902145386,-0.004187854938209057,0.6353831887245178,0.8328583836555481,-0.014003310352563858,0.6237384676933289,0.7669531106948853,-0.008263889700174332,0.6330703496932983,0.7393527030944824,-0.0013452635612338781,0.6429300904273987,0.7259833216667175,0.004247910343110561
0.7409030199050903,0.9054101705551147,2.6811829911821405e-07,0.7468812465667725,0.8194003701210022,0.00735189625993371,0.7207005620002747,0.7537088990211487,0.009372645989060402,0.6836937665939331,0.7162113785743713,0.013185854069888592,0.6567480564117432,0.7014325261116028,0.017929520457983017,0.6958858966827393,0.76177978515625,-0.01995759829878807,0.6501700282096863,0.6863834261894226,-0.019114339724183083,0.6431204080581665,0.659858226776123,-0.010703926905989647,0.6421027183532715,0.6484696865081787,-0.002574679208919406,0.6639342904090881,0.790841817855835,-0.02183007076382637,0.6199566721916199,0.7028468251228333,-0.020785024389624596,0.619600236415863,0.6713258624076843,-0.012304650619626045,0.6253728866577148,0.6582987308502197,-0.00450051948428154,0.6430046558380127,0.8169392347335815,-0.020389026030898094,0.6064656972885132,0.7355982661247253,-0.015807004645466805,0.6099558472633362,0.700374960899353,-0.010253218933939934,0.6170381903648376,0.6832689046859741,-0.007328861393034458,0.6340936422348022,0.8354314565658569,-0.017394905909895897,0.6237359046936035,0.7689839005470276,-0.011531208641827106,0.6340928077697754,0.7424443364143372,-0.004784032236784697,0.6444377303123474,0.731225311756134,0.00042082768050022423
0.7450551390647888,0.9191924333572388,2.4416485189249215e-07,0.7557053565979004,0.8347129821777344,0.005122569389641285,0.7303300499916077,0.7700242400169373,0.005672105122357607,0.6925806999206543,0.7353070378303528,0.00838030781596899,0.6632458567619324,0.7232872843742371,0.012598400935530663,0.7112831473350525,0.7728630304336548,-0.023727787658572197,0.6595314741134644,0.6939023733139038,-0.026315616443753242,0.6531345248222351,0.6663352847099304,-0.01989613100886345,0.6543260216712952,0.6562815308570862,-0.012234434485435486,0.6779413223266602,0.8014012575149536,-0.02479393035173416,0.6270933151245117,0.7124384641647339,-0.026438040658831596,0.6260074377059937,0.6782094836235046,-0.018689144402742386,0.6320086717605591,0.6634976863861084,-0.01089572161436081,0.6545186042785645,0.8269198536872864,-0.022832786664366722,0.6130269765853882,0.7449741959571838,-0.019194742664694786,0.6167699098587036,0.708590567111969,-0.012659180909395218,0.6242446303367615,0.6896286010742188,-0.008661789819598198,0.6425410509109497,0.8447567820549011,-0.019657034426927567,0.6299590468406677,0.7774364948272705,-0.012875853106379509,0.6391165852546692,0.748959481716156,-0.004756850190460682,0.6484785676002502,0.7360588312149048,0.0014033259358257055
0.7389904260635376,0.9482823014259338,3.2536740945943166e-07,0.7554911375045776,0.867875874042511,-0.003715147264301777,0.735253632068634,0.7958372831344604,-0.007480238098651171,0.6974183917045593,0.7551968693733215,-0.00835415069013834,0.6686699390411377,0.7374286651611328,-0.007406318560242653,0.7103283405303955,0.8042449951171875,-0.031141946092247963,0.6617310047149658,0.7198424339294434,-0.039013803005218506,0.654941737651825,0.6847113370895386,-0.036629818379879,0.6572012305259705,0.6664382219314575,-0.03148645907640457,0.6767854690551758,0.8333559036254883,-0.029748130589723587,0.62797611951828,0.7379198670387268,-0.036555591970682144,0.6288235187530518,0.6966891288757324,-0.03150736540555954,0.6398313045501709,0.6767921447753906,-0.025079499930143356,0.6530808210372925,0.8562001585960388,-0.026344208046793938,0.613405168056488,0.7655429840087891,-0.027731331065297127,0.620084285736084,0.7261368036270142,-0.022499101236462593,0.6327908635139465,0.7066186666488647,-0.0181852038949728,0.6402889490127563,0.869069516658783,-0.022710012272000313,0.6254021525382996,0.7968916893005371,-0.020469121634960175,0.632105827331543,0.7637036442756653,-0.014771020039916039,0.6409221291542053,0.7461938261985779,-0.009665790013968945
0.7333924770355225,0.9979596734046936,4.275979108570027e-07,0.7513140439987183,0.9231062531471252,-0.010255193337798119,0.730696976184845,0.8445060849189758,-0.018378442153334618,0.6947898864746094,0.7918633222579956,-0.023732569068670273,0.6662970781326294,0.7610774040222168,-0.027505889534950256,0.6989465355873108,0.8620080351829529,-0.03726669400930405,0.6511917114257812,0.7653051018714905,-0.05154479295015335,0.6491864919662476,0.7208693623542786,-0.05387134850025177,0.6568583250045776,0.6974053382873535,-0.05111522227525711,0.6671615242958069,0.8931787610054016,-0.035089097917079926,0.6199259757995605,0.7866422533988953,-0.045868221670389175,0.6234884262084961,0.7359748482704163,-0.04364467412233353,0.6367483735084534,0.7102001905441284,-0.03939157351851463,0.643773078918457,0.9161452054977417,-0.03210698813199997,0.6031744480133057,0.8123082518577576,-0.03739812225103378,0.6104868650436401,0.7629975080490112,-0.0334070585668087,0.6239290237426758,0.7359434366226196,-0.029572203755378723,0.629194974899292,0.9277204275131226,-0.029387742280960083,0.6068633198738098,0.8447686433792114,-0.03115837275981903,0.6114530563354492,0.8020243644714355,-0.026629960164427757,0.6195469498634338,0.7757546305656433,-0.0218462273478508
