0.6268435716629028,0.909381628036499,-1.7493782422661752e-07,0.6048122644424438,0.8349519968032837,0.0043654004111886024,0.5588254928588867,0.7776845693588257,-9.46509389905259e-05,0.5095967650413513,0.760468602180481,-0.005743006244301796,0.4700174629688263,0.7614532709121704,-0.010859894566237926,0.5241215825080872,0.7802927494049072,-0.02263859659433365,0.44140005111694336,0.770160436630249,-0.03658541664481163,0.4494224488735199,0.7848439812660217,-0.040544506162405014,0.4728490710258484,0.793493390083313,-0.03937142714858055,0.5170981287956238,0.833021342754364,-0.030425528064370155,0.4292834401130676,0.8148300051689148,-0.03949999436736107,0.44267213344573975,0.8246327638626099,-0.03700752183794975,0.46940353512763977,0.835761308670044,-0.03371803089976311,0.5135602355003357,0.8876872062683105,-0.036444373428821564,0.4311676621437073,0.8711808919906616,-0.04152408987283707,0.44812360405921936,0.8768221139907837,-0.029090184718370438,0.47573867440223694,0.8852167725563049,-0.019769150763750076,0.5140311121940613,0.942429780960083,-0.041514117270708084,0.44775038957595825,0.9223761558532715,-0.04303344711661339,0.45923787355422974,0.9216475486755371,-0.030096177011728287,0.4817808270454407,0.9278412461280823,-0.019422126933932304
0.6009325981140137,0.8589747548103333,-1.4667918435407046e-07,0.5770139098167419,0.7600786089897156,0.020193273201584816,0.541229248046875,0.6947760581970215,0.026588639244437218,0.4945690631866455,0.6818358898162842,0.02901451289653778,0.4619099497795105,0.6967602968215942,0.032065775245428085,0.487490177154541,0.6779553294181824,0.015272287651896477,0.43348827958106995,0.6629204154014587,0.020230049267411232,0.44462090730667114,0.6864921450614929,0.02388872392475605,0.4641953110694885,0.6995936632156372,0.02681143395602703,0.4630777835845947,0.7246862649917603,0.004838431254029274,0.41391462087631226,0.7033131718635559,0.01685597561299801,0.4271796941757202,0.7210665941238403,0.023832248523831367,0.4473610520362854,0.7307004928588867,0.026480689644813538,0.4483310282230377,0.7761379480361938,-0.0030487095937132835,0.40314146876335144,0.7485086917877197,0.010079753585159779,0.41921573877334595,0.7601755857467651,0.022566644474864006,0.439946711063385,0.7687534093856812,0.02747965045273304,0.4427320063114166,0.8292281031608582,-0.009390756487846375,0.40331947803497314,0.8001159429550171,0.004352448508143425,0.41761502623558044,0.8035362958908081,0.02180488035082817,0.43612855672836304,0.8111518025398254,0.033643513917922974
0.5604885816574097,0.8207938075065613,-6.041248212795836e-08,0.5397729873657227,0.7193231582641602,0.018785133957862854,0.512615978717804,0.6503580808639526,0.024243686348199844,0.47189855575561523,0.6286641955375671,0.024689538404345512,0.4391961097717285,0.6346800327301025,0.025394193828105927,0.4623752534389496,0.6328163743019104,0.019993716850876808,0.40712404251098633,0.6057467460632324,0.021482594311237335,0.4102047085762024,0.6266155242919922,0.01998905837535858,0.4256037771701813,0.6400141716003418,0.019914783537387848,0.436355859041214,0.6737539768218994,0.01022604200989008,0.3883739709854126,0.644811749458313,0.018759608268737793,0.39772939682006836,0.6652591824531555,0.021081261336803436,0.4165387749671936,0.6783050298690796,0.021340377628803253,0.4171536862850189,0.7192867994308472,0.002243813592940569,0.37468546628952026,0.6848943829536438,0.013829821720719337,0.3848065733909607,0.7000986337661743,0.02228940650820732,0.4040868580341339,0.7140567302703857,0.025210946798324585,0.40392833948135376,0.7673076391220093,-0.004524403717368841,0.37016022205352783,0.7329406142234802,0.008033288642764091,0.378898948431015,0.7390611171722412,0.022163189947605133,0.394027441740036,0.749936580657959,0.032246459275484085
0.5255101323127747,0.7896736264228821,-1.5164519595600723e-07,0.5209465622901917,0.7010243535041809,0.014111488126218319,0.5022075772285461,0.6348907947540283,0.01573100872337818,0.4664851427078247,0.6067147254943848,0.013090189546346664,0.4367826282978058,0.6026500463485718,0.010389583185315132,0.43678146600723267,0.6130411624908447,0.008496648631989956,0.38598471879959106,0.5853349566459656,0.00375318992882967,0.3945762813091278,0.606880784034729,-0.0007745114271529019,0.41515249013900757,0.6251525282859802,-0.0016905689844861627,0.4134519398212433,0.6529276967048645,-0.00045698106987401843,0.37206417322158813,0.6294183135032654,0.004350957460701466,0.3861139714717865,0.6503191590309143,0.0068784612230956554,0.4068744480609894,0.6637013554573059,0.0071053835563361645,0.39829036593437195,0.6987336277961731,-0.008012215606868267,0.35997092723846436,0.6691086292266846,-0.001972593367099762,0.3733830749988556,0.6843430995941162,0.0074712494388222694,0.39324164390563965,0.6977368593215942,0.011735853739082813,0.38822734355926514,0.7465229630470276,-0.014535797759890556,0.3561425805091858,0.7137929201126099,-0.006741820368915796,0.36841773986816406,0.7215179204940796,0.007392175495624542,0.3841429054737091,0.7342753410339355,0.01793038286268711
0.504788875579834,0.7729369401931763,-1.8421427228076936e-07,0.5063955187797546,0.6894504427909851,0.013269016519188881,0.4916195869445801,0.6276329755783081,0.01565391756594181,0.45696064829826355,0.5974770784378052,0.01469630841165781,0.42969605326652527,0.5839173197746277,0.013787738047540188,0.4251512885093689,0.5999501347541809,0.007591688074171543,0.3791598677635193,0.5749251842498779,0.0060771978460252285,0.3843632638454437,0.5968208312988281,0.003951186314225197,0.40175461769104004,0.6148630380630493,0.003810333088040352,0.3979758024215698,0.6370485424995422,0.00035819062031805515,0.3620898723602295,0.6203469038009644,0.007841778919100761,0.3728390336036682,0.6404591202735901,0.011349325068295002,0.3919949233531952,0.6516432166099548,0.011411936953663826,0.3808544874191284,0.6810392737388611,-0.005132779944688082,0.3500283658504486,0.6608026623725891,0.0032632353249937296,0.36061379313468933,0.6740978360176086,0.011603150516748428,0.37941041588783264,0.685507595539093,0.014210785739123821,0.3704123795032501,0.726249098777771,-0.009628759697079659,0.34465017914772034,0.7029498219490051,-0.0009557504090480506,0.3549749553203583,0.7083197832107544,0.011508732102811337,0.37028801441192627,0.7173286080360413,0.020536014810204506
0.4580533504486084,0.7562315464019775,-1.0752071943898045e-07,0.45948442816734314,0.6703514456748962,0.01307752076536417,0.4471852779388428,0.6077980995178223,0.017304519191384315,0.4108866751194,0.5854933261871338,0.01858326606452465,0.38033822178840637,0.5841251015663147,0.01967577077448368,0.3779090940952301,0.5751914381980896,0.015645330771803856,0.3448701798915863,0.5603466033935547,0.020383942872285843,0.3501538932323456,0.5822508335113525,0.02011907286942005,0.3659649193286896,0.5999714732170105,0.02000521309673786,0.34976786375045776,0.6091567277908325,0.009869304485619068,0.3271542489528656,0.602597177028656,0.022783372551202774,0.33766841888427734,0.623694121837616,0.025678392499685287,0.3554275631904602,0.6351547241210938,0.024489443749189377,0.3333505392074585,0.6514461636543274,0.0057462770491838455,0.31232595443725586,0.6389822363853455,0.01707964949309826,0.324026882648468,0.6557049751281738,0.023438110947608948,0.34175941348075867,0.667313277721405,0.024340257048606873,0.3237948715686798,0.6967512369155884,0.0026206301990896463,0.3034713566303253,0.6785413026809692,0.012402210384607315,0.315775066614151,0.6873856782913208,0.02359883114695549,0.3313252329826355,0.6974713206291199,0.03161270171403885
0.4404488205909729,0.7421988844871521,-1.697990086313439e-07,0.4522511661052704,0.6668645143508911,0.007056240923702717,0.43928948044776917,0.5994589924812317,0.010390032082796097,0.40177619457244873,0.5700343251228333,0.011911265552043915,0.3750256896018982,0.55949866771698,0.013380036689341068,0.3653654456138611,0.5697743892669678,0.009939446114003658,0.333761990070343,0.5605595111846924,0.013149689882993698,0.34242045879364014,0.5812627673149109,0.012491521425545216,0.35911428928375244,0.5975010395050049,0.012115124613046646,0.3379686772823334,0.6067339777946472,0.00587105518206954,0.3146962523460388,0.6005671620368958,0.01591944694519043,0.32805514335632324,0.6206052899360657,0.01818780228495598,0.3467658758163452,0.6340054273605347,0.017053160816431046,0.32195812463760376,0.6514323949813843,0.0029157083481550217,0.2991076111793518,0.6372901797294617,0.009329007007181644,0.3132114112377167,0.6541566848754883,0.01409104559570551,0.332547664642334,0.6692389249801636,0.014929312281310558,0.31185203790664673,0.6995139718055725,0.0006750235916115344,0.2883930802345276,0.6787773370742798,0.004964583553373814,0.3022882342338562,0.6897680759429932,0.013940428383648396,0.31933119893074036,0.7035789489746094,0.02102491818368435
0.3952191174030304,0.7551921606063843,-9.188717342567543e-08,0.4083874523639679,0.6800062656402588,0.008328534662723541,0.4004819989204407,0.6152464747428894,0.0119407307356596,0.37275612354278564,0.580315351486206,0.014157254248857498,0.3492647111415863,0.5674125552177429,0.016752293333411217,0.3210752308368683,0.5849003195762634,0.011871633119881153,0.2951112389564514,0.57600998878479,0.017609748989343643,0.30536434054374695,0.5969129800796509,0.017823845148086548,0.32212215662002563,0.6139231324195862,0.017531907185912132,0.29300400614738464,0.6193896532058716,0.007824103347957134,0.2771914005279541,0.6126202344894409,0.019275931641459465,0.29114842414855957,0.6323021054267883,0.02047477662563324,0.3091142475605011,0.646181046962738,0.018690306693315506,0.2768470048904419,0.6621056795120239,0.005363305099308491,0.26314041018486023,0.6506577730178833,0.014280395582318306,0.2770872414112091,0.6667673587799072,0.018267521634697914,0.2952273488044739,0.6804584264755249,0.018372612074017525,0.26777195930480957,0.7071729898452759,0.003637978108599782,0.2540457546710968,0.6908122897148132,0.01021705660969019,0.267657995223999,0.7026116847991943,0.018646210432052612,0.2840505540370941,0.7150696516036987,0.02526397816836834
0.38325005769729614,0.759657621383667,-1.521062102938231e-07,0.3993038833141327,0.6862120032310486,0.012808478437364101,0.3902132511138916,0.6191887855529785,0.022635016590356827,0.3615676164627075,0.588058590888977,0.03121228516101837,0.33938169479370117,0.5811526775360107,0.0397305004298687,0.30754461884498596,0.5910687446594238,0.021394450217485428,0.2834120988845825,0.5831385850906372,0.036362893879413605,0.2915341258049011,0.6019420623779297,0.04310069605708122,0.30629467964172363,0.6168389916419983,0.04632582142949104,0.27906349301338196,0.6259889006614685,0.018783370032906532,0.26891225576400757,0.6262174248695374,0.03784911334514618,0.2832726538181305,0.6447209119796753,0.040986135601997375,0.3005439341068268,0.657122790813446,0.03957410156726837,0.26330363750457764,0.6688203811645508,0.018358059227466583,0.2564474046230316,0.6640830039978027,0.031999621540308,0.27186065912246704,0.6786627173423767,0.033423569053411484,0.28977081179618835,0.6910920143127441,0.03091173619031906,0.25429239869117737,0.7133245468139648,0.019367333501577377,0.24629637598991394,0.7028638124465942,0.02860451675951481,0.2615925967693329,0.7158836722373962,0.034789081662893295,0.27715036273002625,0.7269517183303833,0.03912470117211342
0.37427759170532227,0.7652892470359802,-8.801035278338531e-08,0.3881676197052002,0.6861340999603271,0.005430527497082949,0.37505561113357544,0.6172769665718079,0.009867866523563862,0.3409411609172821,0.5999147295951843,0.01301692333072424,0.3158630430698395,0.6174179911613464,0.015813486650586128,0.2941795289516449,0.60045325756073,0.014890587888658047,0.27497002482414246,0.5939643383026123,0.019465915858745575,0.28618645668029785,0.6124386787414551,0.017718860879540443,0.30260732769966125,0.6270694732666016,0.015898020938038826,0.26554450392723083,0.6386060118675232,0.0117693105712533,0.2598007023334503,0.6372627019882202,0.022000299766659737,0.27590709924697876,0.653240978717804,0.021145401522517204,0.2942112684249878,0.6664236187934875,0.018284382298588753,0.2511092722415924,0.6842564940452576,0.009422379545867443,0.24640023708343506,0.6772739887237549,0.015275981277227402,0.2636328935623169,0.6899086236953735,0.016169371083378792,0.28215262293815613,0.7022286653518677,0.014996002428233624,0.24468497931957245,0.7302964329719543,0.007699282839894295,0.2394653558731079,0.7179728746414185,0.011287271976470947,0.25651243329048157,0.7291921377182007,0.017774587497115135,0.2720896601676941,0.7402762770652771,0.0233781561255455
0.3555188775062561,0.8050979375839233,-6.265283047923731e-08,0.3720521628856659,0.720225989818573,0.005076930392533541,0.3490481674671173,0.6479905247688293,0.011524725705385208,0.3097050189971924,0.6259165406227112,0.01779726892709732,0.28392383456230164,0.6462514400482178,0.024101272225379944,0.2618783116340637,0.6470012068748474,0.015060110948979855,0.2407742142677307,0.6389622688293457,0.024095600470900536,0.2556486427783966,0.6519434452056885,0.02561122365295887,0.2742944061756134,0.6646932363510132,0.025155585259199142,0.23818153142929077,0.6896016597747803,0.013760813511908054,0.23121492564678192,0.6833154559135437,0.028213253244757652,0.2506141662597656,0.6939045190811157,0.029294824227690697,0.26746493577957153,0.7064263820648193,0.026416989043354988,0.22913534939289093,0.7357560992240906,0.01350226067006588,0.2233937680721283,0.7229424118995667,0.023833684623241425,0.24137192964553833,0.7291814684867859,0.025434771552681923,0.2583710551261902,0.7418144345283508,0.023050855845212936,0.22747784852981567,0.7815385460853577,0.013674448244273663,0.22135132551193237,0.7659314870834351,0.020290983840823174,0.23816880583763123,0.7715857625007629,0.026077743619680405,0.2517397701740265,0.7809672355651855,0.029754603281617165
0.35705655813217163,0.8210415840148926,-1.1127575305636128e-07,0.3707217276096344,0.7411100268363953,0.002688783220946789,0.3471119701862335,0.6665354371070862,0.007129846140742302,0.3045424222946167,0.6425621509552002,0.011692813597619534,0.2778353989124298,0.6681134700775146,0.016384249553084373,0.2601735293865204,0.6639944314956665,0.010883464477956295,0.2387441098690033,0.655133843421936,0.017009781673550606,0.25099295377731323,0.6698946356773376,0.0158854853361845,0.26637041568756104,0.6815190315246582,0.013752743601799011,0.23498430848121643,0.7060410380363464,0.010305692441761494,0.22668641805648804,0.7010974287986755,0.022960131987929344,0.24292254447937012,0.7104326486587524,0.023577094078063965,0.2593455910682678,0.7206448912620544,0.020649850368499756,0.22387950122356415,0.7531709671020508,0.010574756190180779,0.2193479984998703,0.7425954341888428,0.020138394087553024,0.23657968640327454,0.7482104897499084,0.021855397149920464,0.2540399730205536,0.758329451084137,0.019746918231248856,0.22021803259849548,0.7990779876708984,0.01098332367837429,0.21918988227844238,0.7851263284683228,0.018509188666939735,0.23591701686382294,0.7899448871612549,0.02466469816863537,0.24995017051696777,0.798022449016571,0.02855195291340351
0.3670102655887604,0.8601197600364685,-1.1667612653809556e-07,0.37717652320861816,0.775781512260437,-0.0004120119847357273,0.34553343057632446,0.704416036605835,0.0016695656813681126,0.3028542697429657,0.6818452477455139,0.004494113847613335,0.27586764097213745,0.702758252620697,0.007525837514549494,0.25780755281448364,0.710952877998352,0.0007004240760579705,0.23345959186553955,0.7055114507675171,0.0019826083444058895,0.2517283856868744,0.7175196409225464,-0.0012267455458641052,0.27098557353019714,0.7271101474761963,-0.004258806351572275,0.23683226108551025,0.7611436247825623,0.00019568781135603786,0.22888296842575073,0.7543039917945862,0.008686739951372147,0.25034964084625244,0.7615508437156677,0.009312095120549202,0.26904159784317017,0.7726839184761047,0.006295592524111271,0.22982676327228546,0.813214123249054,0.0003155257145408541,0.2266240119934082,0.8006035685539246,0.006716595496982336,0.24661870300769806,0.8030744791030884,0.008367063477635384,0.2652435898780823,0.8133870363235474,0.006234762258827686,0.23033888638019562,0.8609703183174133,0.000384823972126469,0.22951164841651917,0.8428525924682617,0.0052427686750888824,0.24761153757572174,0.8462738394737244,0.010746442712843418,0.26260906457901,0.8548809885978699,0.01407171506434679
0.37391072511672974,0.8663516640663147,-1.268081462058035e-07,0.3786957859992981,0.7793954014778137,0.0004207917081657797,0.3466821014881134,0.7108376622200012,0.0010200353572145104,0.29957398772239685,0.6902477741241455,0.002237655222415924,0.2723238468170166,0.7121351957321167,0.003896740498021245,0.26795992255210876,0.7299927473068237,-0.0023969204630702734,0.23661218583583832,0.7150675654411316,-0.0034742963034659624,0.25626903772354126,0.7254029512405396,-0.0074947066605091095,0.2770198881626129,0.7366827726364136,-0.010325044393539429,0.2488018274307251,0.7823466062545776,-0.003264044411480427,0.22903549671173096,0.7624312043190002,0.0036565784830600023,0.2495836615562439,0.7662649750709534,0.004723798017948866,0.2678394615650177,0.777108371257782,0.0022931259591132402,0.24242833256721497,0.8326202034950256,-0.003261921228840947,0.22682933509349823,0.810647189617157,0.003230589209124446,0.2458566427230835,0.8095504641532898,0.007224428933113813,0.2649831771850586,0.8192750215530396,0.006690378300845623,0.24373190104961395,0.8782771825790405,-0.0031375137623399496,0.2320208102464676,0.8522701263427734,0.003203009255230427,0.2485547810792923,0.8512171506881714,0.01104032713919878,0.26361173391342163,0.8587898015975952,0.015849413350224495
0.3742905259132385,0.8777245879173279,-1.4434351669478929e-07,0.38138365745544434,0.7894995808601379,0.00010065250535262749,0.35026565194129944,0.7194669246673584,0.0010548168793320656,0.3028338551521301,0.6986236572265625,0.0024873947259038687,0.27340877056121826,0.7194157838821411,0.004553737584501505,0.26795944571495056,0.7351318597793579,0.0003708033764269203,0.23777377605438232,0.7230270504951477,-0.00011261874169576913,0.2567024230957031,0.7352296113967896,-0.003707660362124443,0.278310626745224,0.7477580904960632,-0.006176965311169624,0.247781902551651,0.7871599197387695,-5.190645606489852e-05,0.23406338691711426,0.7690292000770569,0.007093440741300583,0.2552080750465393,0.7744898796081543,0.007420160807669163,0.2739980220794678,0.7862850427627563,0.004724410362541676,0.24109041690826416,0.8380131721496582,0.00018262754019815475,0.2322036623954773,0.8151683211326599,0.007145857438445091,0.2518603503704071,0.8164216876029968,0.01074644923210144,0.27056509256362915,0.8275266289710999,0.009911448694765568,0.24114984273910522,0.8848050236701965,0.0003410868812352419,0.2374102771282196,0.8570839166641235,0.006791046354919672,0.2560994625091553,0.8580976128578186,0.013882007449865341,0.2709314227104187,0.8669220209121704,0.018329011276364326
0.4023885130882263,0.9039760231971741,-1.2561888240725239e-07,0.40666255354881287,0.8201314806938171,-0.003766474314033985,0.37256649136543274,0.7472655773162842,-0.003941461909562349,0.32152262330055237,0.7253822088241577,-0.003494279459118843,0.2916748821735382,0.750538170337677,-0.0019413186237215996,0.2963908314704895,0.7720929384231567,-3.4664358281588648e-06,0.2573557198047638,0.7550830841064453,-0.0024662858340889215,0.2737171947956085,0.7622963786125183,-0.007068515755236149,0.29511478543281555,0.770389199256897,-0.010083041153848171,0.2802467942237854,0.8257924914360046,0.0002770442806649953,0.2502099573612213,0.8030300736427307,0.0045373630709946156,0.2681431174278259,0.8043662309646606,0.003992097452282906,0.2878064215183258,0.813997209072113,0.0011276699369773269,0.2752610743045807,0.875174343585968,0.0004077813937328756,0.2486426830291748,0.8489110469818115,0.0041521876119077206,0.26461324095726013,0.8468174934387207,0.007120599504560232,0.2844381034374237,0.8567003011703491,0.006689050234854221,0.27654656767845154,0.9188498258590698,0.00021550383826252073,0.25209730863571167,0.8882323503494263,0.004699216689914465,0.2660664916038513,0.8851876258850098,0.011683416552841663,0.2830638587474823,0.8914287090301514,0.016113078221678734
0.4150603413581848,0.9111900925636292,-1.0686546403348984e-07,0.41377002000808716,0.8215856552124023,-0.0015351290348917246,0.37856316566467285,0.7513132691383362,-0.0023079991806298494,0.3266908824443817,0.7327131628990173,-0.002513485262170434,0.29867589473724365,0.7598199248313904,-0.0021779765374958515,0.30528688430786133,0.7811874151229858,-0.00484868511557579,0.2664468586444855,0.7640945911407471,-0.00802033394575119,0.2869150936603546,0.7694507837295532,-0.012631475925445557,0.30860093235969543,0.7767211198806763,-0.01577557809650898,0.2897804081439972,0.837604284286499,-0.006309864576905966,0.25817161798477173,0.8115297555923462,-0.0011172269005328417,0.27892592549324036,0.8096553087234497,0.00010754200775409117,0.2988601624965668,0.8195204138755798,-0.002298615872859955,0.2862873375415802,0.8892989158630371,-0.007129019591957331,0.25759440660476685,0.8600009083747864,-0.002159788506105542,0.2759425938129425,0.8548606038093567,0.003941032569855452,0.2964326739311218,0.864631712436676,0.004832953214645386,0.2896485924720764,0.9348507523536682,-0.008008595556020737,0.261758953332901,0.9025580883026123,-0.0028796258848160505,0.27693435549736023,0.8979542851448059,0.007059686351567507,0.2942386567592621,0.9057068228721619,0.013327482156455517
0.42469948530197144,0.9196256995201111,-5.8858791618376927e-08,0.4209511876106262,0.8326317667961121,-0.0013893672730773687,0.3891718089580536,0.7646541595458984,-0.0021145229693502188,0.33838915824890137,0.742508053779602,-0.002290689619258046,0.3064125180244446,0.7625653743743896,-0.0014590983046218753,0.3157166838645935,0.7902771830558777,-0.0018533390248194337,0.27290135622024536,0.773581862449646,-0.003186251036822796,0.28802427649497986,0.7779127359390259,-0.0055292886681854725,0.30733633041381836,0.7845162153244019,-0.006831590086221695,0.29954952001571655,0.8427791595458984,-0.0023218642454594374,0.26331233978271484,0.8178096413612366,0.004848801530897617,0.28068581223487854,0.8160977959632874,0.0072763958014547825,0.2992500364780426,0.8238953948020935,0.005833954084664583,0.29538458585739136,0.8931322693824768,-0.0022808429785072803,0.2627618908882141,0.8669235110282898,0.004376760218292475,0.27897849678993225,0.8619415163993835,0.011019731871783733,0.298625111579895,0.8697426915168762,0.01216566376388073,0.2980794906616211,0.9390673041343689,-0.002291971817612648,0.26929354667663574,0.9110291600227356,0.004216269589960575,0.28263500332832336,0.904506504535675,0.014130150899291039,0.29861676692962646,0.9090484380722046,0.020450225099921227
0.45877909660339355,0.9266564249992371,-4.861538371869756e-08,0.4516463577747345,0.8437358736991882,-0.005261322949081659,0.41485273838043213,0.7777333855628967,-0.008471008390188217,0.3627169132232666,0.753887414932251,-0.010261140763759613,0.3314371109008789,0.7757243514060974,-0.01042106468230486,0.34283000230789185,0.8159509301185608,-0.010295582003891468,0.2952613830566406,0.7927801609039307,-0.014838644303381443,0.3121987581253052,0.7918915748596191,-0.018107108771800995,0.33335426449775696,0.7980671525001526,-0.019252406433224678,0.32968664169311523,0.8713696599006653,-0.009596636518836021,0.28587424755096436,0.8383926153182983,-0.007394261192530394,0.3032866418361664,0.8305718898773193,-0.005869843997061253,0.32382506132125854,0.8392070531845093,-0.006681396625936031,0.3274558484554291,0.920599102973938,-0.00844007171690464,0.2883751690387726,0.887841522693634,-0.004854788538068533,0.3038824200630188,0.8777215480804443,0.0011613999959081411,0.3243895471096039,0.8853982090950012,0.0029906912241131067,0.33178243041038513,0.9617534875869751,-0.007672175765037537,0.29904627799987793,0.9295220375061035,-0.0027300387155264616,0.30973196029663086,0.9199880957603455,0.006095229182392359,0.3254111707210541,0.9241509437561035,0.011902859434485435
0.4683351218700409,0.9253659248352051,-5.959799409538391e-08,0.4586507976055145,0.8403217792510986,-0.003076068824157119,0.42155665159225464,0.7768857479095459,-0.0057894582860171795,0.3695453405380249,0.7528060674667358,-0.007287672720849514,0.33556321263313293,0.7730051875114441,-0.006710108369588852,0.355806440114975,0.8121963739395142,-0.007474577985703945,0.30364876985549927,0.7890377044677734,-0.013328228145837784,0.32359930872917175,0.7943676114082336,-0.017236417159438133,0.34676530957221985,0.8048588037490845,-0.018001865595579147,0.3408057391643524,0.8673816323280334,-0.007624631281942129,0.2917795181274414,0.8354027271270752,-0.006575198378413916,0.31098946928977966,0.8329272270202637,-0.0048138732090592384,0.33189111948013306,0.8437845706939697,-0.004391535185277462,0.33622315526008606,0.9179299473762512,-0.007330747786909342,0.2950059175491333,0.8876825571060181,-0.003325295401737094,0.31370240449905396,0.8819619417190552,0.005618172697722912,0.3341284394264221,0.8900914192199707,0.009776868857443333,0.3387497067451477,0.9604920148849487,-0.007298959884792566,0.30645376443862915,0.9274939894676208,-0.0009551830589771271,0.32224223017692566,0.9229533076286316,0.01099780946969986,0.3392820656299591,0.9292072057723999,0.019346559420228004
0.4774402379989624,0.9234206080436707,-4.304319389802913e-08,0.46523141860961914,0.838292121887207,-0.005477393977344036,0.42722946405410767,0.7727447748184204,-0.010191327892243862,0.37341317534446716,0.7551925778388977,-0.01325367670506239,0.34079307317733765,0.7797950506210327,-0.014305920340120792,0.36238038539886475,0.8122037053108215,-0.013670824468135834,0.30858007073402405,0.7904496192932129,-0.021544786170125008,0.32896357774734497,0.7918049693107605,-0.025634311139583588,0.35248416662216187,0.7990135550498962,-0.026416676118969917,0.3493732810020447,0.8703585863113403,-0.013673133216798306,0.2968311011791229,0.8382344245910645,-0.015617345459759235,0.3163689374923706,0.8323391079902649,-0.014551334083080292,0.33804062008857727,0.8423378467559814,-0.014251534827053547,0.3463512361049652,0.9211977124214172,-0.013117467984557152,0.3015925884246826,0.891671895980835,-0.012012585997581482,0.32028964161872864,0.8818660974502563,-0.0035220938734710217,0.34125277400016785,0.889007568359375,0.0009912309469655156,0.35045403242111206,0.9630727171897888,-0.012829585000872612,0.3133293390274048,0.9312628507614136,-0.008787086233496666,0.3279120922088623,0.9226235151290894,0.0028923640493303537,0.3454650044441223,0.9283378720283508,0.011450768448412418
0.5043017268180847,0.9157108664512634,-9.343366258462993e-08,0.4882652163505554,0.8249212503433228,-0.00707266665995121,0.44493597745895386,0.7608081102371216,-0.012810463085770607,0.39172354340553284,0.7545843124389648,-0.01667776331305504,0.36173179745674133,0.7838791608810425,-0.018432920798659325,0.38615790009498596,0.8011283874511719,-0.01753121241927147,0.33032283186912537,0.7820324897766113,-0.028471332043409348,0.3539692759513855,0.7851415276527405,-0.03474561125040054,0.38043367862701416,0.7927834391593933,-0.036578480154275894,0.37382614612579346,0.8623934388160706,-0.017849666997790337,0.32050979137420654,0.8328496217727661,-0.02090591751039028,0.3412279486656189,0.8273231983184814,-0.02048582397401333,0.3649822473526001,0.8360170125961304,-0.02069619484245777,0.37092840671539307,0.9161281585693359,-0.017832698300480843,0.3244658410549164,0.8833030462265015,-0.0182074923068285,0.34469908475875854,0.875836968421936,-0.010281579568982124,0.3674633502960205,0.8838518857955933,-0.00615872023627162,0.3748539984226227,0.9597641229629517,-0.018247058615088463,0.33835160732269287,0.9243314266204834,-0.016384467482566833,0.35508695244789124,0.9171087145805359,-0.005776840262115002,0.37319067120552063,0.9232198596000671,0.0020968900062143803
0.5059539675712585,0.9152411222457886,-1.1397333565810186e-07,0.4946599304676056,0.8248636722564697,-0.0023257816210389137,0.4549521207809448,0.7573582530021667,-0.006191503722220659,0.4010782241821289,0.7466844320297241,-0.008965572342276573,0.37119612097740173,0.776608407497406,-0.010000297799706459,0.39601531624794006,0.7932773232460022,-0.013958830386400223,0.3370459973812103,0.7722271680831909,-0.023284947499632835,0.3575557768344879,0.779923141002655,-0.028415042906999588,0.38229888677597046,0.7904443144798279,-0.029721679165959358,0.3804831802845001,0.8518357276916504,-0.01575726643204689,0.32481396198272705,0.8219119906425476,-0.016565753147006035,0.34435218572616577,0.8205761909484863,-0.014308664947748184,0.36591169238090515,0.8301435112953186,-0.01356759574264288,0.3743310868740082,0.9044487476348877,-0.01669982634484768,0.3274497985839844,0.873040497303009,-0.01439329981803894,0.34750938415527344,0.8674703240394592,-0.004220084752887487,0.3688008189201355,0.8752610683441162,0.0008156565017998219,0.3756921887397766,0.9502553939819336,-0.0177305955439806,0.3397912383079529,0.9161059260368347,-0.012980222702026367,0.35721707344055176,0.909825325012207,-0.0002675531432032585,0.37512174248695374,0.9165179133415222,0.00871848315000534
0.5141308307647705,0.900745153427124,-1.419360415866322e-07,0.5094599723815918,0.8076746463775635,0.0003909320803359151,0.48013734817504883,0.7364718317985535,-0.0023462926037609577,0.4289725720882416,0.7176283001899719,-0.0045062773860991,0.40199196338653564,0.7460854053497314,-0.005202319473028183,0.4162311851978302,0.7629408240318298,-0.01244090311229229,0.35881149768829346,0.737576961517334,-0.019773349165916443,0.3777865171432495,0.7491834759712219,-0.022904524579644203,0.40061742067337036,0.7604925632476807,-0.02324799820780754,0.396007776260376,0.8186584115028381,-0.015143994241952896,0.34092384576797485,0.7837775349617004,-0.016165966168045998,0.36010459065437317,0.7870557904243469,-0.012528037652373314,0.38131165504455566,0.798818826675415,-0.010233393870294094,0.3862304389476776,0.8704214692115784,-0.01651535928249359,0.3404387831687927,0.8365352749824524,-0.013598883524537086,0.3595767617225647,0.8353533744812012,-0.002564735244959593,0.3795608580112457,0.845639169216156,0.0034513359423726797,0.38460493087768555,0.916020393371582,-0.017684733495116234,0.34868842363357544,0.8793164491653442,-0.010677647776901722,0.36489707231521606,0.8773337602615356,0.0038379509933292866,0.3820469379425049,0.8877807855606079,0.014021763578057289
0.5183713436126709,0.891402006149292,-8.678679819240642e-08,0.5138664245605469,0.8005847334861755,-0.0003977254091296345,0.48213571310043335,0.7299453020095825,-0.005414783488959074,0.4325047433376312,0.7115324139595032,-0.009546836838126183,0.40045610070228577,0.7342627048492432,-0.012649605050683022,0.42335355281829834,0.7597190141677856,-0.020874841138720512,0.36435356736183167,0.7303828001022339,-0.030314939096570015,0.384513795375824,0.7376503944396973,-0.03440893068909645,0.40819159150123596,0.7491651177406311,-0.03498412296175957,0.4047382175922394,0.8161686658859253,-0.02382676675915718,0.3482041656970978,0.7753586769104004,-0.023533202707767487,0.3684864044189453,0.7745164632797241,-0.018619539216160774,0.39009323716163635,0.7876691818237305,-0.016971156001091003,0.39630576968193054,0.8675920963287354,-0.025185568258166313,0.3447394073009491,0.8282265067100525,-0.02200360968708992,0.36599022150039673,0.8241919279098511,-0.009363771416246891,0.38788771629333496,0.8350775241851807,-0.003394757630303502,0.39561590552330017,0.9131759405136108,-0.026305995881557465,0.3566766679286957,0.8722432255744934,-0.021089516580104828,0.3732704222202301,0.8671966195106506,-0.006806168705224991,0.39007022976875305,0.8774995803833008,0.0026804697699844837
0.5175188779830933,0.8814564347267151,-1.061896526266537e-07,0.5136691927909851,0.7858038544654846,0.0021324106492102146,0.48332446813583374,0.7152422070503235,-0.0006374761578626931,0.4343104958534241,0.7004028558731079,-0.0026357669848948717,0.40504029393196106,0.7238260507583618,-0.0035744220949709415,0.4246610105037689,0.7410920262336731,-0.015879161655902863,0.37151971459388733,0.7150177359580994,-0.021689563989639282,0.38869887590408325,0.7242456078529358,-0.02355494163930416,0.4098634123802185,0.7376785278320312,-0.023011881858110428,0.40317654609680176,0.7955800294876099,-0.018878931179642677,0.3537324070930481,0.7593052983283997,-0.015238123945891857,0.372134268283844,0.7613213062286377,-0.009511500597000122,0.3918762803077698,0.775081992149353,-0.007600441109389067,0.3916878402233124,0.8459713459014893,-0.01998147927224636,0.3457763195037842,0.8078104853630066,-0.01421942375600338,0.36493343114852905,0.8063336610794067,-0.00280679645948112,0.3852900266647339,0.8189797401428223,0.0020016911439597607,0.38821250200271606,0.8911803364753723,-0.020512882620096207,0.35089778900146484,0.8516132831573486,-0.013735592365264893,0.3670457601547241,0.8489230275154114,0.00018743502732831985,0.3837909400463104,0.8599404096603394,0.009510021656751633
0.5213180184364319,0.8678039908409119,-7.682496061534039e-08,0.5208049416542053,0.7819154858589172,-0.0017685198690742254,0.49299710988998413,0.7081412672996521,-0.005825286265462637,0.44533711671829224,0.6842476725578308,-0.008964055217802525,0.4158296287059784,0.707929253578186,-0.010843319818377495,0.42576292157173157,0.7268660664558411,-0.012515434063971043,0.37647587060928345,0.7002026438713074,-0.0190588291734457,0.3908398449420929,0.7128704190254211,-0.02281956374645233,0.4112342596054077,0.7273151278495789,-0.023780658841133118,0.40526434779167175,0.7788049578666687,-0.014490308240056038,0.3568223714828491,0.7437752485275269,-0.013445215299725533,0.37388238310813904,0.7485690712928772,-0.010523200035095215,0.3934692144393921,0.7635347843170166,-0.009813851676881313,0.3946051001548767,0.8290970921516418,-0.015396540984511375,0.34917131066322327,0.7925174236297607,-0.012998858466744423,0.3680221438407898,0.7925704121589661,-0.003626030869781971,0.3887002766132355,0.8060321807861328,0.0008953006472438574,0.3915737271308899,0.8759794235229492,-0.01615814119577408,0.3558238744735718,0.8379207849502563,-0.012106982059776783,0.37151840329170227,0.8366848230361938,-2.3992084607016295e-05,0.38792213797569275,0.8479372262954712,0.008469987660646439
0.5087278485298157,0.8099504709243774,-1.4856591690204368e-07,0.5110281705856323,0.7229357957839966,0.014272836036980152,0.49383363127708435,0.6545261144638062,0.021753130480647087,0.4549129903316498,0.6274070739746094,0.026403391733765602,0.424310564994812,0.6276470422744751,0.032139234244823456,0.4174506664276123,0.6358030438423157,0.021773889660835266,0.3770162761211395,0.6160250902175903,0.03145313635468483,0.3872654438018799,0.6369374990463257,0.03631863370537758,0.40479859709739685,0.6527265906333923,0.03959152102470398,0.3892694115638733,0.6744922995567322,0.016705958172678947,0.36012014746665955,0.6559892892837524,0.03456062078475952,0.37240251898765564,0.674508810043335,0.03966200351715088,0.3888407051563263,0.6867680549621582,0.03967207297682762,0.3734560012817383,0.720310628414154,0.013258924707770348,0.3453756272792816,0.6977503299713135,0.028842024505138397,0.35904788970947266,0.7099279761314392,0.03605510666966438,0.37764450907707214,0.7219893336296082,0.036663442850112915,0.3654162883758545,0.7680648565292358,0.010825845412909985,0.33937039971351624,0.7437218427658081,0.024714402854442596,0.35281801223754883,0.7485039234161377,0.03714996576309204,0.36964619159698486,0.7586765289306641,0.04505152255296707
0.5032450556755066,0.7971715927124023,-1.9006370166607667e-07,0.5082759857177734,0.7146603465080261,0.0101925078779459,0.49305737018585205,0.6468833684921265,0.014039799571037292,0.4540896415710449,0.6213229894638062,0.01576884835958481,0.4237283170223236,0.6296993494033813,0.017570775002241135,0.4188545346260071,0.6302893161773682,0.009302238933742046,0.3749774694442749,0.6099988222122192,0.012050707824528217,0.38483917713165283,0.631103515625,0.012146798893809319,0.4044005870819092,0.6488430500030518,0.012949083000421524,0.3923415243625641,0.6701909303665161,0.004808942787349224,0.3599100708961487,0.6540060639381409,0.01696685515344143,0.3734135329723358,0.6716898679733276,0.020836832001805305,0.3918862044811249,0.6833676099777222,0.02012462727725506,0.3769989311695099,0.716378390789032,0.0019097918411716819,0.3474905490875244,0.6956060528755188,0.012626145035028458,0.36148327589035034,0.7081910967826843,0.01910245791077614,0.3807401955127716,0.721362292766571,0.01981852389872074,0.3683801293373108,0.7646343111991882,-4.35365000157617e-05,0.342065691947937,0.73994380235672,0.00940882321447134,0.35498741269111633,0.7452980279922485,0.020544344559311867,0.37135523557662964,0.7553837895393372,0.027990195900201797
0.46543848514556885,0.7786746025085449,-9.788977450853054e-08,0.4733041524887085,0.6952589154243469,0.003906749188899994,0.4591997265815735,0.6280289888381958,0.0039019258692860603,0.4169963002204895,0.5966182947158813,0.003002887824550271,0.38266250491142273,0.5894907712936401,0.0026832190342247486,0.39130905270576477,0.6059776544570923,0.0026172639336436987,0.3514624536037445,0.585913360118866,0.002761660609394312,0.36142659187316895,0.6062281131744385,0.001554864109493792,0.3804692029953003,0.6214657425880432,0.0016314462991431355,0.3637819290161133,0.6448282599449158,0.0002844751870725304,0.33313727378845215,0.6252852082252502,0.008541426621377468,0.3461725115776062,0.6437922120094299,0.011243346147239208,0.36534398794174194,0.6567724943161011,0.01075709704309702,0.34629660844802856,0.6889389753341675,-0.0009396542445756495,0.31820788979530334,0.664760172367096,0.0065511679276824,0.3320823311805725,0.679336428642273,0.013565878383815289,0.3517134487628937,0.6924097537994385,0.015538827516138554,0.3358333706855774,0.734392523765564,-0.0017209931975230575,0.310055136680603,0.7066895961761475,0.00447496771812439,0.3241123557090759,0.7154176831245422,0.014787825755774975,0.34170398116111755,0.7279078364372253,0.022466253489255905
0.450832337141037,0.7669075131416321,-1.5818315546312078e-07,0.4638214707374573,0.6879370212554932,0.005376040004193783,0.4520071744918823,0.6191034317016602,0.0075632063671946526,0.4108036756515503,0.5898568034172058,0.008465176448225975,0.37817883491516113,0.5880904793739319,0.009484581649303436,0.380484938621521,0.5964801907539368,0.006146952509880066,0.3434303402900696,0.5809571743011475,0.007462687790393829,0.35301288962364197,0.6019086241722107,0.006056282203644514,0.37091803550720215,0.6183887720108032,0.005524232517927885,0.3516646921634674,0.6342803239822388,0.0032578343525528908,0.32457345724105835,0.6243963837623596,0.013407216407358646,0.3374427556991577,0.6427057981491089,0.016395047307014465,0.35539543628692627,0.6541158556938171,0.015242437832057476,0.33413395285606384,0.6786901950836182,0.0013282356085255742,0.3097116947174072,0.6633810997009277,0.008898066356778145,0.3237556517124176,0.6781034469604492,0.014540846459567547,0.3430822789669037,0.6910895705223083,0.015288879163563251,0.3233168423175812,0.7257894277572632,-3.8051748560974374e-05,0.30042755603790283,0.7060386538505554,0.005952643230557442,0.31449463963508606,0.7148597836494446,0.015224180184304714,0.33159613609313965,0.7262986898422241,0.021898439154028893
0.4166989028453827,0.7569632530212402,-9.227179731396973e-08,0.42979541420936584,0.6837095022201538,0.0058601186610758305,0.42058077454566956,0.616105318069458,0.008177137933671474,0.38610878586769104,0.5872712135314941,0.008853930979967117,0.35763928294181824,0.5953792333602905,0.009463992901146412,0.3426225483417511,0.589721143245697,0.011552018113434315,0.3126634359359741,0.57674241065979,0.01376281026750803,0.3221155107021332,0.5986679792404175,0.011084125377237797,0.34134259819984436,0.6151859164237976,0.009285964071750641,0.3151184320449829,0.6244187355041504,0.00813594926148653,0.29519349336624146,0.6200411319732666,0.017572995275259018,0.30856770277023315,0.6410636901855469,0.01809309422969818,0.3281599283218384,0.6535306572914124,0.01593691110610962,0.2989439368247986,0.6679690480232239,0.00546938506886363,0.2805110216140747,0.6599128842353821,0.012795133516192436,0.2940121591091156,0.677773118019104,0.01653590239584446,0.31336894631385803,0.6895908117294312,0.016501473262906075,0.289285272359848,0.713447630405426,0.003226137487217784,0.2736571729183197,0.7016503810882568,0.009463529102504253,0.28777211904525757,0.7145146727561951,0.017861736938357353,0.3051573634147644,0.725892186164856,0.024128278717398643
0.3983972668647766,0.75893235206604,-1.1401844801639527e-07,0.41351673007011414,0.6843159794807434,0.009523817338049412,0.4023689925670624,0.6212183833122253,0.01638631895184517,0.3722170293331146,0.5923869609832764,0.021059943363070488,0.3516603410243988,0.572527289390564,0.02585720643401146,0.3237497806549072,0.5927761197090149,0.020101983100175858,0.2929096221923828,0.5814992785453796,0.02900478057563305,0.29800552129745483,0.6013915538787842,0.03165103867650032,0.31315183639526367,0.6167043447494507,0.032805435359478,0.2967374324798584,0.6284236907958984,0.01645035482943058,0.2751595377922058,0.624625563621521,0.029527932405471802,0.286527544260025,0.6448616981506348,0.031364601105451584,0.3051799535751343,0.656220018863678,0.03026025928556919,0.28161361813545227,0.672912061214447,0.01383114606142044,0.2606150805950165,0.6635863184928894,0.021453728899359703,0.2744140028953552,0.6815428733825684,0.024033451452851295,0.29388338327407837,0.6941893100738525,0.023820819333195686,0.27305084466934204,0.7213262319564819,0.012220403179526329,0.2542489171028137,0.7091926336288452,0.016564378514885902,0.26911160349845886,0.7213515639305115,0.023057008162140846,0.28710517287254333,0.7316034436225891,0.028664348646998405
0.3919684588909149,0.7592062950134277,-1.5598402569594327e-07,0.40346771478652954,0.6865069270133972,0.008789733052253723,0.39389297366142273,0.6212632656097412,0.012869262136518955,0.3626973032951355,0.595805823802948,0.015191927552223206,0.3385227918624878,0.5948998928070068,0.017177114263176918,0.31633639335632324,0.5979242324829102,0.011309764347970486,0.284824401140213,0.5885931849479675,0.01563071459531784,0.2919451594352722,0.6088735461235046,0.015911612659692764,0.308430016040802,0.6243416666984558,0.01602412387728691,0.29047733545303345,0.6348643898963928,0.006878151558339596,0.26829662919044495,0.6323494911193848,0.016658462584018707,0.2802219092845917,0.6510764360427856,0.01820710301399231,0.29892387986183167,0.6627328395843506,0.016882361844182014,0.27584853768348694,0.6796274781227112,0.003853746224194765,0.25499045848846436,0.670600175857544,0.010167459957301617,0.26882386207580566,0.6867347955703735,0.013827713206410408,0.2883690595626831,0.6985077261924744,0.014225623570382595,0.26804396510124207,0.7272056341171265,0.0018385263392701745,0.2484448254108429,0.7139763832092285,0.006312037352472544,0.2629214823246002,0.7262241840362549,0.014291905798017979,0.2802348732948303,0.7364338636398315,0.02069723978638649
0.36204588413238525,0.7804473638534546,-5.819221726710566e-08,0.37834903597831726,0.701622486114502,0.0007027992978692055,0.36632609367370605,0.6322879791259766,0.001821987796574831,0.33070608973503113,0.6078092455863953,0.0028446640353649855,0.3058769106864929,0.6294187307357788,0.004190423060208559,0.2863428294658661,0.6179364919662476,0.003864684607833624,0.2602942883968353,0.6044236421585083,0.005625066813081503,0.2719186544418335,0.6247486472129822,0.003752712393179536,0.28897878527641296,0.6421404480934143,0.002254786202684045,0.25816020369529724,0.6554043292999268,0.0025942823849618435,0.24555417895317078,0.6498929262161255,0.012533092871308327,0.2613978385925293,0.6674149632453918,0.0143914008513093,0.2781561613082886,0.6802440881729126,0.012542570009827614,0.2423202395439148,0.699792206287384,0.0018601135816425085,0.2348805069923401,0.6934379935264587,0.009699606336653233,0.24981489777565002,0.7060402035713196,0.012700431048870087,0.26741620898246765,0.7185075879096985,0.011635367758572102,0.23259955644607544,0.7446080446243286,0.001052367384545505,0.22774480283260345,0.7348395586013794,0.007304847240447998,0.24337100982666016,0.7443089485168457,0.014258666895329952,0.2591065764427185,0.7550594806671143,0.019084351137280464
0.3580290377140045,0.7852503657341003,-1.195628840378049e-07,0.37239426374435425,0.7051306962966919,0.005963936913758516,0.35569697618484497,0.634347140789032,0.01055141817778349,0.31647199392318726,0.613455593585968,0.014642216265201569,0.28965142369270325,0.637589693069458,0.018441475927829742,0.2758829593658447,0.624761700630188,0.009735067375004292,0.25176310539245605,0.614335298538208,0.016207091510295868,0.2613716125488281,0.6320489048957825,0.017344722524285316,0.27782130241394043,0.6479719281196594,0.01749439723789692,0.24715623259544373,0.6640534400939941,0.008177043870091438,0.2393491566181183,0.6631381511688232,0.02236575447022915,0.2552190124988556,0.6777741312980652,0.02477063238620758,0.27250826358795166,0.6891459822654724,0.022781604900956154,0.23275913298130035,0.7099878787994385,0.007944346405565739,0.2289143204689026,0.705508291721344,0.018923722207546234,0.24548198282718658,0.7155792713165283,0.02099950611591339,0.26348447799682617,0.7264145016670227,0.018694879487156868,0.22546453773975372,0.7562867403030396,0.00834873877465725,0.2226598560810089,0.7479912042617798,0.016983557492494583,0.23898255825042725,0.7560350298881531,0.02365397848188877,0.2541358470916748,0.7652316689491272,0.02780918776988983
0.35192665457725525,0.7930698990821838,-1.3187717229357077e-07,0.3667256236076355,0.7144692540168762,0.00392006803303957,0.3521992266178131,0.645121693611145,0.006905050482600927,0.3140704035758972,0.6203790307044983,0.009620478376746178,0.2877478301525116,0.6405792832374573,0.012029583565890789,0.27354076504707336,0.6385293006896973,0.004366541281342506,0.24456611275672913,0.6239376664161682,0.008923906832933426,0.253313273191452,0.6415817737579346,0.009727762080729008,0.26973697543144226,0.6571058630943298,0.009787368588149548,0.24735745787620544,0.6785998940467834,0.0027858829125761986,0.23164738714694977,0.6700475811958313,0.014421247877180576,0.24631527066230774,0.6847719550132751,0.017053451389074326,0.26349425315856934,0.6967995166778564,0.015407131984829903,0.23426900804042816,0.7245282530784607,0.0025334064848721027,0.22149012982845306,0.7116298079490662,0.0106336185708642,0.23727963864803314,0.7235826849937439,0.014085771515965462,0.25556087493896484,0.7364174723625183,0.013229245319962502,0.2274440973997116,0.7711766362190247,0.002910669893026352,0.2137279510498047,0.7550867199897766,0.008698467165231705,0.23014716804027557,0.7640112638473511,0.01616945117712021,0.24711425602436066,0.7747264504432678,0.021224724128842354
0.34958377480506897,0.8029475212097168,-1.0223115509688796e-07,0.3641568124294281,0.7211471796035767,0.0009639289346523583,0.34357309341430664,0.6490632891654968,0.004519674926996231,0.303275465965271,0.6326377391815186,0.008169736713171005,0.2773168385028839,0.6580544114112854,0.011974135413765907,0.25743651390075684,0.6468315124511719,0.009295891970396042,0.2379012554883957,0.6368734240531921,0.013395787216722965,0.25181636214256287,0.6529417634010315,0.01165293250232935,0.2687967121601105,0.6660008430480957,0.00947472546249628,0.23223039507865906,0.6892244815826416,0.008752739056944847,0.22617071866989136,0.6843019723892212,0.01922347955405712,0.24444109201431274,0.6964933276176453,0.019776156172156334,0.26223403215408325,0.7081393599510193,0.017354808747768402,0.22113151848316193,0.7362040281295776,0.008628739044070244,0.2168847620487213,0.7280351519584656,0.014831860549747944,0.23508411645889282,0.7364888787269592,0.016078690066933632,0.25335749983787537,0.7475900053977966,0.014642840251326561,0.21686679124832153,0.7820606231689453,0.008661293424665928,0.21411961317062378,0.7720201015472412,0.012458975426852703,0.23170247673988342,0.7785569429397583,0.017823170870542526,0.2468641996383667,0.7870219945907593,0.022040411829948425
0.34962552785873413,0.8653774261474609,-1.0546600748284618e-07,0.36433735489845276,0.7776721715927124,0.005866856314241886,0.3356958329677582,0.704248309135437,0.015252207405865192,0.2960694134235382,0.6802312731742859,0.024093955755233765,0.27475279569625854,0.7064269185066223,0.0326785109937191,0.24895137548446655,0.712441623210907,0.0211991835385561,0.22394949197769165,0.7066670060157776,0.031744591891765594,0.2388617843389511,0.7180293202400208,0.033041875809431076,0.25841617584228516,0.7263312339782715,0.0323587991297245,0.22576752305030823,0.7571799159049988,0.020601239055395126,0.21950164437294006,0.753075122833252,0.037814926356077194,0.23940414190292358,0.760187029838562,0.03823546692728996,0.25776487588882446,0.7697264552116394,0.034506905823946,0.2179223746061325,0.8060177564620972,0.020778724923729897,0.21500155329704285,0.7963005304336548,0.03386053070425987,0.23362813889980316,0.7987921237945557,0.033318888396024704,0.2519189715385437,0.8085044622421265,0.02898888662457466,0.21791702508926392,0.8523226976394653,0.021288549527525902,0.21591055393218994,0.839451789855957,0.031460780650377274,0.23267468810081482,0.8424579501152039,0.03656551614403725,0.24710310995578766,0.8495734930038452,0.03899255394935608
0.3509608209133148,0.8746880292892456,-1.1920524656261478e-07,0.3610798716545105,0.7871788740158081,0.0006290283054113388,0.3328593373298645,0.7149141430854797,0.004727907013148069,0.28864800930023193,0.6956675052642822,0.009281941689550877,0.265217125415802,0.7250205874443054,0.013808750547468662,0.24223925173282623,0.7335450649261475,0.007454955484718084,0.2212187498807907,0.7219013571739197,0.012162938714027405,0.23790711164474487,0.7342404723167419,0.01067403145134449,0.25713226199150085,0.7456974983215332,0.008592350408434868,0.2225705236196518,0.7826343774795532,0.00806940346956253,0.21783412992954254,0.7720999121665955,0.019091326743364334,0.2388533651828766,0.7795358896255493,0.019257720559835434,0.2573871612548828,0.7904441356658936,0.01592867262661457,0.21795573830604553,0.8320566415786743,0.009443908929824829,0.2131282091140747,0.8179834485054016,0.017376156523823738,0.2317795306444168,0.820988655090332,0.018575580790638924,0.25045281648635864,0.8315205574035645,0.01630755141377449,0.21900372207164764,0.8773374557495117,0.0109924441203475,0.21381151676177979,0.8617307543754578,0.017089521512389183,0.23076924681663513,0.8637112379074097,0.022889038547873497,0.24593718349933624,0.8707025647163391,0.026589011773467064
0.3674229085445404,0.9049445390701294,-9.809998857690516e-08,0.37086495757102966,0.8174286484718323,-0.0007240396807901561,0.33881038427352905,0.7487573623657227,0.002525290008634329,0.29464593529701233,0.7298915386199951,0.006646879483014345,0.277433842420578,0.7616928815841675,0.011212839744985104,0.2509895861148834,0.779507577419281,0.004453425761312246,0.2300402969121933,0.7655338644981384,0.009517260827124119,0.2475491762161255,0.771303653717041,0.009005747735500336,0.2662543058395386,0.7799885272979736,0.007354983128607273,0.23444098234176636,0.8297975063323975,0.005149400793015957,0.22677455842494965,0.8139103651046753,0.017510002478957176,0.24768362939357758,0.8154634237289429,0.019251521676778793,0.2646206021308899,0.8248827457427979,0.016131164506077766,0.23278863728046417,0.8798556327819824,0.006526353303343058,0.22529588639736176,0.8614968657493591,0.016316110268235207,0.24369803071022034,0.8581071496009827,0.01787589117884636,0.2621213495731354,0.86698317527771,0.014718128368258476,0.23762424290180206,0.9248902201652527,0.007834156043827534,0.2300053983926773,0.9082786440849304,0.015325913205742836,0.2452448457479477,0.9043154716491699,0.02091050148010254,0.2605646252632141,0.9093592762947083,0.023461706936359406
0.3768543004989624,0.9146887063980103,-1.161331439902824e-07,0.3781755566596985,0.8297459483146667,-0.005295167677104473,0.3457176089286804,0.7600136995315552,-0.006625730078667402,0.29945626854896545,0.7438904047012329,-0.006577236577868462,0.2774842083454132,0.7771645188331604,-0.005734012462198734,0.26221686601638794,0.7919923663139343,-0.004751007072627544,0.23423075675964355,0.7834905982017517,-0.007744876202195883,0.25193527340888977,0.7938728332519531,-0.013399883173406124,0.27387577295303345,0.8029864430427551,-0.017119135707616806,0.24416273832321167,0.8437306880950928,-0.0036246178206056356,0.23371027410030365,0.8341044187545776,0.0008788268314674497,0.253116250038147,0.8375572562217712,-0.0007015853188931942,0.27208927273750305,0.845431923866272,-0.004258598666638136,0.24000141024589539,0.8945901989936829,-0.002238412154838443,0.23440147936344147,0.8798494935035706,0.0020011048763990402,0.25119420886039734,0.8784321546554565,0.003268027910962701,0.27019017934799194,0.8849470019340515,0.0016238042153418064,0.24255655705928802,0.9409275650978088,-0.0013872432755306363,0.23968449234962463,0.9246610403060913,0.002358773024752736,0.2554832994937897,0.9233164191246033,0.007353872526437044,0.2704710364341736,0.9279361367225647,0.010913192294538021
0.40862032771110535,0.9340788125991821,-8.132873574595578e-08,0.40640729665756226,0.8505073189735413,-0.007570543326437473,0.36919736862182617,0.7845348119735718,-0.008101939223706722,0.3196002244949341,0.7670695781707764,-0.007208320777863264,0.3004527986049652,0.8005870580673218,-0.004928222391754389,0.28749847412109375,0.8282837867736816,0.0005722077330574393,0.25719496607780457,0.8104428052902222,0.0016946495743468404,0.27774474024772644,0.8114063143730164,-0.0014138880651444197,0.2981660068035126,0.8165372610092163,-0.004518485628068447,0.27732399106025696,0.8814425468444824,0.002601683372631669,0.2559921443462372,0.8575032949447632,0.00938705075532198,0.27647697925567627,0.8534882664680481,0.008623259142041206,0.2945624589920044,0.861534059047699,0.005062473472207785,0.2794444262981415,0.9295073747634888,0.004330124240368605,0.25842544436454773,0.9051808714866638,0.009298933669924736,0.27474620938301086,0.8985699415206909,0.011013494804501534,0.29379668831825256,0.9066176414489746,0.009423800744116306,0.28676289319992065,0.9715039730072021,0.005306755192577839,0.2646021544933319,0.946744978427887,0.009494375437498093,0.27729532122612,0.9394553899765015,0.015467148274183273,0.2933932840824127,0.9430501461029053,0.019096970558166504
0.43021756410598755,0.9327251315116882,-7.765333975839894e-08,0.42379140853881836,0.8501565456390381,-0.005872893612831831,0.38316062092781067,0.7891150712966919,-0.006821916904300451,0.32972264289855957,0.7732943296432495,-0.005565013270825148,0.3094633221626282,0.8087692260742188,-0.0028327880427241325,0.3016836643218994,0.8363897204399109,-0.002817190485075116,0.2707565426826477,0.8144616484642029,-0.0005390486912801862,0.2914663553237915,0.8145380020141602,-0.0020186963956803083,0.31132107973098755,0.8219736218452454,-0.0038332524709403515,0.29025518894195557,0.8880501389503479,-0.00028624272090382874,0.2686535120010376,0.8605992794036865,0.008653241209685802,0.2883334755897522,0.8551732897758484,0.009049812331795692,0.30519986152648926,0.8636581897735596,0.005853285081684589,0.29307833313941956,0.9337797164916992,0.0028241719119250774,0.27121874690055847,0.9076349139213562,0.010215620510280132,0.2871242165565491,0.8989666700363159,0.013056710362434387,0.3060116469860077,0.9061305522918701,0.011559511534869671,0.30167537927627563,0.9732803106307983,0.005581389646977186,0.28052622079849243,0.9494730830192566,0.011819100938737392,0.2930963337421417,0.9407464265823364,0.018937619403004646,0.30882179737091064,0.943649172782898,0.023112110793590546
0.43806445598602295,0.9334315657615662,-5.6359901634550624e-08,0.43074074387550354,0.8510197997093201,-0.0049401335418224335,0.3929527699947357,0.7912497520446777,-0.006773841101676226,0.34019890427589417,0.7746424078941345,-0.0069215125404298306,0.31520310044288635,0.8049955368041992,-0.005364003591239452,0.31690847873687744,0.8359525203704834,-0.005057643633335829,0.2761504054069519,0.8191417455673218,-0.0056031132116913795,0.294794499874115,0.816974401473999,-0.0071008638478815556,0.31496626138687134,0.8215593695640564,-0.00794671569019556,0.3055397868156433,0.8893485069274902,-0.0032542392145842314,0.2747950553894043,0.8634423017501831,0.0031774798408150673,0.29444387555122375,0.8577168583869934,0.004790871404111385,0.3125862777233124,0.8649941086769104,0.0031418504659086466,0.30675628781318665,0.9368176460266113,-0.0009898367570713162,0.2794218361377716,0.9107916951179504,0.005686215590685606,0.2953360080718994,0.9033475518226624,0.01138311717659235,0.3143395185470581,0.9096909165382385,0.011963866651058197,0.3129037916660309,0.9770991802215576,0.0008698608144186437,0.28906792402267456,0.95020592212677,0.007732149213552475,0.3021458685398102,0.9436299204826355,0.01656605303287506,0.3173285722732544,0.9472686648368835,0.021976308897137642
0.4655122756958008,0.930801510810852,-1.2643174507331878e-08,0.4551054537296295,0.8508236408233643,-0.009893840178847313,0.4169839024543762,0.7921180129051208,-0.014053992927074432,0.3670092821121216,0.7766692042350769,-0.016324482858181,0.3406446874141693,0.8034524917602539,-0.016644446179270744,0.3410569131374359,0.8418347835540771,-0.008055892772972584,0.2995028793811798,0.8214041590690613,-0.012869455851614475,0.31244826316833496,0.8174648880958557,-0.016541317105293274,0.33159369230270386,0.821155309677124,-0.018093690276145935,0.3308800160884857,0.8955069184303284,-0.0056547559797763824,0.294154554605484,0.8680684566497803,-0.005233076401054859,0.3094047009944916,0.8592999577522278,-0.0062047806568443775,0.3283613622188568,0.8652570247650146,-0.0080732936039567,0.3315904438495636,0.943213701248169,-0.0037319865077733994,0.3007850646972656,0.9172029495239258,-0.002112411893904209,0.3136656880378723,0.9063456654548645,0.000847345741931349,0.33274608850479126,0.9110432267189026,0.0011327681131660938,0.3387566804885864,0.9831990003585815,-0.002720239106565714,0.3127288222312927,0.9577707052230835,-0.00015302693645935506,0.3216317296028137,0.9468767046928406,0.005689830984920263,0.33616602420806885,0.9479433298110962,0.009845828637480736
0.4741664528846741,0.9295529723167419,-2.6949242837304155e-08,0.4629320204257965,0.8471785187721252,-0.00524681294336915,0.4243081212043762,0.7885304689407349,-0.007149849086999893,0.3727492690086365,0.7729772329330444,-0.008074428886175156,0.3433433771133423,0.797843873500824,-0.006750759668648243,0.3522738814353943,0.8376992344856262,0.000300945044727996,0.30448025465011597,0.8184556365013123,-0.0037688096053898335,0.3222232460975647,0.8155338168144226,-0.008516483008861542,0.34346726536750793,0.8225499987602234,-0.010480646044015884,0.34230613708496094,0.8909779191017151,0.0012129027163609862,0.3002867102622986,0.865123987197876,0.0027952517848461866,0.31657394766807556,0.8559051752090454,0.0008800957002677023,0.33531472086906433,0.862845242023468,-0.0014226430794224143,0.3429713547229767,0.9386266469955444,0.0017784030642360449,0.3062232434749603,0.9134502410888672,0.00464434502646327,0.3200022876262665,0.9017959237098694,0.00886888150125742,0.338741660118103,0.9068505764007568,0.010247364640235901,0.3490373492240906,0.9792873859405518,0.0018960669403895736,0.31534436345100403,0.953696072101593,0.0065561882220208645,0.32593923807144165,0.9438337683677673,0.015134218148887157,0.3413398861885071,0.9462500810623169,0.02144073136150837
0.5047218799591064,0.919722855091095,-1.3607888149635983e-07,0.4940266013145447,0.8291216492652893,-0.007286179810762405,0.4509407579898834,0.7664169073104858,-0.010995961725711823,0.39639270305633545,0.752335250377655,-0.012700610794126987,0.3695017695426941,0.7836884260177612,-0.012568064965307713,0.38823774456977844,0.806429386138916,-0.014678793027997017,0.3382440507411957,0.7843523025512695,-0.022530704736709595,0.35880666971206665,0.7883509397506714,-0.027688926085829735,0.38153114914894104,0.7967719435691833,-0.029857559129595757,0.3729599118232727,0.8652682304382324,-0.01386827602982521,0.3265143632888794,0.835945725440979,-0.014746180735528469,0.3468269407749176,0.8325507640838623,-0.013910138048231602,0.3691839575767517,0.8424037098884583,-0.014140522107481956,0.3687126636505127,0.9189766645431519,-0.012833616696298122,0.3287559151649475,0.8898074626922607,-0.010726806707680225,0.3472784161567688,0.8828639984130859,-0.004027921706438065,0.36900824308395386,0.89094477891922,-0.0012535173445940018,0.372078001499176,0.9637198448181152,-0.012358923442661762,0.3390413522720337,0.9330942630767822,-0.008479934185743332,0.3538093566894531,0.9256972670555115,0.0011117811081930995,0.37177610397338867,0.9311105608940125,0.00784897431731224
0.5055525302886963,0.9155470132827759,-7.332698004347549e-08,0.4952608644962311,0.8223093748092651,-0.0036403080448508263,0.458096444606781,0.7555912733078003,-0.008418572135269642,0.40386053919792175,0.7438624501228333,-0.011860152706503868,0.3727054297924042,0.7732425928115845,-0.013819320127367973,0.3953547775745392,0.7966435551643372,-0.015488849952816963,0.34020793437957764,0.7766713500022888,-0.02356671914458275,0.36116018891334534,0.7808108925819397,-0.028321925550699234,0.38519227504730225,0.7896683216094971,-0.029669279232621193,0.37984997034072876,0.8551039099693298,-0.016324365511536598,0.3307706117630005,0.8250550627708435,-0.01417374238371849,0.35047727823257446,0.8215214014053345,-0.011111541651189327,0.37109753489494324,0.8307671546936035,-0.011031399480998516,0.37506353855133057,0.9075879454612732,-0.016256188973784447,0.3335607945919037,0.876613438129425,-0.01160582434386015,0.3519090414047241,0.8706129193305969,-0.0017775822198018432,0.3727605640888214,0.8788381814956665,0.0019771556835621595,0.37744051218032837,0.9529892206192017,-0.01639518514275551,0.34215015172958374,0.9184001684188843,-0.010584723204374313,0.3580865263938904,0.9127985239028931,0.0018385532312095165,0.3758963346481323,0.9202250242233276,0.010223651304841042
0.5105855464935303,0.909136176109314,-8.457410416440325e-08,0.5000587105751038,0.8138340711593628,-0.003869498847052455,0.46053123474121094,0.747002124786377,-0.008447013795375824,0.4063856899738312,0.7351905107498169,-0.011790690012276173,0.3758452832698822,0.7645128965377808,-0.013811644166707993,0.4014767110347748,0.7864459753036499,-0.014540855772793293,0.3488711714744568,0.7639647722244263,-0.02448360249400139,0.3704320192337036,0.7678758502006531,-0.031001105904579163,0.39497023820877075,0.7780566215515137,-0.03332400694489479,0.38523420691490173,0.8463612198829651,-0.015749210491776466,0.33577337861061096,0.8131611347198486,-0.01622471772134304,0.35689249634742737,0.8094475269317627,-0.015144710429012775,0.37903067469596863,0.8210608959197998,-0.015704132616519928,0.3795163333415985,0.8995909690856934,-0.01627616584300995,0.33672964572906494,0.8666290044784546,-0.013712998479604721,0.35718977451324463,0.8595946431159973,-0.004820562433451414,0.37896618247032166,0.8685964345932007,-0.0010423533385619521,0.38122785091400146,0.9444489479064941,-0.017019866034388542,0.3481721878051758,0.9102519750595093,-0.012619010172784328,0.3652040362358093,0.9032793045043945,-0.0008795429021120071,0.38295552134513855,0.9111777544021606,0.007266121916472912
0.5165813565254211,0.8647524118423462,-1.6684836623426236e-07,0.5110906362533569,0.7729448080062866,0.004239625763148069,0.4786374270915985,0.7018834352493286,0.0038014373276382685,0.43115875124931335,0.6839208602905273,0.0023561466950923204,0.40281835198402405,0.7032354474067688,0.00143415667116642,0.41527366638183594,0.7188405990600586,-0.0030582421459257603,0.36960309743881226,0.6979821920394897,-0.00713230948895216,0.38415515422821045,0.7115570306777954,-0.009784482419490814,0.40528473258018494,0.723889946937561,-0.010119594633579254,0.39416611194610596,0.7709723114967346,-0.007525114342570305,0.3522319197654724,0.7420192360877991,-0.002708938205614686,0.3685901165008545,0.7491298913955688,0.00027267937548458576,0.38914650678634644,0.7614631652832031,0.0005982198053970933,0.3839679956436157,0.8235400319099426,-0.010776239447295666,0.3421875238418579,0.790687084197998,-0.004658630583435297,0.36024510860443115,0.7926143407821655,0.0037940433248877525,0.3826359212398529,0.8032597303390503,0.006786152720451355,0.38196897506713867,0.8735553622245789,-0.013531455770134926,0.3464217483997345,0.840460479259491,-0.007140356581658125,0.3622593283653259,0.8385253548622131,0.0049017854034900665,0.3808862566947937,0.8479324579238892,0.013214646838605404
0.5162429809570312,0.8446436524391174,-1.3742956639362092e-07,0.5144038796424866,0.75874924659729,0.005974336992949247,0.48726513981819153,0.6863649487495422,0.007164734415709972,0.44092312455177307,0.6616787910461426,0.007555642630904913,0.41256842017173767,0.6856701374053955,0.008381227031350136,0.41581499576568604,0.6977888345718384,0.0005826642736792564,0.36892837285995483,0.6796929240226746,0.0008025474962778389,0.38116687536239624,0.6961768269538879,0.0001085242402041331,0.4021078944206238,0.7102895975112915,0.0004916751058772206,0.39437711238861084,0.7450423836708069,-0.002960462588816881,0.3550336956977844,0.7274640798568726,0.006505214609205723,0.37053820490837097,0.7376068830490112,0.011264713481068611,0.3897784650325775,0.7468960285186768,0.01145697571337223,0.3838892877101898,0.7955127358436584,-0.005005237180739641,0.3452220559120178,0.772763729095459,0.00301479734480381,0.36228489875793457,0.7785929441452026,0.011150195263326168,0.3836990296840668,0.7888325452804565,0.013413245789706707,0.3807581067085266,0.8463350534439087,-0.00626806216314435,0.3460398316383362,0.8194864392280579,0.0011514442740008235,0.36055248975753784,0.8213884830474854,0.012924176640808582,0.37857863306999207,0.8300240635871887,0.02070946991443634
0.5034040808677673,0.8141024708747864,-1.640662503632484e-07,0.5092538595199585,0.7304037809371948,0.009012043476104736,0.49026718735694885,0.6589533090591431,0.013219661079347134,0.4475246071815491,0.6308150291442871,0.015797335654497147,0.4211582541465759,0.646831214427948,0.0186991598457098,0.4123731851577759,0.6531209945678711,0.010143832303583622,0.37086549401283264,0.6362858414649963,0.015991486608982086,0.3808666467666626,0.6560101509094238,0.018604934215545654,0.39967605471611023,0.6697131395339966,0.020186226814985275,0.38784122467041016,0.6949025988578796,0.0063678063452243805,0.35377317667007446,0.6799906492233276,0.019585713744163513,0.36779263615608215,0.6966512203216553,0.024657536298036575,0.38652658462524414,0.7067276835441589,0.024783184751868248,0.37461599707603455,0.7420269846916199,0.004270646255463362,0.34122297167778015,0.7221906781196594,0.015262150205671787,0.35646766424179077,0.735244870185852,0.02252286486327648,0.3772055208683014,0.747546374797821,0.023677008226513863,0.3684273064136505,0.7912599444389343,0.0030154434498399496,0.33949247002601624,0.7685290575027466,0.012601073831319809,0.35409778356552124,0.7750755548477173,0.02395932748913765,0.37298035621643066,0.7858676910400391,0.03129000589251518
0.49752748012542725,0.7973500490188599,-1.6539803482373827e-07,0.5048925280570984,0.7198232412338257,0.007158880587667227,0.4880647361278534,0.6495939493179321,0.009939455427229404,0.44754743576049805,0.6233958005905151,0.01133249793201685,0.4210663437843323,0.6348764300346375,0.012867228128015995,0.4085783362388611,0.6382494568824768,0.006802530027925968,0.3681267201900482,0.6240255832672119,0.009322837926447392,0.3787168562412262,0.6441662907600403,0.009071652777493,0.39815640449523926,0.6599962115287781,0.009119002148509026,0.38345879316329956,0.6806147694587708,0.0031098956242203712,0.35304850339889526,0.666854977607727,0.012616287916898727,0.3676373362541199,0.6840329766273499,0.015130069106817245,0.38728219270706177,0.6958316564559937,0.014190624468028545,0.36985987424850464,0.727497398853302,0.0008438507211394608,0.3416686952114105,0.7077265381813049,0.008409264497458935,0.3561868667602539,0.7196908593177795,0.013343092054128647,0.3767312467098236,0.7325543761253357,0.013993707485496998,0.3628996014595032,0.7753756642341614,-0.0006221536896191537,0.3383829593658447,0.7532800436019897,0.006090404465794563,0.35107195377349854,0.7597293257713318,0.015285425819456577,0.3677937984466553,0.7695599794387817,0.02179255336523056
0.49369797110557556,0.785298228263855,-1.321263169984377e-07,0.5031452178955078,0.7101712822914124,0.0051950751803815365,0.48671209812164307,0.6428519487380981,0.007394950836896896,0.4494050443172455,0.6159785985946655,0.008448822423815727,0.42279571294784546,0.6176868677139282,0.010050374083220959,0.40529295802116394,0.6281471252441406,0.007393527310341597,0.36810383200645447,0.6128218770027161,0.009685009717941284,0.37645602226257324,0.6315088272094727,0.0085827661678195,0.39391201734542847,0.6461315751075745,0.007974604144692421,0.3812352120876312,0.6704413890838623,0.004450758919119835,0.35009294748306274,0.651901364326477,0.013443504460155964,0.3611282706260681,0.6660821437835693,0.015395165421068668,0.3790743947029114,0.6788427233695984,0.014240719377994537,0.3683416247367859,0.7174274921417236,0.00254462705925107,0.33773478865623474,0.6944608688354492,0.009829213842749596,0.34911561012268066,0.7030982375144958,0.014557711780071259,0.3682204782962799,0.7155112624168396,0.015343575738370419,0.3624512851238251,0.7656030654907227,0.0011988567421212792,0.33372753858566284,0.7427310943603516,0.008181731216609478,0.3420584201812744,0.7438198328018188,0.017332183197140694,0.356827974319458,0.7506565451622009,0.023815108463168144
0.4791525602340698,0.776640772819519,-1.5208622983209352e-07,0.4919343888759613,0.7022699117660522,0.0026451735757291317,0.47953739762306213,0.6333003640174866,0.002444982761517167,0.4400789737701416,0.6054562926292419,0.0017147455364465714,0.41009071469306946,0.6101229190826416,0.001492196461185813,0.4002964198589325,0.6155171394348145,0.002361782593652606,0.36423924565315247,0.6012275815010071,0.002468185732141137,0.3749043345451355,0.622305691242218,-2.1184736397117376e-05,0.39337483048439026,0.6385674476623535,-0.0012853798689320683,0.372791588306427,0.6557571887969971,0.0001783912885002792,0.3457490801811218,0.6398925185203552,0.008387943729758263,0.3599392771720886,0.6578603982925415,0.009977694600820541,0.3788094222545624,0.6723057627677917,0.008431692607700825,0.357218474149704,0.700657069683075,-0.0010164257837459445,0.33225661516189575,0.6810271143913269,0.00533391023054719,0.34746554493904114,0.6945129036903381,0.009954815730452538,0.3678453266620636,0.7091290950775146,0.01047094352543354,0.3483973741531372,0.7468162775039673,-0.0017698515439406037,0.3258182406425476,0.723922073841095,0.0035898499190807343,0.340289831161499,0.7321598529815674,0.012468481436371803,0.3582538068294525,0.7448036074638367,0.018935084342956543
0.44658318161964417,0.7587500810623169,-9.646494447679288e-08,0.4589212238788605,0.6781467795372009,0.0074048456735908985,0.44777002930641174,0.6091992855072021,0.011877303943037987,0.4094576835632324,0.5811104774475098,0.01564040593802929,0.37862706184387207,0.5821524858474731,0.019760996103286743,0.37160563468933105,0.5782683491706848,0.013235444203019142,0.34283843636512756,0.566399335861206,0.022510454058647156,0.35067176818847656,0.5861063003540039,0.025792362168431282,0.3662244379520416,0.6023571491241455,0.027350103482604027,0.3408429026603699,0.6145040988922119,0.011662323027849197,0.32412785291671753,0.6063363552093506,0.02742157131433487,0.3365475535392761,0.6265537142753601,0.0301582682877779,0.35369154810905457,0.6422255039215088,0.028697412461042404,0.32212376594543457,0.6583138108253479,0.011709297075867653,0.3067827820777893,0.6457947492599487,0.024569734930992126,0.3207189440727234,0.6623274683952332,0.028834804892539978,0.3389303684234619,0.6782508492469788,0.027970990166068077,0.3112780451774597,0.7052472829818726,0.012465977109968662,0.2966793179512024,0.6910610795021057,0.02191069908440113,0.3117048144340515,0.7021433115005493,0.03018851950764656,0.3279615342617035,0.7146406769752502,0.03585706651210785
0.41591182351112366,0.7510639429092407,-8.052040811890038e-08,0.430495023727417,0.6738764643669128,0.00453562056645751,0.41862040758132935,0.6045581698417664,0.007425515912473202,0.38114020228385925,0.5764214396476746,0.009353486821055412,0.35320401191711426,0.5847445726394653,0.011494570411741734,0.341508150100708,0.5843467712402344,0.009172994643449783,0.31479424238204956,0.5706179738044739,0.01243176031857729,0.3251080811023712,0.5915653705596924,0.011300748214125633,0.3427504301071167,0.609694242477417,0.010464992374181747,0.312930166721344,0.6214893460273743,0.00682741729542613,0.2955746054649353,0.6133844256401062,0.016980838030576706,0.3093818128108978,0.631568968296051,0.018328016623854637,0.3273414969444275,0.644484281539917,0.016426369547843933,0.2964309751987457,0.6654002070426941,0.00539389718323946,0.2814190983772278,0.6542187333106995,0.013256830163300037,0.2951870262622833,0.6688838601112366,0.016698861494660378,0.3138543665409088,0.6817992329597473,0.016138896346092224,0.2866874039173126,0.7099840044975281,0.004344175569713116,0.272815465927124,0.6950799226760864,0.01062258705496788,0.28690052032470703,0.7062628269195557,0.018405593931674957,0.3035619854927063,0.7180913090705872,0.02403530851006508
0.40527552366256714,0.7512482404708862,-1.4394126424122078e-07,0.422580748796463,0.6742047667503357,0.0056989360600709915,0.41069114208221436,0.604049026966095,0.009738423861563206,0.3750545084476471,0.5747906565666199,0.01281475555151701,0.3490646481513977,0.5784755349159241,0.01568850874900818,0.3313349187374115,0.5863667726516724,0.008933484554290771,0.3056531548500061,0.5788747072219849,0.015128803439438343,0.31795597076416016,0.5958520174026489,0.01646050065755844,0.33480358123779297,0.6092915534973145,0.01641843095421791,0.3053044080734253,0.625252366065979,0.005829830188304186,0.2884165346622467,0.6166017055511475,0.017244577407836914,0.3037773668766022,0.6317270398139954,0.019523700699210167,0.32150986790657043,0.6452128887176514,0.017917754128575325,0.29161781072616577,0.6704851984977722,0.004009065683931112,0.2739980220794678,0.6541730761528015,0.010748639702796936,0.28941741585731506,0.6665136218070984,0.014342546463012695,0.3080991208553314,0.6806976795196533,0.014196236617863178,0.2845993638038635,0.7179440259933472,0.0029701516032218933,0.264407217502594,0.6974248290061951,0.007071496918797493,0.2796945571899414,0.7063454389572144,0.014709406532347202,0.296590656042099,0.7186474800109863,0.020424334332346916
0.39808347821235657,0.7549617886543274,-1.3165805512471707e-07,0.41585803031921387,0.6836358308792114,0.004952741786837578,0.40644413232803345,0.61231529712677,0.009732713922858238,0.372590035200119,0.5807521343231201,0.014191465452313423,0.3462464213371277,0.5847975015640259,0.018954770639538765,0.32376089692115784,0.588760495185852,0.012448050081729889,0.29960525035858154,0.5786210298538208,0.021037589758634567,0.307817280292511,0.5975624322891235,0.023659722879529,0.32210829854011536,0.6135175824165344,0.024475954473018646,0.29469799995422363,0.6236435174942017,0.01131530199199915,0.2828207314014435,0.6209080219268799,0.025614004582166672,0.29626306891441345,0.6388847827911377,0.027970213443040848,0.31298527121543884,0.6519372463226318,0.02632373385131359,0.27851197123527527,0.6667690277099609,0.011357874609529972,0.26831451058387756,0.6581403017044067,0.02083566226065159,0.2829621434211731,0.6732616424560547,0.02307131327688694,0.3011065721511841,0.687237024307251,0.021620390936732292,0.26944708824157715,0.7124996185302734,0.01199844665825367,0.2600916922092438,0.7019456624984741,0.017805585637688637,0.274996280670166,0.7137112617492676,0.02369275689125061,0.2909035086631775,0.7250242233276367,0.0281785000115633
0.3674190044403076,0.7774419784545898,-1.5319489676812736e-08,0.38397330045700073,0.69656902551651,2.2978421839070506e-05,0.36815276741981506,0.6228696703910828,0.0021732691675424576,0.33118197321891785,0.6016346216201782,0.004166768863797188,0.31050804257392883,0.6340813636779785,0.0064349714666605,0.27956122159957886,0.618515133857727,0.01108558475971222,0.26436764001846313,0.6080387234687805,0.013226362876594067,0.2785344123840332,0.6264097690582275,0.008487344719469547,0.2953537702560425,0.6431162357330322,0.004588587675243616,0.2537686824798584,0.6580454111099243,0.010096883401274681,0.25054407119750977,0.6513282060623169,0.01960284262895584,0.26912567019462585,0.6657301187515259,0.018229547888040543,0.28511765599250793,0.679728627204895,0.014531451277434826,0.2416267991065979,0.7023940682411194,0.00929259229451418,0.23935657739639282,0.6935036778450012,0.01725184917449951,0.2562514543533325,0.7030425667762756,0.018436692655086517,0.2729642689228058,0.7166646718978882,0.016557203605771065,0.23638960719108582,0.746996283531189,0.008160596713423729,0.23265677690505981,0.7353696823120117,0.015156731009483337,0.24789077043533325,0.7422631978988647,0.02183266170322895,0.26164284348487854,0.7524582147598267,0.02643010951578617
0.3613772988319397,0.782967746257782,-9.961041058659248e-08,0.3774818181991577,0.7051435708999634,0.0020271013490855694,0.359733909368515,0.6326079964637756,0.005709565710276365,0.3217460811138153,0.6084194183349609,0.009443854913115501,0.2978818714618683,0.6342630982398987,0.013212104327976704,0.27941030263900757,0.6266225576400757,0.007906738668680191,0.25724345445632935,0.61610347032547,0.012722058221697807,0.2673409581184387,0.6324810981750488,0.012526432983577251,0.28301766514778137,0.64679354429245,0.011694743297994137,0.2520841956138611,0.6659149527549744,0.0075970860198140144,0.24238555133342743,0.6620312333106995,0.01920449733734131,0.25805142521858215,0.6758410334587097,0.020973600447177887,0.27483752369880676,0.6871581077575684,0.01905103027820587,0.23795631527900696,0.7106469869613647,0.008003132417798042,0.2316255420446396,0.7045126557350159,0.017007583752274513,0.24724020063877106,0.7142717242240906,0.019236434251070023,0.26514932513237,0.7254820466041565,0.017549946904182434,0.23066402971744537,0.7557604312896729,0.008544267155230045,0.22669149935245514,0.7474527955055237,0.0161468293517828,0.2421504259109497,0.7543025016784668,0.022502440959215164,0.2571825683116913,0.7631926536560059,0.02653089351952076
0.3505857288837433,0.8047916293144226,-9.466246808642609e-08,0.36462992429733276,0.7195659279823303,0.0051510995253920555,0.3423292338848114,0.6465036273002625,0.011534194462001324,0.3037143349647522,0.6252343654632568,0.017790602520108223,0.2866257429122925,0.6576681137084961,0.023833461105823517,0.254510760307312,0.6479105949401855,0.013409125618636608,0.24476434290409088,0.6419596076011658,0.021230848506093025,0.26209184527397156,0.65769362449646,0.020573697984218597,0.27875685691833496,0.670303463935852,0.018363025039434433,0.22989962995052338,0.6926025748252869,0.011545045301318169,0.23382535576820374,0.6863752007484436,0.02668755315244198,0.2539689540863037,0.6979208588600159,0.027703283354640007,0.2689881920814514,0.7113040089607239,0.02431953139603138,0.22082042694091797,0.7403444051742554,0.010855849832296371,0.22721287608146667,0.7316721081733704,0.022048046812415123,0.24621474742889404,0.7377868890762329,0.02270820364356041,0.2627807557582855,0.7494112849235535,0.01932789385318756,0.21858938038349152,0.7848609685897827,0.01049785502254963,0.22338613867759705,0.7734380960464478,0.017887895926833153,0.24179057776927948,0.7796165943145752,0.02338039129972458,0.25619634985923767,0.7889758348464966,0.026669031009078026
0.349894642829895,0.8030679821968079,-8.228535364196432e-08,0.361364483833313,0.7201492786407471,0.003297441639006138,0.33908677101135254,0.6509990096092224,0.008394292555749416,0.3018369674682617,0.6348021030426025,0.013050122186541557,0.2826448082923889,0.6647794842720032,0.017577338963747025,0.25327032804489136,0.6579723954200745,0.014539700001478195,0.2385474145412445,0.6549604535102844,0.020485464483499527,0.25194817781448364,0.669114887714386,0.01898360252380371,0.26850107312202454,0.6800944805145264,0.016953568905591965,0.23031991720199585,0.7015516757965088,0.013492546044290066,0.2278127372264862,0.7008070945739746,0.02659613825380802,0.2455659806728363,0.7117230296134949,0.026851825416088104,0.26262688636779785,0.7208679914474487,0.023611776530742645,0.22146646678447723,0.7484151124954224,0.01296154409646988,0.22111882269382477,0.7438027858734131,0.02203289046883583,0.2383420765399933,0.750228226184845,0.022557761520147324,0.2565065324306488,0.7588607668876648,0.019904594868421555,0.21908700466156006,0.7934163808822632,0.012646636925637722,0.21610736846923828,0.7862641215324402,0.01949659176170826,0.23239591717720032,0.7922106385231018,0.025212503969669342,0.24750478565692902,0.79906165599823,0.029009923338890076
0.34590989351272583,0.8138716816902161,-1.0546815332190818e-07,0.362185001373291,0.7325568795204163,0.003797774901613593,0.34117066860198975,0.6608564257621765,0.009626378305256367,0.30187132954597473,0.6384804844856262,0.01531289704144001,0.2827695310115814,0.6678279638290405,0.02083110436797142,0.25527915358543396,0.6673225164413452,0.013578591868281364,0.23809103667736053,0.6579273343086243,0.021588314324617386,0.2518954575061798,0.6721808910369873,0.022333256900310516,0.2681998610496521,0.6849668025970459,0.02155405655503273,0.23106279969215393,0.7112072110176086,0.01317579485476017,0.22627252340316772,0.7038334012031555,0.027965569868683815,0.24489767849445343,0.714329719543457,0.02973409928381443,0.26198989152908325,0.7250461578369141,0.027284177020192146,0.22157910466194153,0.7583411335945129,0.013555201701819897,0.2187574803829193,0.7489013075828552,0.024661846458911896,0.23645655810832977,0.7553994059562683,0.02616235800087452,0.2547362148761749,0.7657243013381958,0.023529604077339172,0.21879619359970093,0.8035431504249573,0.01427602767944336,0.21572750806808472,0.7933191061019897,0.02320464514195919,0.23226505517959595,0.7992141842842102,0.02923160418868065,0.24696007370948792,0.8068997263908386,0.03257900848984718
0.34817323088645935,0.8222922682762146,-1.1058653370810134e-07,0.3638101816177368,0.7376750111579895,0.0027689689304679632,0.3404434025287628,0.667121171951294,0.0075165145099163055,0.3010225296020508,0.6481660008430481,0.012316602282226086,0.27928438782691956,0.6773991584777832,0.0167738888412714,0.24895483255386353,0.6734280586242676,0.011498671025037766,0.2375805526971817,0.6677333116531372,0.017445210367441177,0.25397881865501404,0.68129962682724,0.016018282622098923,0.2707161009311676,0.6922957301139832,0.013771644793450832,0.22520436346530914,0.7195760607719421,0.01101885549724102,0.22574621438980103,0.7118957042694092,0.023682639002799988,0.24684280157089233,0.7222771048545837,0.02396921068429947,0.26472288370132446,0.7345333695411682,0.020789284259080887,0.21707016229629517,0.7681785225868225,0.011359881609678268,0.2180396467447281,0.7566370964050293,0.020115574821829796,0.2375737875699997,0.7624552845954895,0.020818300545215607,0.25595736503601074,0.7736544013023376,0.018248839303851128,0.21653231978416443,0.8136450052261353,0.012053806334733963,0.21627682447433472,0.8006117939949036,0.018831972032785416,0.23384344577789307,0.8053470849990845,0.024492446333169937,0.24790328741073608,0.8131521344184875,0.028044670820236206
0.3538270592689514,0.8416339755058289,-1.2860424192240316e-07,0.36914369463920593,0.7592923045158386,-0.00036247546086087823,0.3427218496799469,0.6893786191940308,0.002231721067801118,0.2994563579559326,0.6691996455192566,0.006035003811120987,0.27586936950683594,0.6974563598632812,0.009691854007542133,0.25586843490600586,0.6998825669288635,-0.0006902992608956993,0.23226453363895416,0.6923269033432007,0.003283437807112932,0.2476796954870224,0.7048979997634888,0.0025883421767503023,0.26553377509117126,0.7151588797569275,0.001034521497786045,0.23326840996742249,0.746802568435669,6.410629430320114e-05,0.22561366856098175,0.7378228902816772,0.011967821978032589,0.24459965527057648,0.7464803457260132,0.014922513626515865,0.2616298198699951,0.7579072713851929,0.012935515493154526,0.22572608292102814,0.7960819005966187,0.0017876370111480355,0.2203967124223709,0.7828013896942139,0.01116369292140007,0.23806335031986237,0.7872110605239868,0.01427305955439806,0.255891352891922,0.7984638810157776,0.012334462255239487,0.22477269172668457,0.8421778678894043,0.0035007682163268328,0.22254988551139832,0.8275034427642822,0.010524568147957325,0.23919832706451416,0.8305306434631348,0.01663481444120407,0.2531045377254486,0.8383930325508118,0.01987205445766449
0.35972681641578674,0.8464075326919556,-1.2241802949120029e-07,0.369623064994812,0.7635260820388794,0.00045155046973377466,0.34091994166374207,0.6935064196586609,0.003169409465044737,0.298247754573822,0.6746522188186646,0.006306558381766081,0.27576979994773865,0.7044901847839355,0.009458611719310284,0.2534259259700775,0.7103133201599121,0.004934840835630894,0.23290051519870758,0.702243447303772,0.008562828414142132,0.25048142671585083,0.712722897529602,0.006789073348045349,0.2696317136287689,0.7227606773376465,0.004598343279212713,0.23413437604904175,0.7590528130531311,0.0044215708039700985,0.2256656289100647,0.7467365264892578,0.01494726724922657,0.24601605534553528,0.7522790431976318,0.016079941764473915,0.26386186480522156,0.7634714841842651,0.01325984112918377,0.2298118621110916,0.8086304068565369,0.004545991774648428,0.2193068265914917,0.7922995090484619,0.011582271195948124,0.23827694356441498,0.7936817407608032,0.013901273719966412,0.25755584239959717,0.8040733337402344,0.012396660633385181,0.23189085721969604,0.8550124764442444,0.004854789935052395,0.2180805802345276,0.8377416729927063,0.010203029029071331,0.23486298322677612,0.838128387928009,0.016936855390667915,0.2508934736251831,0.8449070453643799,0.021167585626244545
0.3729502856731415,0.8954224586486816,-9.587701299551554e-08,0.37940314412117004,0.8026539087295532,-0.003784785745665431,0.34319302439689636,0.7345272898674011,-0.0016444544307887554,0.3001196086406708,0.7152228355407715,0.002100926823914051,0.2825517952442169,0.7459720969200134,0.006511943880468607,0.2574370205402374,0.7720601558685303,-0.0015666740946471691,0.2394726723432541,0.7451323866844177,-0.00025061352062039077,0.26365113258361816,0.7480373382568359,-0.003471796168014407,0.28270500898361206,0.7580230832099915,-0.007127687800675631,0.24056559801101685,0.8227253556251526,-0.00043870272929780185,0.23539423942565918,0.791580319404602,0.008219718933105469,0.2595776915550232,0.7897160649299622,0.008924330584704876,0.27511030435562134,0.8022142648696899,0.00540608586743474,0.24008171260356903,0.8704075217247009,0.0010385970817878842,0.23424620926380157,0.8387773036956787,0.006767765618860722,0.25417304039001465,0.8326278328895569,0.007859375327825546,0.2699621319770813,0.8442950248718262,0.005061141215264797,0.2475549578666687,0.9114714860916138,0.0023411677684634924,0.2415529489517212,0.8811401128768921,0.005615515168756247,0.2578069567680359,0.8742832541465759,0.010140327736735344,0.27200281620025635,0.8825302720069885,0.012290459126234055
0.37809669971466064,0.8916091918945312,-1.0031192942960843e-07,0.3792268633842468,0.8001121878623962,-0.001230797148309648,0.3449164032936096,0.7342488765716553,0.00014230358647182584,0.30178794264793396,0.7150295972824097,0.0022418282460421324,0.28243106603622437,0.7465868592262268,0.0050931666046381,0.2586095333099365,0.7706418037414551,0.0025190813466906548,0.23953548073768616,0.7453821897506714,0.004255248233675957,0.2596307098865509,0.7508208155632019,0.0009259636863134801,0.277876615524292,0.7630327939987183,-0.002555139595642686,0.24232670664787292,0.8219460844993591,0.0022181414533406496,0.23732849955558777,0.7923485040664673,0.0108702527359128,0.25916168093681335,0.7938126921653748,0.010015861131250858,0.27352041006088257,0.8077450394630432,0.0055754040367901325,0.24212557077407837,0.8693097233772278,0.0025842327158898115,0.23530302941799164,0.8381357789039612,0.010031190700829029,0.2530941069126129,0.8362401127815247,0.01250771526247263,0.26822125911712646,0.8492770791053772,0.010334686376154423,0.24828656017780304,0.9110385179519653,0.0028366472106426954,0.24032630026340485,0.8824597001075745,0.009117808192968369,0.2560288906097412,0.8789500594139099,0.01637275144457817,0.26916149258613586,0.8876098394393921,0.02048172801733017
0.38681459426879883,0.9069387316703796,-9.143029444658168e-08,0.3842163383960724,0.8142639398574829,-0.002434199908748269,0.3470260500907898,0.7456856369972229,-0.0009347866289317608,0.3008646070957184,0.7292379140853882,0.0021182256750762463,0.28300705552101135,0.7616915702819824,0.006244573276489973,0.2610827088356018,0.7859740257263184,0.0009412667714059353,0.24553276598453522,0.7569404244422913,0.004435592330992222,0.2659411132335663,0.7618399858474731,0.001920434762723744,0.28117528557777405,0.7741199731826782,-0.0016511493595317006,0.24731482565402985,0.8394900560379028,0.0015060240402817726,0.24089697003364563,0.8035021424293518,0.01106772106140852,0.2610565721988678,0.8018943667411804,0.009877455420792103,0.2751641571521759,0.8170697093009949,0.00502906134352088,0.24874411523342133,0.886872410774231,0.0030566283967345953,0.24175003170967102,0.8504413366317749,0.01187064778059721,0.2584210932254791,0.8457765579223633,0.013289283961057663,0.2731854319572449,0.8593320846557617,0.010130016133189201,0.2560446560382843,0.927389919757843,0.004391412250697613,0.2470637857913971,0.8910536170005798,0.011638427153229713,0.2621881663799286,0.8854242563247681,0.018244490027427673,0.27596211433410645,0.8940776586532593,0.021604031324386597
0.4203755259513855,0.9395452737808228,-6.773311156393902e-08,0.41634997725486755,0.8569446802139282,-0.009146547876298428,0.37758195400238037,0.7944826483726501,-0.010401947423815727,0.33052390813827515,0.7779170274734497,-0.009800204075872898,0.3121846914291382,0.8081661462783813,-0.007085254881531,0.2988106310367584,0.8477362990379333,-0.0010217793751507998,0.26726585626602173,0.8147964477539062,-0.001902716583572328,0.2921275496482849,0.8110024929046631,-0.006600882392376661,0.31246480345726013,0.8198044896125793,-0.010084860026836395,0.2880668044090271,0.8973339200019836,0.0020568554755300283,0.26428595185279846,0.8582624793052673,0.008792778477072716,0.2842966616153717,0.8495653867721558,0.007820645347237587,0.30092281103134155,0.8593893647193909,0.004213792737573385,0.29072731733322144,0.9388188123703003,0.0046386816538870335,0.26856955885887146,0.9025499224662781,0.010809832252562046,0.28465554118156433,0.8935375809669495,0.013325097039341927,0.3014542758464813,0.9025985598564148,0.01216126512736082,0.2993102967739105,0.9721212983131409,0.006238894537091255,0.27567633986473083,0.9383191466331482,0.012724445201456547,0.28700822591781616,0.9305282235145569,0.020084932446479797,0.301801860332489,0.9361700415611267,0.0242361668497324
0.44560807943344116,0.9437862634658813,-4.298737366070782e-08,0.43737050890922546,0.8627501130104065,-0.009280899539589882,0.40116143226623535,0.80512934923172,-0.012758332304656506,0.35389721393585205,0.7902485728263855,-0.014321931637823582,0.3295310139656067,0.8118502497673035,-0.013465591706335545,0.3291451930999756,0.8618629574775696,-0.010013562627136707,0.2869316041469574,0.8336411118507385,-0.015684951096773148,0.30882349610328674,0.8278657793998718,-0.020158639177680016,0.33093690872192383,0.8341010808944702,-0.022284813225269318,0.31949880719184875,0.9155189394950867,-0.0076394653879106045,0.2836623191833496,0.8800594210624695,-0.006276392377912998,0.3020453155040741,0.8689608573913574,-0.0058840312995016575,0.32053157687187195,0.8757196068763733,-0.007663687691092491,0.32205015420913696,0.9593157768249512,-0.00572518864646554,0.28977036476135254,0.9244799613952637,-0.004236686043441296,0.3040948808193207,0.9135001301765442,-1.6238810758295585e-06,0.3221108913421631,0.9192581176757812,0.0008806905243545771,0.33046239614486694,0.9933035373687744,-0.004591674078255892,0.302383154630661,0.9604923725128174,-0.0018724462715908885,0.3127909004688263,0.9498802423477173,0.0050390735268592834,0.3276956081390381,0.952296257019043,0.00958814937621355
0.45907658338546753,0.9422813057899475,-2.504669183167607e-08,0.44869154691696167,0.861391007900238,-0.006943844258785248,0.4103994071483612,0.8077180981636047,-0.009660518728196621,0.36193153262138367,0.7942633628845215,-0.010596545413136482,0.33719632029533386,0.8186239004135132,-0.009158256463706493,0.33720046281814575,0.8626099824905396,-0.00529125239700079,0.2963119149208069,0.8376972079277039,-0.008942832238972187,0.31645748019218445,0.8317121863365173,-0.012451264075934887,0.3381972014904022,0.83736652135849,-0.013854674063622952,0.32717469334602356,0.9149191379547119,-0.00306911114603281,0.29381734132766724,0.8803788423538208,0.0014671930111944675,0.3120553493499756,0.8690744042396545,0.002562681445851922,0.3297610580921173,0.8752737641334534,0.001045547192916274,0.32996129989624023,0.9589008092880249,-0.0010710543720051646,0.2991862893104553,0.9246732592582703,0.0037123970687389374,0.3146068751811981,0.9128976464271545,0.008964473381638527,0.33330437541007996,0.9183237552642822,0.009927267208695412,0.3383044898509979,0.9935997128486633,0.0002631598908919841,0.31219980120658875,0.9625745415687561,0.005525687243789434,0.32439297437667847,0.9521806836128235,0.013675268739461899,0.33981868624687195,0.9544829726219177,0.018992571160197258
0.49305424094200134,0.9249791502952576,-1.274047463084571e-07,0.48466235399246216,0.8474670648574829,-0.006421598605811596,0.4471161663532257,0.7918809652328491,-0.010048300959169865,0.39760327339172363,0.7778013348579407,-0.011971806176006794,0.36972615122795105,0.7976445555686951,-0.011385842226445675,0.3815508186817169,0.8443024158477783,-0.013379975222051144,0.33000266551971436,0.8134458065032959,-0.02106575109064579,0.3512330651283264,0.8110294342041016,-0.024354178458452225,0.37330010533332825,0.8202812671661377,-0.024684734642505646,0.3701997995376587,0.8955256342887878,-0.012732485309243202,0.32099100947380066,0.8591530919075012,-0.014392038807272911,0.3412560522556305,0.8514359593391418,-0.011635834351181984,0.36176756024360657,0.8602685928344727,-0.010000543668866158,0.37031012773513794,0.9403066635131836,-0.012048310600221157,0.3242073059082031,0.9100214838981628,-0.01182032935321331,0.34126800298690796,0.9008191823959351,-0.003473118646070361,0.3617412745952606,0.9083438515663147,0.001280792523175478,0.37828579545021057,0.9781506061553955,-0.011752968654036522,0.34049853682518005,0.9532343745231628,-0.008098828606307507,0.3521716892719269,0.9445520043373108,0.0023287576623260975,0.3688528835773468,0.9494378566741943,0.009806477464735508
0.5008619427680969,0.9331622123718262,-4.399654685016685e-08,0.4939267933368683,0.852071225643158,-0.011103825643658638,0.45681291818618774,0.7876246571540833,-0.01809825375676155,0.40389126539230347,0.7696805000305176,-0.022849101573228836,0.37081465125083923,0.7927664518356323,-0.025178030133247375,0.3914056122303009,0.8333169221878052,-0.017132863402366638,0.3409850001335144,0.8042747974395752,-0.029014848172664642,0.3602195978164673,0.8049629926681519,-0.03580911085009575,0.3816198706626892,0.8167648315429688,-0.03806695342063904,0.3764230012893677,0.8877059817314148,-0.01601264625787735,0.32731902599334717,0.8496133089065552,-0.02126285992562771,0.3473203182220459,0.8432771563529968,-0.022276248782873154,0.36953505873680115,0.8550476431846619,-0.022784149274230003,0.37226760387420654,0.9371258616447449,-0.015373907051980495,0.3279516100883484,0.900753378868103,-0.01656920649111271,0.34685391187667847,0.8912111520767212,-0.009606552310287952,0.36813628673553467,0.9001374840736389,-0.005969199351966381,0.37538576126098633,0.9795310497283936,-0.015652818605303764,0.34279298782348633,0.9420344829559326,-0.014239944517612457,0.3576241433620453,0.934106171131134,-0.005331691820174456,0.37437742948532104,0.9415865540504456,0.0013543195091187954
0.502946674823761,0.9360294342041016,-7.961572734416222e-09,0.49524033069610596,0.8544116616249084,-0.010019829496741295,0.4586487412452698,0.78900146484375,-0.016410645097494125,0.4054664671421051,0.7681185007095337,-0.020761189982295036,0.37135693430900574,0.7907586693763733,-0.022742953151464462,0.3937050402164459,0.833795964717865,-0.013857866637408733,0.3393750488758087,0.8055431246757507,-0.024338791146874428,0.3579491078853607,0.8065313100814819,-0.031152473762631416,0.3805478513240814,0.8170739412307739,-0.03323733061552048,0.3786144256591797,0.8885660171508789,-0.012018974870443344,0.3279351592063904,0.85164475440979,-0.014787411317229271,0.34609541296958923,0.8456155061721802,-0.015759659931063652,0.36723047494888306,0.8566870093345642,-0.016718562692403793,0.3740364909172058,0.9377378225326538,-0.010524923913180828,0.32856470346450806,0.9035164713859558,-0.009519243612885475,0.34601330757141113,0.8939355611801147,-0.002818312495946884,0.36694100499153137,0.9013907313346863,0.00023755246365908533,0.37593600153923035,0.9783998727798462,-0.009870956651866436,0.34239113330841064,0.9439373016357422,-0.006852924823760986,0.35589683055877686,0.9358417987823486,0.0022508606780320406,0.3724212348461151,0.9414322376251221,0.008968674577772617
0.5172355771064758,0.9102780222892761,-7.488969799851475e-08,0.5060948133468628,0.8180162906646729,-0.005464915651828051,0.47059571743011475,0.7464570999145508,-0.011923405341804028,0.4186549186706543,0.7333312630653381,-0.016545668244361877,0.39141473174095154,0.7643435001373291,-0.019654925912618637,0.4120231866836548,0.7876598238945007,-0.021024202927947044,0.3586234450340271,0.7572411298751831,-0.032217808067798615,0.3773828446865082,0.76356041431427,-0.03779308497905731,0.39922863245010376,0.7755799293518066,-0.039128974080085754,0.3950464427471161,0.8469530940055847,-0.02158515341579914,0.34236839413642883,0.8039810061454773,-0.025297390297055244,0.3627350628376007,0.8015040755271912,-0.023884937167167664,0.38524550199508667,0.8154067993164062,-0.022904343903064728,0.3880975544452667,0.899078905582428,-0.021146049723029137,0.34210216999053955,0.8583798408508301,-0.019832048565149307,0.36090731620788574,0.8524178862571716,-0.010700372979044914,0.38199928402900696,0.8637853264808655,-0.005990050733089447,0.3885757625102997,0.9426156878471375,-0.02091461420059204,0.3529261350631714,0.9013712406158447,-0.016455041244626045,0.36852964758872986,0.8946451544761658,-0.004485784098505974,0.3852042853832245,0.9040658473968506,0.004058548249304295
0.5162147283554077,0.8910561800003052,-9.23710956612922e-08,0.5100241303443909,0.801287055015564,-0.001321512390859425,0.479300856590271,0.729046106338501,-0.00624470692127943,0.42916253209114075,0.7084075212478638,-0.010328412055969238,0.400905966758728,0.7350339293479919,-0.01294910442084074,0.4218956232070923,0.7564722895622253,-0.018958041444420815,0.3627919554710388,0.7276860475540161,-0.027261316776275635,0.378778338432312,0.7384036779403687,-0.029718462377786636,0.4008564352989197,0.7503786087036133,-0.02917219139635563,0.40308019518852234,0.8112924098968506,-0.02136070281267166,0.34568262100219727,0.774431049823761,-0.023302745074033737,0.3624768853187561,0.7773677110671997,-0.019367599859833717,0.38323551416397095,0.7899231910705566,-0.01690785214304924,0.3930857479572296,0.8631055355072021,-0.0222343597561121,0.342485249042511,0.8268525004386902,-0.01997162215411663,0.35985857248306274,0.8251986503601074,-0.00892760418355465,0.38024380803108215,0.8358011841773987,-0.0029627366457134485,0.3902668356895447,0.9098420143127441,-0.02293606474995613,0.3502517342567444,0.8718172907829285,-0.01711711846292019,0.3638579249382019,0.868810772895813,-0.0034627995919436216,0.3809010684490204,0.8790202736854553,0.006107874680310488
0.5060334801673889,0.8373422622680664,-1.6617040898836422e-07,0.5043601393699646,0.7480140328407288,0.011920930817723274,0.4775760769844055,0.6757039427757263,0.017368745058774948,0.4339994490146637,0.6534075736999512,0.02091251313686371,0.4109732508659363,0.6742346286773682,0.025091780349612236,0.40087735652923584,0.6790187954902649,0.011765923351049423,0.3663041591644287,0.6585566997528076,0.01893351413309574,0.3815872371196747,0.6772289872169495,0.02155175991356373,0.40081465244293213,0.6927977204322815,0.023027952760457993,0.3761144280433655,0.7220131754875183,0.007387229241430759,0.3531844913959503,0.7033315896987915,0.02420501410961151,0.3684642016887665,0.7161513566970825,0.02949802577495575,0.38617566227912903,0.7276788949966431,0.02915588766336441,0.36410433053970337,0.7677899599075317,0.005029827356338501,0.3451206088066101,0.7467037439346313,0.022323384881019592,0.3601642847061157,0.7533265352249146,0.02908925525844097,0.3791543245315552,0.7637971639633179,0.028411241248250008,0.35960596799850464,0.8122364282608032,0.0032609731424599886,0.3460458815097809,0.7896870374679565,0.01997302658855915,0.36104756593704224,0.7914050221443176,0.031611308455467224,0.37732094526290894,0.8007299304008484,0.03782506659626961
0.4971661865711212,0.8149548172950745,-1.6057703078331542e-07,0.5028226375579834,0.7315722703933716,0.010968982242047787,0.4847909212112427,0.6620997786521912,0.01631825603544712,0.44551265239715576,0.635879635810852,0.019686605781316757,0.4198744297027588,0.649874210357666,0.023577943444252014,0.4027899503707886,0.6568044424057007,0.014456887729465961,0.36653295159339905,0.6386594176292419,0.01966152712702751,0.3789100646972656,0.6565555334091187,0.01982511766254902,0.3979879319667816,0.6722649931907654,0.019891563802957535,0.3777534067630768,0.699569046497345,0.010305254720151424,0.3504095673561096,0.6844731569290161,0.023269949480891228,0.36642757058143616,0.6969204545021057,0.025687281042337418,0.385684609413147,0.7078523635864258,0.0240242388099432,0.36554569005966187,0.746089518070221,0.0077863833867013454,0.3409898579120636,0.7283906936645508,0.01985829696059227,0.35710421204566956,0.7345852851867676,0.02456548437476158,0.3776703178882599,0.7455911040306091,0.023973092436790466,0.3611900806427002,0.7919036746025085,0.006176091730594635,0.3416144549846649,0.7718323469161987,0.017758222296833992,0.35525140166282654,0.7736079692840576,0.02786462940275669,0.3720632791519165,0.7812208533287048,0.03408033400774002
0.4805915951728821,0.7710694670677185,-1.462608025804002e-07,0.49166154861450195,0.6922668218612671,0.009413035586476326,0.47930487990379333,0.628557026386261,0.013664745725691319,0.44268327951431274,0.6045283079147339,0.015383259393274784,0.4142947793006897,0.5964564681053162,0.01731843501329422,0.40491729974746704,0.6023479700088501,0.015673303976655006,0.3663686513900757,0.5893087387084961,0.01912558078765869,0.37136632204055786,0.6105499863624573,0.01845034398138523,0.3872779905796051,0.625868558883667,0.01837790757417679,0.3772062063217163,0.6403239965438843,0.011678943410515785,0.3465039134025574,0.626860499382019,0.021109744906425476,0.3568078875541687,0.64681476354599,0.022112645208835602,0.3758993446826935,0.6601388454437256,0.02098628506064415,0.360257089138031,0.683918833732605,0.008758973330259323,0.3317077159881592,0.6676185131072998,0.017026135697960854,0.3450208902359009,0.6827483773231506,0.02167322114109993,0.36545491218566895,0.6956381797790527,0.022475242614746094,0.35080328583717346,0.7294049859046936,0.00655097421258688,0.3295169472694397,0.7099873423576355,0.014137497171759605,0.3429794907569885,0.719014048576355,0.023059939965605736,0.3607504367828369,0.730057954788208,0.029697956517338753
0.46372663974761963,0.7476477026939392,-1.2710825103567913e-07,0.4788857400417328,0.6767676472663879,0.006813467014580965,0.4689590334892273,0.6085983514785767,0.010638502426445484,0.43184995651245117,0.5817592740058899,0.01349601149559021,0.4035869836807251,0.5870358943939209,0.01677214540541172,0.3889623284339905,0.5796165466308594,0.011677964590489864,0.35832199454307556,0.5645618438720703,0.018202129751443863,0.36885136365890503,0.5849144458770752,0.01913568563759327,0.3858351409435272,0.6005927324295044,0.01936434395611286,0.3591415286064148,0.6149784326553345,0.009692595340311527,0.3393496870994568,0.604308545589447,0.023826226592063904,0.3524818420410156,0.6230313181877136,0.02654755301773548,0.36947765946388245,0.636406660079956,0.025152085348963737,0.3419787585735321,0.656930148601532,0.009033936075866222,0.32429051399230957,0.6423720717430115,0.020612681284546852,0.33825939893722534,0.6566122770309448,0.024523230269551277,0.35640132427215576,0.6708722114562988,0.023634688928723335,0.3323619067668915,0.7010753750801086,0.009014769457280636,0.31779980659484863,0.6834970116615295,0.01877330243587494,0.3317803144454956,0.6929396986961365,0.027465075254440308,0.34740346670150757,0.7054412961006165,0.03320324420928955
0.45403432846069336,0.738699197769165,-1.5840277001188952e-07,0.47042593359947205,0.6645952463150024,0.008282911963760853,0.46093809604644775,0.5980780720710754,0.012149602174758911,0.42392227053642273,0.5715124607086182,0.015071449801325798,0.39586928486824036,0.5754512548446655,0.018073059618473053,0.38423991203308105,0.5717625617980957,0.007602229248732328,0.3533632457256317,0.5578105449676514,0.014606371521949768,0.3626233637332916,0.5778645277023315,0.017468784004449844,0.3790530264377594,0.5943990349769592,0.018976643681526184,0.35411712527275085,0.6086595058441162,0.0049009984359145164,0.3359280228614807,0.5973873734474182,0.01969495788216591,0.34889674186706543,0.6160094738006592,0.02389911375939846,0.3651299476623535,0.6304197311401367,0.02274472638964653,0.33694934844970703,0.6522327065467834,0.004124999046325684,0.3206362724304199,0.6338074803352356,0.015951523557305336,0.3342590034008026,0.6477572917938232,0.020804191008210182,0.35224106907844543,0.6640621423721313,0.02004218101501465,0.3271721601486206,0.6977514028549194,0.0043074944987893105,0.3112783432006836,0.6766775250434875,0.01365688070654869,0.3250313401222229,0.684398353099823,0.02255069836974144,0.3405357599258423,0.6970469355583191,0.028196925297379494
0.4240080416202545,0.7276061773300171,-8.225607217582365e-08,0.44237664341926575,0.6558972597122192,0.00830807350575924,0.42991748452186584,0.5876075029373169,0.015866031870245934,0.3943488597869873,0.5595325827598572,0.02244877815246582,0.3687797784805298,0.5685948133468628,0.029100075364112854,0.3507159948348999,0.5596421957015991,0.020528942346572876,0.3300309479236603,0.5503033399581909,0.03134112060070038,0.33823737502098083,0.5694919228553772,0.0338180735707283,0.35296282172203064,0.5850563645362854,0.034368813037872314,0.3222729563713074,0.5940108299255371,0.018683888018131256,0.3081064820289612,0.5878318548202515,0.03458773344755173,0.31993669271469116,0.6054597496986389,0.03677021339535713,0.33675751090049744,0.6191601753234863,0.0352884978055954,0.30637264251708984,0.6369499564170837,0.017995385453104973,0.29076719284057617,0.6254901885986328,0.029469668865203857,0.304328590631485,0.6387233138084412,0.032292675226926804,0.32227712869644165,0.6513372659683228,0.03129110112786293,0.2982277274131775,0.6821823120117188,0.018039753660559654,0.2833103537559509,0.6683284640312195,0.026620039716362953,0.2961363196372986,0.675573468208313,0.03371216729283333,0.31151992082595825,0.6845598220825195,0.03858161345124245
0.4152187705039978,0.7252912521362305,-1.0719747933762847e-07,0.43269068002700806,0.6560734510421753,0.0010954763274639845,0.42568859457969666,0.5855756402015686,0.0014535035006701946,0.3952786922454834,0.5581344366073608,0.00112956203520298,0.36791759729385376,0.56687992811203,0.0006699062651023269,0.34396541118621826,0.5610939860343933,0.004734081216156483,0.3204774260520935,0.5540174841880798,0.005030376370996237,0.33074676990509033,0.5723659992218018,0.0013151763705536723,0.34667137265205383,0.5858429074287415,-0.001627727528102696,0.3179760277271271,0.599686861038208,0.0017014178447425365,0.30036547780036926,0.5922755599021912,0.006760374177247286,0.31462451815605164,0.6092894077301025,0.0053330655209720135,0.33333954215049744,0.6241468787193298,0.00238802214153111,0.30356189608573914,0.6442990899085999,-0.0007442955975420773,0.28518587350845337,0.6306463479995728,0.001058432157151401,0.29979896545410156,0.6444328427314758,0.0032758445013314486,0.3194642961025238,0.6587560772895813,0.003545223968103528,0.29608017206192017,0.6908007264137268,-0.0029205360915511847,0.2775445878505707,0.6710046529769897,-0.0019164958503097296,0.29161375761032104,0.6808910965919495,0.004852879326790571,0.3085269331932068,0.6931340098381042,0.01071951538324356
0.41259098052978516,0.726374626159668,-1.278192200970807e-07,0.42735809087753296,0.6560894846916199,0.0025237256195396185,0.4155021905899048,0.5880259871482849,0.0040055145509541035,0.3805086314678192,0.5631202459335327,0.004450723063200712,0.35275742411613464,0.5710832476615906,0.004508082289248705,0.3454315662384033,0.5698111057281494,0.004192938096821308,0.314179927110672,0.5554112195968628,0.0032566399313509464,0.322623610496521,0.5717612504959106,3.2485138945048675e-05,0.3389260768890381,0.5858253240585327,-0.001835757284425199,0.32070818543434143,0.6073359251022339,0.000910792441572994,0.29405537247657776,0.5928201675415039,0.005087921395897865,0.3064733147621155,0.6081302762031555,0.004616075661033392,0.3253018856048584,0.622201144695282,0.002879047067835927,0.3061978220939636,0.650797426700592,-0.001787416054867208,0.2789396643638611,0.6305671334266663,-0.000312727497657761,0.2917405366897583,0.642590343952179,0.002628729911521077,0.3114756643772125,0.6562233567237854,0.0037282470148056746,0.2982713580131531,0.6976041793823242,-0.003958326764404774,0.27043235301971436,0.6737379431724548,-0.0032320101745426655,0.28213149309158325,0.6806484460830688,0.0036741369403898716,0.29938846826553345,0.6917169690132141,0.00972655601799488
0.3875885605812073,0.7312178611755371,-9.274453560692564e-08,0.4055921137332916,0.6591992378234863,0.00021535446285270154,0.39899295568466187,0.5951501727104187,-0.0002903354470618069,0.3652470111846924,0.5760085582733154,-0.0013619046658277512,0.33785519003868103,0.5871021151542664,-0.0025463425554335117,0.3169490396976471,0.5709856152534485,0.004114651586860418,0.2952503561973572,0.5647174715995789,0.004264054354280233,0.30439862608909607,0.5852302312850952,0.0009699640213511884,0.320363312959671,0.600450873374939,-0.0015162735944613814,0.29002267122268677,0.6080902218818665,0.0016934109153226018,0.2753901481628418,0.6026300191879272,0.007586517836898565,0.2891716957092285,0.6213805675506592,0.007286878768354654,0.30745410919189453,0.6354289650917053,0.005079967435449362,0.27600425481796265,0.6522535681724548,-0.0002430935128359124,0.2609069347381592,0.6427668929100037,0.001397369196638465,0.2766602337360382,0.6585391759872437,0.003649509744718671,0.29630884528160095,0.6718649864196777,0.003971814177930355,0.2695101499557495,0.6988545060157776,-0.001919975271448493,0.2555229067802429,0.6862755417823792,-0.002400163095444441,0.27213674783706665,0.6970969438552856,0.0035873418673872948,0.2901674807071686,0.7084366083145142,0.009310697205364704
0.38058188557624817,0.7384504079818726,-8.785849558989867e-08,0.3946172595024109,0.6686556935310364,0.0025259791873395443,0.3831109404563904,0.6034586429595947,0.003811003640294075,0.3501523435115814,0.5824369788169861,0.004420386161655188,0.32376569509506226,0.5926787853240967,0.00465460354462266,0.3124884068965912,0.5870869159698486,0.003295941511169076,0.2835577130317688,0.5742024183273315,0.004827458411455154,0.29020267724990845,0.5891917943954468,0.004041989799588919,0.3051496148109436,0.6019744873046875,0.0034812777303159237,0.2880048453807831,0.6254332661628723,0.00041244603926315904,0.2638918161392212,0.6097864508628845,0.0058468906208872795,0.27675527334213257,0.6246872544288635,0.006655198056250811,0.2945883870124817,0.6388616561889648,0.005731503013521433,0.27445220947265625,0.6694781184196472,-0.001549751148559153,0.24864709377288818,0.6491763591766357,0.0005201082676649094,0.2642499506473541,0.6611377000808716,0.003964847419410944,0.2837960720062256,0.674506425857544,0.0052305771969258785,0.2682008147239685,0.7162401676177979,-0.0028646804857999086,0.24397513270378113,0.6906818151473999,-0.0023645474575459957,0.25909423828125,0.6986899375915527,0.004853310063481331,0.2767930030822754,0.7104328274726868,0.011083750985562801
0.38021403551101685,0.7370280623435974,-1.4488013277969003e-07,0.39562398195266724,0.6655790209770203,0.0064240447245538235,0.3837200701236725,0.6011807918548584,0.01027198601514101,0.3509514331817627,0.5777783393859863,0.012899148277938366,0.32631760835647583,0.5866361856460571,0.014997599646449089,0.307479590177536,0.5828548669815063,0.009481851942837238,0.28235265612602234,0.574607253074646,0.014280920848250389,0.29168251156806946,0.5924823880195618,0.014371096156537533,0.3070841431617737,0.6056397557258606,0.013700410723686218,0.28204652667045593,0.6211843490600586,0.005869957618415356,0.2639649212360382,0.6117333173751831,0.015242761932313442,0.2790265679359436,0.6288260817527771,0.016593903303146362,0.2970808446407318,0.6428765654563904,0.01509777456521988,0.2690107524394989,0.6653146743774414,0.0035207057371735573,0.2503284513950348,0.6506682634353638,0.008564573712646961,0.26725128293037415,0.6642892360687256,0.011602109298110008,0.28675389289855957,0.6778883934020996,0.011751333251595497,0.2633781433105469,0.711281418800354,0.0021145702339708805,0.24480395019054413,0.6909477710723877,0.005023607052862644,0.26116615533828735,0.7014948129653931,0.012290970422327518,0.27851545810699463,0.713523268699646,0.018015451729297638
0.3555733263492584,0.7665472030639648,-1.967191920471123e-08,0.3727174997329712,0.6842501759529114,0.0046037714928388596,0.3542419373989105,0.6155123710632324,0.0110370684415102,0.3198198974132538,0.5962418913841248,0.01685752347111702,0.30154842138290405,0.6256170272827148,0.02236923575401306,0.2655794024467468,0.6138471364974976,0.01922410912811756,0.25827479362487793,0.6059664487838745,0.028168778866529465,0.274641215801239,0.6203920245170593,0.02736309915781021,0.28984352946281433,0.632736325263977,0.024860570207238197,0.2411978840827942,0.6544679403305054,0.017226634547114372,0.2427166998386383,0.6435054540634155,0.031825266778469086,0.26160529255867004,0.6552237272262573,0.031444646418094635,0.2763448655605316,0.6704206466674805,0.02763582393527031,0.2316790521144867,0.698689341545105,0.015993807464838028,0.23250295221805573,0.6851035356521606,0.02629742957651615,0.24986150860786438,0.6932022571563721,0.02644435316324234,0.2653471827507019,0.7082858681678772,0.023458780720829964,0.22958940267562866,0.7419100403785706,0.01501645427197218,0.2260507047176361,0.7272200584411621,0.022131165489554405,0.24151897430419922,0.733616828918457,0.02790549211204052,0.2542136609554291,0.7445179224014282,0.0316358283162117
0.34881502389907837,0.7719786167144775,-1.024351661271794e-07,0.3677622675895691,0.6935943961143494,0.00337412441149354,0.3487779498100281,0.627342164516449,0.009130837395787239,0.312591016292572,0.6081388592720032,0.015101922675967216,0.29069653153419495,0.6319888830184937,0.020806586369872093,0.2581603229045868,0.625011682510376,0.011264443397521973,0.25284504890441895,0.6190916299819946,0.018905213102698326,0.2688670754432678,0.6334454417228699,0.018846478313207626,0.28307729959487915,0.6447966694831848,0.01684540882706642,0.23302382230758667,0.6670599579811096,0.010606254450976849,0.23726972937583923,0.6588243246078491,0.024634022265672684,0.25639086961746216,0.6701463460922241,0.02588973008096218,0.2715660333633423,0.6835460066795349,0.022829817607998848,0.22389721870422363,0.7128772139549255,0.010926180519163609,0.22727909684181213,0.7023947238922119,0.019301729276776314,0.24544398486614227,0.7092251181602478,0.01943952403962612,0.26191017031669617,0.7216224074363708,0.016334030777215958,0.2225922793149948,0.7572117447853088,0.011745467782020569,0.22469079494476318,0.7464679479598999,0.016086436808109283,0.24138474464416504,0.7511500716209412,0.01983296312391758,0.2546934485435486,0.7602750062942505,0.02224179357290268
0.3479154407978058,0.7869606018066406,-1.1773248331792274e-07,0.3650786876678467,0.7081853747367859,0.001031849649734795,0.34459418058395386,0.6389498710632324,0.005504670087248087,0.30694079399108887,0.621135413646698,0.010332038626074791,0.2858741879463196,0.6486055254936218,0.015165939927101135,0.2576850950717926,0.6382418870925903,0.009207437746226788,0.24634665250778198,0.6357712745666504,0.01424423884600401,0.26027244329452515,0.6502014994621277,0.012870938517153263,0.2753836214542389,0.6613906025886536,0.010694197379052639,0.23273009061813354,0.678858757019043,0.009305733256042004,0.23273992538452148,0.6794089674949646,0.021103575825691223,0.25038713216781616,0.690563976764679,0.021917030215263367,0.2666618824005127,0.7007170915603638,0.019203053787350655,0.2226811647415161,0.723906934261322,0.009920659475028515,0.22440989315509796,0.7223004698753357,0.0175195150077343,0.24191339313983917,0.7297786474227905,0.018064551055431366,0.25926876068115234,0.7391688823699951,0.015603991225361824,0.21973159909248352,0.7681174874305725,0.010624997317790985,0.22188857197761536,0.7649707198143005,0.015659306198358536,0.23914916813373566,0.7708714604377747,0.020150532945990562,0.253768652677536,0.777967631816864,0.02327909879386425
0.3513164520263672,0.8306139707565308,-4.182289359278002e-08,0.3654955327510834,0.7451860308647156,-0.0015336632495746017,0.33496734499931335,0.6783125996589661,0.0026255366392433643,0.2956260144710541,0.6560932993888855,0.0072766817174851894,0.27047112584114075,0.6782621145248413,0.012331938371062279,0.25181734561920166,0.6933242082595825,0.009290355257689953,0.23069599270820618,0.6824992895126343,0.011688207276165485,0.2486216425895691,0.6919133067131042,0.008545550517737865,0.2672889828681946,0.7005963921546936,0.0056236060336232185,0.23219209909439087,0.7404155731201172,0.009893384762108326,0.2231854796409607,0.7258163094520569,0.01787290722131729,0.24416857957839966,0.7312448024749756,0.016601810231804848,0.26226165890693665,0.7423942685127258,0.013198710978031158,0.22718176245689392,0.7882243990898132,0.010337657295167446,0.22196254134178162,0.7679735422134399,0.01539861224591732,0.2417527735233307,0.7692856788635254,0.015364554710686207,0.2588476836681366,0.7797900438308716,0.012977569364011288,0.2301798164844513,0.8315554261207581,0.0106098847463727,0.22864098846912384,0.8088669180870056,0.01432525459676981,0.24579307436943054,0.8107042908668518,0.018308715894818306,0.25909799337387085,0.8182833194732666,0.02069929800927639
0.3567844033241272,0.8538597822189331,-8.140484197838305e-08,0.36793896555900574,0.7647123336791992,0.0026269997470080853,0.33542323112487793,0.6947137117385864,0.009011104702949524,0.2916695773601532,0.6727498173713684,0.015761302784085274,0.2673547863960266,0.6967111825942993,0.022963862866163254,0.24780544638633728,0.7142241597175598,0.012534442357718945,0.2309378981590271,0.6975896954536438,0.020885750651359558,0.2496461719274521,0.7049058675765991,0.021452652290463448,0.266461044549942,0.713944673538208,0.02022133208811283,0.2292485237121582,0.7634096145629883,0.013242985121905804,0.226246178150177,0.743168830871582,0.029082708060741425,0.2471233457326889,0.7453250288963318,0.031096583232283592,0.26320773363113403,0.7563707232475281,0.02807520516216755,0.22636710107326508,0.8120225071907043,0.014677369967103004,0.22594253718852997,0.7887328267097473,0.026934530586004257,0.24530450999736786,0.7858694195747375,0.028164369985461235,0.2627290189266205,0.7959058880805969,0.02460421249270439,0.23081007599830627,0.8552944660186768,0.016276102513074875,0.23344703018665314,0.8303750157356262,0.026020744815468788,0.24993690848350525,0.8286892175674438,0.03147469460964203,0.2634793817996979,0.8366008996963501,0.03373877331614494
0.37272098660469055,0.8700608015060425,-1.1758839235653795e-07,0.37698042392730713,0.782628059387207,-0.0016257697716355324,0.3424534201622009,0.7136045694351196,-0.0003577307506930083,0.29728221893310547,0.6976288557052612,0.0015513619873672724,0.2778821885585785,0.7307730913162231,0.0036405795253813267,0.25611546635627747,0.7420414686203003,0.0008235681452788413,0.23727312684059143,0.728265106678009,0.0011762757785618305,0.25799816846847534,0.7354279160499573,-0.0035855360329151154,0.2764921486377716,0.7434240579605103,-0.008075006306171417,0.2417050153017044,0.7939485311508179,-3.4816053812392056e-05,0.23259252309799194,0.7742682695388794,0.006940286140888929,0.253551185131073,0.7756457328796387,0.006375421769917011,0.270180881023407,0.7865939140319824,0.0024574482813477516,0.24144865572452545,0.8430068492889404,-0.00039739132625982165,0.2326952964067459,0.8200987577438354,0.004755318630486727,0.25177818536758423,0.8175193667411804,0.006671547889709473,0.268929123878479,0.8272334933280945,0.004809652920812368,0.24782167375087738,0.8862766623497009,-0.0009060169104486704,0.24068230390548706,0.8605836629867554,0.00374248786829412,0.2578566074371338,0.8579469919204712,0.010285315103828907,0.2722625434398651,0.8651719093322754,0.014016806147992611
0.39964327216148376,0.9190134406089783,-6.233911165054451e-08,0.4021432101726532,0.8351131677627563,-0.009148901328444481,0.364518404006958,0.7690144181251526,-0.00927463173866272,0.31804436445236206,0.7496224045753479,-0.007900792174041271,0.2963028848171234,0.7761418223381042,-0.005009172484278679,0.2935388386249542,0.8074601888656616,-0.001443416578695178,0.25588491559028625,0.7864486575126648,-0.004949824418872595,0.2757788896560669,0.7845273017883301,-0.010265461169183254,0.2975575625896454,0.7907626628875732,-0.0134047269821167,0.28045427799224854,0.8582883477210999,0.001152855227701366,0.2506558895111084,0.8331479430198669,0.004718175623565912,0.26835793256759644,0.8271799087524414,0.0029061664827167988,0.2872926592826843,0.8344425559043884,-0.00045424237032420933,0.27925196290016174,0.9049056768417358,0.002795492298901081,0.25389426946640015,0.8791630268096924,0.006293997634202242,0.2684844136238098,0.8716639280319214,0.008312791585922241,0.2866967022418976,0.8779074549674988,0.007506256923079491,0.2848285734653473,0.9446719884872437,0.0034568917471915483,0.26097753643989563,0.9169080257415771,0.007607642095535994,0.2728876769542694,0.909562349319458,0.014143341220915318,0.2895123362541199,0.9143625497817993,0.01823735050857067
0.42069995403289795,0.924169659614563,1.6621280352069334e-08,0.41483962535858154,0.8410059213638306,-0.005687532480806112,0.37353235483169556,0.7787269949913025,-0.005170134361833334,0.3259258270263672,0.7613747119903564,-0.0038345910143107176,0.304775208234787,0.7899275422096252,-0.0009473151876591146,0.30355018377304077,0.8227781653404236,0.004208857659250498,0.26823514699935913,0.8024848699569702,0.003086336888372898,0.2838890552520752,0.7996019124984741,-0.0015561314066872,0.3016558587551117,0.8035283088684082,-0.004818425513803959,0.2949456572532654,0.8751888275146484,0.005515596829354763,0.2615208625793457,0.8493824005126953,0.010281378403306007,0.27530157566070557,0.8401291370391846,0.009076959453523159,0.29292264580726624,0.8447335958480835,0.005931595806032419,0.2966307997703552,0.9223476648330688,0.006105844397097826,0.26489967107772827,0.8949851989746094,0.009990682825446129,0.27677446603775024,0.8833473324775696,0.01196303777396679,0.29524990916252136,0.887416422367096,0.011153492145240307,0.303789883852005,0.9615920186042786,0.006096185650676489,0.2756267786026001,0.9317559599876404,0.01073931809514761,0.28457877039909363,0.9217687249183655,0.017278943210840225,0.29959145188331604,0.923249363899231,0.021258922293782234
0.4618116021156311,0.9172779321670532,-5.057786367501649e-08,0.45612913370132446,0.8397728800773621,-0.009731522761285305,0.4169490933418274,0.7818560004234314,-0.014611483551561832,0.36550432443618774,0.7637491226196289,-0.017384806647896767,0.3349146246910095,0.7875844240188599,-0.018062490969896317,0.34852343797683716,0.8276709914207458,-0.012525186873972416,0.3005439043045044,0.8060434460639954,-0.019387580454349518,0.3214659094810486,0.8050582408905029,-0.024474626407027245,0.34341660141944885,0.8110489249229431,-0.026680000126361847,0.3381243050098419,0.8826826810836792,-0.010665766894817352,0.29131826758384705,0.8509021401405334,-0.010999273508787155,0.31066298484802246,0.8437203168869019,-0.010931157507002354,0.3316650390625,0.8511573672294617,-0.01180278416723013,0.3382657468318939,0.9310879111289978,-0.009024498052895069,0.2977181077003479,0.9003061652183533,-0.008171241730451584,0.3150354027748108,0.8904788494110107,-0.00270746648311615,0.33639249205589294,0.8962416648864746,-0.00044417474418878555,0.3451472818851471,0.9701067805290222,-0.008113033138215542,0.3142794966697693,0.938782811164856,-0.006263061426579952,0.3273501396179199,0.9303523302078247,0.0016272675711661577,0.3444842994213104,0.9341016411781311,0.007408949546515942
0.476731538772583,0.9253525733947754,-3.617210353468181e-08,0.4692291021347046,0.8416023850440979,-0.007793684024363756,0.4296596050262451,0.7797690629959106,-0.011738075874745846,0.37665319442749023,0.7626287937164307,-0.014367290772497654,0.3459177315235138,0.7887406349182129,-0.01517563033849001,0.3620045483112335,0.8226310014724731,-0.008317286148667336,0.3142262101173401,0.8017988204956055,-0.017335087060928345,0.33164942264556885,0.8031118512153625,-0.024388503283262253,0.3519546687602997,0.8115108013153076,-0.02750929817557335,0.35050371289253235,0.8791278004646301,-0.007879706099629402,0.3039330840110779,0.8491076231002808,-0.009976806119084358,0.320065438747406,0.8422207832336426,-0.011557718738913536,0.34003588557243347,0.8509794473648071,-0.013237472623586655,0.3496374487876892,0.9296479225158691,-0.00792208407074213,0.31099578738212585,0.9009385108947754,-0.007926004938781261,0.327096164226532,0.8914848566055298,-0.0025283144786953926,0.34696632623672485,0.8978245854377747,-0.00010982516687363386,0.35556143522262573,0.9713103771209717,-0.008702411316335201,0.3245854675769806,0.9375771880149841,-0.006534087471663952,0.3384706676006317,0.9294561147689819,0.0019911620765924454,0.35529130697250366,0.9341405034065247,0.008259431459009647
0.4937209486961365,0.9130409359931946,-2.582927294270121e-08,0.48105302453041077,0.8342458009719849,-0.008847136981785297,0.43848395347595215,0.7718453407287598,-0.014706574380397797,0.38308054208755493,0.7558689713478088,-0.01880369707942009,0.3501971960067749,0.7815011739730835,-0.021286075934767723,0.3784123659133911,0.8129838109016418,-0.015094544738531113,0.3212054967880249,0.7985615134239197,-0.025366200134158134,0.338057279586792,0.8008431196212769,-0.031923405826091766,0.3604256212711334,0.8053300380706787,-0.034381914883852005,0.3695822060108185,0.8712272644042969,-0.014553433284163475,0.3120386302471161,0.8475674986839294,-0.018512630835175514,0.3267342448234558,0.8404681086540222,-0.01989438198506832,0.34742775559425354,0.8466566801071167,-0.021158691495656967,0.3694832921028137,0.9225404858589172,-0.01407678797841072,0.3210199773311615,0.9009033441543579,-0.015431123785674572,0.33430755138397217,0.8896761536598206,-0.009671404957771301,0.3535733222961426,0.8933835625648499,-0.006649015471339226,0.37496712803840637,0.9647091031074524,-0.014154601842164993,0.3332982659339905,0.9396735429763794,-0.01277191936969757,0.344344824552536,0.9294248819351196,-0.003572208806872368,0.36062145233154297,0.9313281774520874,0.0033132454846054316
0.5174586772918701,0.8996508121490479,-1.8251471090025007e-07,0.5051885843276978,0.8068780899047852,-0.001444352325052023,0.4645298719406128,0.7414409518241882,-0.004490393213927746,0.41376692056655884,0.7295030355453491,-0.0066931284964084625,0.38557878136634827,0.754535436630249,-0.007517059333622456,0.4083963930606842,0.7712429761886597,-0.015300384722650051,0.35551270842552185,0.7486206293106079,-0.023340212181210518,0.3736504912376404,0.7571685314178467,-0.026681087911128998,0.39634647965431213,0.7664541006088257,-0.027249757200479507,0.3909488916397095,0.8283469080924988,-0.017406931146979332,0.3412208557128906,0.7952638864517212,-0.017780568450689316,0.36026546359062195,0.7968764901161194,-0.01439657248556614,0.3828032910823822,0.8068989515304565,-0.013039200566709042,0.38367760181427,0.8819003701210022,-0.018570957705378532,0.3401445746421814,0.8485205173492432,-0.015577726997435093,0.35814881324768066,0.8457819819450378,-0.006803624331951141,0.380048543214798,0.8541266322135925,-0.0030949481297284365,0.38438183069229126,0.9290000200271606,-0.019680218771100044,0.3507199287414551,0.8952159881591797,-0.01475323922932148,0.3656979501247406,0.8890751600265503,-0.0038088371511548758,0.383816123008728,0.8953543305397034,0.0036515160463750362
0.5180089473724365,0.8902455568313599,-1.0884247814146875e-07,0.5108765959739685,0.7993943691253662,-0.0002937265089713037,0.4793200194835663,0.729375958442688,-0.005112712737172842,0.4290200173854828,0.7094799280166626,-0.00928766280412674,0.39824628829956055,0.7352274656295776,-0.012476982548832893,0.41752883791923523,0.7589884996414185,-0.017260689288377762,0.3634456992149353,0.7368449568748474,-0.025167357176542282,0.3826378285884857,0.744269847869873,-0.028680836781859398,0.40595266222953796,0.7544221878051758,-0.029107876121997833,0.39993926882743835,0.8154442310333252,-0.01992100477218628,0.3490004539489746,0.7823975682258606,-0.019452039152383804,0.3683616816997528,0.7822697758674622,-0.015566091053187847,0.38954704999923706,0.7935355305671692,-0.014452868141233921,0.3920159339904785,0.8684788942337036,-0.021046344190835953,0.3452560007572174,0.8341006636619568,-0.01783282682299614,0.3643888235092163,0.8294061422348022,-0.007208928931504488,0.3860941529273987,0.8393188118934631,-0.0023074629716575146,0.39129018783569336,0.9162119626998901,-0.0218563973903656,0.35202911496162415,0.8792926073074341,-0.016202760860323906,0.3683101534843445,0.8738795518875122,-0.0027537578716874123,0.38690799474716187,0.8828399777412415,0.006444443017244339
0.522022008895874,0.8797141313552856,-1.0875551481603907e-07,0.5167174339294434,0.7905505895614624,0.001269167405553162,0.48470595479011536,0.718688428401947,-0.0009704229887574911,0.43610379099845886,0.702424168586731,-0.002814304316416383,0.40811800956726074,0.7293916940689087,-0.0038861585780978203,0.4220561683177948,0.7433220744132996,-0.00899041909724474,0.36978524923324585,0.7239335775375366,-0.015400557778775692,0.3837249279022217,0.7367827892303467,-0.019804371520876884,0.4057762026786804,0.7477166652679443,-0.02120380476117134,0.4032025635242462,0.7980034947395325,-0.011507777497172356,0.3532351553440094,0.7714283466339111,-0.010344820097088814,0.36891621351242065,0.776127278804779,-0.0082936380058527,0.3903852701187134,0.7852794528007507,-0.008036201819777489,0.3935457468032837,0.8505073189735413,-0.012812054716050625,0.34709471464157104,0.8229948878288269,-0.009556994773447514,0.36397990584373474,0.8216030597686768,-0.0015858799451962113,0.3864312469959259,0.8289535045623779,0.001998394262045622,0.3919089734554291,0.899124801158905,-0.013677598908543587,0.354704886674881,0.870514452457428,-0.008900586515665054,0.36757004261016846,0.8658099174499512,0.00217382051050663,0.3844428062438965,0.8702011108398438,0.010109706781804562
0.5208929181098938,0.834225058555603,-1.534369999944829e-07,0.5200265049934387,0.7483881115913391,0.007301450241357088,0.4954013228416443,0.677415132522583,0.008700408041477203,0.45022350549697876,0.6544294953346252,0.008662516251206398,0.42468059062957764,0.6775467991828918,0.00911814533174038,0.4264673888683319,0.6837083101272583,0.0018546158680692315,0.38019809126853943,0.6633626222610474,0.00286611239425838,0.39372655749320984,0.6789833903312683,0.0029936842620372772,0.41354241967201233,0.6913655996322632,0.0034445482306182384,0.4033915102481842,0.7298659086227417,-0.0028055806178599596,0.3655579686164856,0.7063184976577759,0.006596777588129044,0.3818272650241852,0.7177624702453613,0.0111380061134696,0.40132570266723633,0.7288528084754944,0.011384808458387852,0.3913165330886841,0.7787901163101196,-0.005764304660260677,0.3556334674358368,0.7504175305366516,0.003379862755537033,0.370818167924881,0.7573482990264893,0.011634349822998047,0.39176416397094727,0.7690801620483398,0.013739362359046936,0.3860267698764801,0.8274208903312683,-0.008016521111130714,0.3541088402271271,0.7987441420555115,0.0007308674976229668,0.3683099150657654,0.8003774285316467,0.012925668619573116,0.38652345538139343,0.8101325035095215,0.02091146446764469
0.5128430724143982,0.818241536617279,-1.28322625414512e-07,0.518473207950592,0.734285295009613,0.0060759056359529495,0.4979833960533142,0.662834644317627,0.00756502989679575,0.4559689462184906,0.6365059018135071,0.008255320601165295,0.4305543899536133,0.6568773984909058,0.009462517686188221,0.42254599928855896,0.6671791076660156,0.0016215731156989932,0.3831852674484253,0.6442757248878479,0.002518103923648596,0.395250529050827,0.6624499559402466,0.0020396020263433456,0.41372448205947876,0.6781585812568665,0.0021763015538454056,0.39880242943763733,0.7120455503463745,-0.0017702619079500437,0.3647702932357788,0.6874366998672485,0.006600933149456978,0.3798576295375824,0.6990063786506653,0.010756373405456543,0.3987978994846344,0.7116718888282776,0.011059089563786983,0.3865774869918823,0.7593665719032288,-0.0035589071922004223,0.3538892865180969,0.7328431606292725,0.00407169247046113,0.3700513541698456,0.7382462024688721,0.011234145611524582,0.3908071219921112,0.7501946687698364,0.013286890462040901,0.3821175992488861,0.8061518669128418,-0.0045987884514033794,0.3544391691684723,0.7780343294143677,0.00306809158064425,0.3676913380622864,0.7792132496833801,0.014022769406437874,0.38473477959632874,0.7880750894546509,0.021372294053435326
0.5075562000274658,0.8002617359161377,-1.3899634154768137e-07,0.5170630812644958,0.7236296534538269,0.003828316228464246,0.5009000897407532,0.6546446084976196,0.003935363609343767,0.4608858823776245,0.6251865029335022,0.0033523968886584044,0.43269777297973633,0.6336225271224976,0.003392506157979369,0.42941781878471375,0.6493606567382812,9.67067462624982e-05,0.3862668573856354,0.6262921094894409,-0.0011101594427600503,0.39411410689353943,0.6471313834190369,-0.0028527809772640467,0.4119936227798462,0.6629946231842041,-0.0031882638577371836,0.4048070013523102,0.6906656622886658,-0.00279583060182631,0.3655131459236145,0.6666773557662964,0.002779862377792597,0.376819372177124,0.6822523474693298,0.005653262138366699,0.3956049680709839,0.6943446397781372,0.0059006307274103165,0.390388548374176,0.7362439632415771,-0.0044917576014995575,0.3514133095741272,0.7092527151107788,0.00017590058268979192,0.36439114809036255,0.7186887264251709,0.006932785734534264,0.3849863111972809,0.730475127696991,0.009623678401112556,0.38311660289764404,0.7828854322433472,-0.0055299364030361176,0.3497273921966553,0.7549805641174316,-0.0006925585912540555,0.3598218560218811,0.7575989961624146,0.00942674558609724,0.3764701187610626,0.7657585740089417,0.016877543181180954
0.4814278781414032,0.7685925960540771,-1.1222242335406918e-07,0.4907992482185364,0.684199333190918,0.009432971477508545,0.4802221357822418,0.6132635474205017,0.013116908259689808,0.44227880239486694,0.5820288062095642,0.015273584052920341,0.41267266869544983,0.5862693190574646,0.017435457557439804,0.4017680287361145,0.5898045301437378,0.010935043916106224,0.3670807480812073,0.575192391872406,0.018255138769745827,0.37748950719833374,0.5953977108001709,0.020398935303092003,0.3950183093547821,0.6108838319778442,0.02138490602374077,0.3731233775615692,0.628328263759613,0.007520116865634918,0.35082823038101196,0.6160494089126587,0.021418211981654167,0.3654838502407074,0.634716272354126,0.02380777895450592,0.3838810622692108,0.6489645838737488,0.022084830328822136,0.3563775420188904,0.6740173697471619,0.006158775649964809,0.334632933139801,0.6547892093658447,0.017359105870127678,0.34916481375694275,0.6689271330833435,0.02249195985496044,0.36898189783096313,0.6853446364402771,0.02265917882323265,0.34659168124198914,0.7219470739364624,0.005814800504595041,0.3240851163864136,0.6975203156471252,0.014504778198897839,0.3380811810493469,0.7053267359733582,0.024504831060767174,0.3552994728088379,0.7181729078292847,0.031587813049554825
0.4666586220264435,0.7554554343223572,-1.7307057476045884e-07,0.4817487597465515,0.6772052645683289,0.0056615774519741535,0.4709901213645935,0.6077677011489868,0.0076316590420901775,0.4316979646682739,0.5766788721084595,0.008706379681825638,0.40047314763069153,0.5799033641815186,0.009659068658947945,0.3970375657081604,0.5830774903297424,0.0030297902412712574,0.3595779538154602,0.5668238401412964,0.006430945824831724,0.36969274282455444,0.587043285369873,0.007001620251685381,0.3869459629058838,0.6026912927627563,0.0073366789147257805,0.36894431710243225,0.6215746402740479,-5.475744910654612e-05,0.3414672911167145,0.605991780757904,0.011200781911611557,0.3554701805114746,0.6241205930709839,0.01482096966356039,0.37344810366630554,0.6388176083564758,0.013924271799623966,0.35250309109687805,0.6670124530792236,-0.0015327762812376022,0.3258017897605896,0.6432167291641235,0.006654576864093542,0.3406282961368561,0.6570161581039429,0.012706589885056019,0.35962769389152527,0.6730566024780273,0.013582667335867882,0.34285008907318115,0.7158030271530151,-0.0021967145148664713,0.3167426288127899,0.6868565082550049,0.0033690454438328743,0.3306466341018677,0.6941582560539246,0.013098289258778095,0.34713152050971985,0.7074547410011292,0.020016351714730263
0.4310944974422455,0.7445317506790161,-5.983753936789071e-08,0.444424033164978,0.6681768298149109,0.006003569811582565,0.4313259422779083,0.5959088802337646,0.010205085389316082,0.3954567015171051,0.566069483757019,0.013746846467256546,0.3690297305583954,0.581285834312439,0.01732034981250763,0.357394278049469,0.5749520063400269,0.00927091296762228,0.3293198347091675,0.556012749671936,0.01402602344751358,0.33763307332992554,0.5760089159011841,0.014039667323231697,0.3547321856021881,0.5950112342834473,0.013980436138808727,0.3281692564487457,0.6098732948303223,0.0075973030179739,0.3102928400039673,0.5997226238250732,0.01971297152340412,0.3232335150241852,0.6178141236305237,0.02224692516028881,0.340908020734787,0.6325772404670715,0.020991377532482147,0.3100928068161011,0.6527743339538574,0.007117769215255976,0.2950248718261719,0.6397587656974792,0.018197009339928627,0.30876654386520386,0.6537066102027893,0.02204076014459133,0.32689717411994934,0.6679410338401794,0.02097226493060589,0.2990066707134247,0.69736647605896,0.007116680033504963,0.2884971499443054,0.6842241883277893,0.01640017330646515,0.30223697423934937,0.6933974623680115,0.0241465475410223,0.3175339698791504,0.7042936086654663,0.028962580487132072
0.4190426766872406,0.7469482421875,-1.3370532769840793e-07,0.43242812156677246,0.6712607741355896,0.003235094016417861,0.4191763401031494,0.5988295674324036,0.004888078197836876,0.3830081522464752,0.5682293176651001,0.005914217326790094,0.3537953794002533,0.5773734450340271,0.006814649794250727,0.3538963794708252,0.5841643810272217,0.0009022474987432361,0.31839340925216675,0.5610852241516113,-0.00034391536610201,0.3259127736091614,0.5788305401802063,-0.0027925618924200535,0.3427237570285797,0.5966135263442993,-0.003640572540462017,0.32699063420295715,0.6217935681343079,-0.0014009744627401233,0.3005034327507019,0.603954017162323,0.0044536772184073925,0.31325003504753113,0.61878901720047,0.005928637459874153,0.33086442947387695,0.6330601572990417,0.004792366176843643,0.30993741750717163,0.6657893657684326,-0.0028238638769835234,0.28541070222854614,0.6431925892829895,0.001899799215607345,0.2989288568496704,0.6545062065124512,0.006653164979070425,0.3172226548194885,0.6688917279243469,0.0076174065470695496,0.2989426553249359,0.7120639085769653,-0.0037440962623804808,0.2769918143749237,0.6855016946792603,0.0008062217384576797,0.2898155450820923,0.6927366256713867,0.009381945244967937,0.30533912777900696,0.7052122354507446,0.015542392618954182
0.41207122802734375,0.746816873550415,-1.0616721368705839e-07,0.42411673069000244,0.6724058389663696,0.0027142143808305264,0.40666860342025757,0.6001526713371277,0.004756318870931864,0.36808234453201294,0.5742188096046448,0.00593521585687995,0.33873215317726135,0.5880129337310791,0.006867100019007921,0.33835071325302124,0.5849459171295166,0.00531853036954999,0.30666977167129517,0.5702722668647766,0.004117902833968401,0.315131813287735,0.5871813297271729,0.00013193061749916524,0.3327440619468689,0.6033416986465454,-0.0018830373883247375,0.31191733479499817,0.6247404217720032,0.0030327264685183764,0.29006442427635193,0.613796591758728,0.009243408218026161,0.30367985367774963,0.6281435489654541,0.009511747397482395,0.3219941258430481,0.6423415541648865,0.007648286875337362,0.2960631847381592,0.6710476279258728,0.0012060562148690224,0.27711716294288635,0.6545562744140625,0.0061966003850102425,0.2912045121192932,0.6653202176094055,0.009590746834874153,0.3098761737346649,0.6788209676742554,0.009750659577548504,0.2863540053367615,0.7184376120567322,-0.0003358372487127781,0.2693248987197876,0.6983045339584351,0.004787580110132694,0.2824448049068451,0.7050824165344238,0.012613637372851372,0.2977589964866638,0.7157317399978638,0.018244460225105286
0.3817131817340851,0.7656228542327881,-5.782262135767269e-08,0.39846566319465637,0.689241349697113,0.003701197449117899,0.38556498289108276,0.6210688948631287,0.00736169284209609,0.3499690294265747,0.5948585867881775,0.010641642846167088,0.32379716634750366,0.6106837391853333,0.014011872932314873,0.30234938859939575,0.6059614419937134,0.009306753985583782,0.2778798043727875,0.5956615209579468,0.015426456928253174,0.28811317682266235,0.6126159429550171,0.01683208718895912,0.30462974309921265,0.6272276639938354,0.017055781558156013,0.27523109316825867,0.6440876722335815,0.008330336771905422,0.2641877830028534,0.6407510638237,0.02165311947464943,0.2792663872241974,0.6551520824432373,0.02420557290315628,0.29639536142349243,0.6658620834350586,0.022359004244208336,0.2616269886493683,0.6898645162582397,0.008298888802528381,0.25418317317962646,0.6819243431091309,0.018181415274739265,0.26954522728919983,0.6920081973075867,0.020287342369556427,0.2876695990562439,0.7027837634086609,0.018041346222162247,0.2554599344730377,0.7369052171707153,0.008584864437580109,0.2552659213542938,0.7292977571487427,0.015637703239917755,0.27123957872390747,0.7364254593849182,0.020931553095579147,0.28630906343460083,0.7451255917549133,0.024203240871429443
0.37706711888313293,0.7759766578674316,-9.839923365007053e-08,0.39519941806793213,0.698939859867096,-0.0010860386537387967,0.37812837958335876,0.6274070143699646,0.0002060463884845376,0.33743566274642944,0.601715624332428,0.0020931828767061234,0.30906736850738525,0.6182911992073059,0.004347328562289476,0.29984134435653687,0.6220935583114624,0.0002877014921978116,0.272367388010025,0.60452800989151,0.0011753587750717998,0.28148066997528076,0.6195300817489624,-9.249967115465552e-05,0.29766175150871277,0.6353131532669067,-0.0008729945402592421,0.2743372321128845,0.6619200706481934,0.0007516146288253367,0.2611220180988312,0.6498718857765198,0.00871897954493761,0.27551141381263733,0.6602009534835815,0.010564484633505344,0.2915736734867096,0.6719456315040588,0.00911652110517025,0.26125311851501465,0.7064224481582642,0.0017118417890742421,0.25190049409866333,0.6900395154953003,0.007274714298546314,0.26732614636421204,0.6969265341758728,0.01028208527714014,0.28431999683380127,0.7087736129760742,0.009684331715106964,0.2545960545539856,0.7507938146591187,0.002674055751413107,0.24998794496059418,0.7332223653793335,0.00696534663438797,0.264866441488266,0.7379299402236938,0.012651645578444004,0.27827775478363037,0.7467266321182251,0.01651402749121189
0.3825080990791321,0.8103765249252319,-8.122351857764443e-08,0.3945304751396179,0.7296832799911499,-0.0012340930989012122,0.3673551082611084,0.6613895297050476,0.0007066405960358679,0.32593896985054016,0.6378663778305054,0.0033972417004406452,0.29862022399902344,0.6568233370780945,0.006554904393851757,0.28560397028923035,0.6682609915733337,0.001100140274502337,0.2565581202507019,0.6553997993469238,0.0023421156220138073,0.2728102207183838,0.6647010445594788,4.306267510401085e-05,0.2927129566669464,0.6740207076072693,-0.0019846614450216293,0.26523372530937195,0.7139943242073059,0.0014649552758783102,0.25365498661994934,0.7016810178756714,0.009403428994119167,0.2737155258655548,0.7087298035621643,0.010523520410060883,0.2913252115249634,0.7196258902549744,0.008127191103994846,0.2577712833881378,0.7616671323776245,0.0022822790779173374,0.25062403082847595,0.7458536028862,0.008692399598658085,0.2691517174243927,0.7488470673561096,0.011082732118666172,0.2870342433452606,0.7593874931335449,0.009524854831397533,0.25703462958335876,0.8064910769462585,0.0029430396389216185,0.253477543592453,0.7881778478622437,0.007474749814718962,0.26977404952049255,0.7901676893234253,0.012688077054917812,0.2842409908771515,0.7972352504730225,0.01590459793806076
0.3906135857105255,0.8239479064941406,-1.6979166161945614e-07,0.3987026810646057,0.7413214445114136,0.0021591330878436565,0.37004685401916504,0.6720880270004272,0.00332649820484221,0.3260871171951294,0.6496925354003906,0.004677482880651951,0.2974482774734497,0.6695820689201355,0.005796800833195448,0.2950863242149353,0.6764016151428223,-0.0037904882337898016,0.25959593057632446,0.6685407161712646,-0.005380324088037014,0.2750609517097473,0.6827705502510071,-0.008815111592411995,0.2966058552265167,0.6936005353927612,-0.01107984222471714,0.27454322576522827,0.7266082167625427,-0.005683212075382471,0.2546800673007965,0.7166627049446106,0.0006973789422772825,0.2740790545940399,0.7265284061431885,0.002425441285595298,0.2930310368537903,0.7375144362449646,0.00046965511864982545,0.26597917079925537,0.7782751321792603,-0.006526999641209841,0.25098347663879395,0.7647230625152588,-0.0009254419710487127,0.26945367455482483,0.768572211265564,0.0033399215899407864,0.288841187953949,0.778350830078125,0.002916711149737239,0.264087975025177,0.8277358412742615,-0.007046116515994072,0.25380778312683105,0.8095912933349609,-0.002271091565489769,0.27121347188949585,0.8116075992584229,0.004857388325035572,0.28653836250305176,0.8184480667114258,0.00936095230281353
0.3956172466278076,0.8299234509468079,-1.4934323644411052e-07,0.40115031599998474,0.7481970191001892,0.0013598313089460135,0.3750549852848053,0.6804631948471069,0.0011167501797899604,0.3302934169769287,0.6575045585632324,0.0008975840173661709,0.3008861243724823,0.675265908241272,0.0008610906079411507,0.29677385091781616,0.6872478723526001,-0.004359788727015257,0.26323896646499634,0.6764490604400635,-0.006795719265937805,0.2806919813156128,0.6895990967750549,-0.011101881042122841,0.3024420440196991,0.7008869051933289,-0.01399635337293148,0.27665406465530396,0.737177848815918,-0.006489836145192385,0.25875937938690186,0.7234956622123718,-0.001202792045660317,0.27775609493255615,0.7310338616371155,-0.0004069028655067086,0.29657304286956787,0.7413429617881775,-0.0028243346605449915,0.26954105496406555,0.7876313328742981,-0.007526724133640528,0.25661027431488037,0.7692553400993347,-0.0026719223242253065,0.27406662702560425,0.772056519985199,0.0014164634048938751,0.29342132806777954,0.7818955779075623,0.001181458355858922,0.2696293294429779,0.8348338603973389,-0.00839142594486475,0.26307985186576843,0.8131309151649475,-0.004159210249781609,0.27988719940185547,0.8144179582595825,0.002777229296043515,0.2954268157482147,0.821803629398346,0.007483288180083036
0.42480117082595825,0.8640038967132568,-1.665419802066026e-07,0.4289596676826477,0.7789465188980103,-0.002490091836079955,0.3963842988014221,0.7084336280822754,-0.002301238477230072,0.3505522608757019,0.6874297857284546,-0.002331378171220422,0.3212027847766876,0.7099606990814209,-0.0016125176334753633,0.32154381275177,0.7285526394844055,0.0008404547115787864,0.28240764141082764,0.7171170711517334,-0.002846475224941969,0.2990666329860687,0.7251928448677063,-0.008478538133203983,0.3218301832675934,0.7334219217300415,-0.012094927951693535,0.30551010370254517,0.7809258699417114,-0.0004328326031100005,0.2806216776371002,0.7663451433181763,0.0017919960664585233,0.3013177514076233,0.771321177482605,0.0002602355962153524,0.32299941778182983,0.7805566191673279,-0.0026024370454251766,0.30123746395111084,0.8316826820373535,-0.0019213948398828506,0.28119784593582153,0.8137111663818359,0.0002176357520511374,0.29910576343536377,0.8149911165237427,0.0031998532358556986,0.31959956884384155,0.8234462738037109,0.003332237945869565,0.30346596240997314,0.8785768747329712,-0.0038473415188491344,0.2881646156311035,0.8558699488639832,-0.0010179110104218125,0.30438244342803955,0.8548835515975952,0.005653081927448511,0.3216998279094696,0.8606595396995544,0.01047484204173088
0.43907326459884644,0.8716051578521729,-1.4098934286721487e-07,0.44087687134742737,0.7837799191474915,0.003262625075876713,0.4070884585380554,0.7184101343154907,0.005862505175173283,0.3597155809402466,0.6938176155090332,0.008398338221013546,0.3329211175441742,0.7142314910888672,0.011260000988841057,0.3307306468486786,0.7354093790054321,0.0007984355906955898,0.29316022992134094,0.7208895683288574,0.0014155523385852575,0.31144294142723083,0.7290664911270142,-0.0007928333943709731,0.3332377076148987,0.7381082773208618,-0.002533808583393693,0.3138071894645691,0.7884645462036133,-0.0011677670991048217,0.289323091506958,0.7695220708847046,0.00697121350094676,0.3087938129901886,0.7723431587219238,0.008687419816851616,0.32765305042266846,0.7823895215988159,0.006572800688445568,0.3093234598636627,0.840506911277771,-0.001990699674934149,0.28930938243865967,0.8171907663345337,0.005827134009450674,0.30697518587112427,0.816276490688324,0.010899952612817287,0.32592904567718506,0.8262104988098145,0.010729437693953514,0.3116682469844818,0.887761652469635,-0.0025481092743575573,0.2956774830818176,0.8606425523757935,0.004546906799077988,0.3119599223136902,0.8599109649658203,0.013314961455762386,0.32806599140167236,0.867719829082489,0.01864832080900669
0.45013874769210815,0.8760281801223755,-1.4178969820477505e-07,0.4484303593635559,0.7871325016021729,-0.0010576931526884437,0.4149092733860016,0.7204008102416992,-0.0032496987842023373,0.3649323284626007,0.7011158466339111,-0.0052252779714763165,0.33373528718948364,0.7212033271789551,-0.006405348889529705,0.34385228157043457,0.7420569658279419,-0.008639190346002579,0.30001580715179443,0.7268075346946716,-0.015177062712609768,0.3211629092693329,0.7338563203811646,-0.02124539017677307,0.3457111120223999,0.7425467371940613,-0.024527857080101967,0.32736101746559143,0.7959336638450623,-0.010864323005080223,0.29532355070114136,0.774823784828186,-0.008814034052193165,0.3167911171913147,0.7771938443183899,-0.008060791529715061,0.33847758173942566,0.7867914438247681,-0.00987513642758131,0.32162097096443176,0.8473842144012451,-0.012393800541758537,0.29683536291122437,0.8236493468284607,-0.00874326191842556,0.31509456038475037,0.8229833245277405,-0.0020694476552307606,0.33594778180122375,0.8318765759468079,-0.0003292128967586905,0.3227570652961731,0.8948879837989807,-0.014138631522655487,0.3039402663707733,0.8671215772628784,-0.009954585693776608,0.32051363587379456,0.8655275106430054,-0.000684564933180809,0.3377203047275543,0.8729718923568726,0.005701261572539806
0.48364052176475525,0.8808780312538147,-1.963181972541861e-07,0.4824618399143219,0.7874485850334167,0.0008780606440268457,0.44801443815231323,0.7217423915863037,-0.00041156733641400933,0.39833375811576843,0.7020358443260193,-0.0015296820783987641,0.36476781964302063,0.7182087898254395,-0.0018948663491755724,0.38167908787727356,0.7425366044044495,-0.010268906131386757,0.33217015862464905,0.7254497408866882,-0.015332893468439579,0.3531276285648346,0.7332857847213745,-0.019036458805203438,0.37806397676467896,0.7417198419570923,-0.020498979836702347,0.36396998167037964,0.7983793616294861,-0.012524791993200779,0.32754507660865784,0.7752315998077393,-0.00815661158412695,0.349726140499115,0.7784165143966675,-0.004650586750358343,0.3718101978302002,0.7865121364593506,-0.004832230042666197,0.3581039309501648,0.8523828983306885,-0.013691799715161324,0.32500743865966797,0.8252897262573242,-0.008530323393642902,0.3454897105693817,0.8255530595779419,-0.0002876074577216059,0.36798810958862305,0.8346968293190002,0.0021799674723297358,0.3604150116443634,0.9011674523353577,-0.014631167985498905,0.337686687707901,0.8722740411758423,-0.009499246254563332,0.35476791858673096,0.8714017868041992,0.0010327429044991732,0.3726453483104706,0.8789965510368347,0.008164796978235245
0.49536627531051636,0.8742663860321045,-1.726661338352642e-07,0.4901244044303894,0.7867184281349182,0.001072028186172247,0.4547744691371918,0.7197476625442505,-0.0008176572737284005,0.4028416574001312,0.7045109868049622,-0.0022065178491175175,0.37018707394599915,0.7237703800201416,-0.0030178839806467295,0.3948103189468384,0.7388513088226318,-0.013732579536736012,0.3381965160369873,0.7252645492553711,-0.02101963199675083,0.35671883821487427,0.7362840175628662,-0.024775603786110878,0.38287028670310974,0.7443251609802246,-0.025585290044546127,0.3782370686531067,0.7942011952400208,-0.016115736216306686,0.3340570330619812,0.774786651134491,-0.013706056401133537,0.35437870025634766,0.7809032797813416,-0.0094295060262084,0.3760381042957306,0.7884852290153503,-0.008769223466515541,0.3714565634727478,0.8477577567100525,-0.017282836139202118,0.3313613831996918,0.8239442706108093,-0.013855180703103542,0.3509546220302582,0.8255362510681152,-0.00396654661744833,0.37282708287239075,0.8330258727073669,-3.641124067144119e-06,0.37223654985427856,0.8984894752502441,-0.018089400604367256,0.34366604685783386,0.8710845112800598,-0.014136663638055325,0.3609631657600403,0.8700369000434875,-0.0028747522737830877,0.37834998965263367,0.8766269087791443,0.004959631245583296
0.51270592212677,0.8485288619995117,-2.5162410111079225e-07,0.5051648616790771,0.7652130126953125,0.005822834093123674,0.47481343150138855,0.6999446153640747,0.006415600888431072,0.4290778934955597,0.6798276901245117,0.005775898694992065,0.3978365957736969,0.6997864842414856,0.005061732605099678,0.41097933053970337,0.7058295607566833,-0.004111473448574543,0.3574669361114502,0.6959084272384644,-0.009206370450556278,0.37107765674591064,0.7153217196464539,-0.012410887517035007,0.39694270491600037,0.7266591191291809,-0.013011381961405277,0.393602192401886,0.7562492489814758,-0.008141080848872662,0.35622090101242065,0.7544270157814026,-0.002941285027191043,0.37531399726867676,0.7687519192695618,0.00150770612526685,0.3966509997844696,0.7719256281852722,0.0017885382985696197,0.38679739832878113,0.8105670213699341,-0.011036964133381844,0.3544626832008362,0.8034321069717407,-0.005546913482248783,0.37318912148475647,0.8121761083602905,0.0031851253006607294,0.39481979608535767,0.816658616065979,0.005685542710125446,0.38658714294433594,0.8651481866836548,-0.013305027969181538,0.36502718925476074,0.852972149848938,-0.007513565476983786,0.38279008865356445,0.8568471074104309,0.0034665425773710012,0.40079161524772644,0.8609195351600647,0.010879824869334698
0.5091711282730103,0.8402058482170105,-2.247571160296502e-07,0.5050551295280457,0.7593042850494385,0.0044359927996993065,0.4758983254432678,0.6923487186431885,0.004212380386888981,0.43059730529785156,0.672319769859314,0.00284254620783031,0.39937132596969604,0.6888999342918396,0.001391225028783083,0.4115380346775055,0.6952342391014099,-0.005998075474053621,0.3576679229736328,0.6855039000511169,-0.012274045497179031,0.3717974126338959,0.7063049077987671,-0.016500242054462433,0.3973126709461212,0.7173447012901306,-0.01803707145154476,0.39399534463882446,0.745238721370697,-0.01021167915314436,0.3579665720462799,0.7460873126983643,-0.008453123271465302,0.37794220447540283,0.7619407773017883,-0.005530834197998047,0.4012206196784973,0.7658941149711609,-0.005452025681734085,0.38698381185531616,0.7986756563186646,-0.013394788838922977,0.35577335953712463,0.7946711182594299,-0.011238141916692257,0.3760825991630554,0.805161714553833,-0.002920297672972083,0.3997158110141754,0.809657096862793,0.0002566194743849337,0.3861960768699646,0.8522285223007202,-0.01613939367234707,0.36929410696029663,0.8456372022628784,-0.013906252570450306,0.3886006772518158,0.8516921997070312,-0.004570413380861282,0.4072325527667999,0.8551705479621887,0.002472921507433057
0.5100635290145874,0.8346821069717407,-2.1878982181533502e-07,0.5070579648017883,0.7535510063171387,0.005680238828063011,0.4780295491218567,0.6855587959289551,0.007033125963062048,0.43247848749160767,0.6631982326507568,0.0071809557266533375,0.4025428891181946,0.6814825534820557,0.0072208913043141365,0.4138199985027313,0.6876454949378967,-0.0019182499963790178,0.36256933212280273,0.6759030222892761,-0.005268750712275505,0.37369534373283386,0.6947424411773682,-0.007616261951625347,0.3982168138027191,0.7074191570281982,-0.008034888654947281,0.39547330141067505,0.7353208661079407,-0.005740723107010126,0.3612937331199646,0.7347670197486877,-0.0011029045563191175,0.3794286251068115,0.74974524974823,0.002320356434211135,0.40205609798431396,0.7554388642311096,0.0022765425965189934,0.38685423135757446,0.7872464060783386,-0.008405189961194992,0.35847678780555725,0.7816509008407593,-0.003513492178171873,0.37658196687698364,0.7921028137207031,0.004228099249303341,0.39907553791999817,0.7987375259399414,0.006272423546761274,0.38408786058425903,0.8400644659996033,-0.010575631633400917,0.3676508069038391,0.8313413858413696,-0.006031100172549486,0.3861585855484009,0.8382778167724609,0.003308821003884077,0.40466436743736267,0.8437538743019104,0.009783968329429626
0.4987574815750122,0.8059695959091187,-1.443888777430402e-07,0.4977700710296631,0.7258684039115906,0.009554071351885796,0.4731789231300354,0.6581437587738037,0.012668440118432045,0.4302996098995209,0.6339545249938965,0.013606250286102295,0.40020066499710083,0.6457072496414185,0.014586183242499828,0.4055599868297577,0.6570805311203003,0.005130694713443518,0.35766521096229553,0.635682225227356,0.004508958663791418,0.3680977523326874,0.6544246077537537,0.002984721679240465,0.3907545506954193,0.6713295578956604,0.0033470101188868284,0.38456016778945923,0.7029054164886475,0.0008403961546719074,0.3558102548122406,0.6960204839706421,0.01063350960612297,0.37185150384902954,0.7082417011260986,0.01457280945032835,0.3921121656894684,0.7146865129470825,0.014011787250638008,0.37414005398750305,0.7522506713867188,-0.002128445543348789,0.35374608635902405,0.7432307600975037,0.008214208297431469,0.3682675361633301,0.7512603998184204,0.015004203654825687,0.3882367014884949,0.7590824365615845,0.015435982495546341,0.36872372031211853,0.8011956810951233,-0.004421732854098082,0.3551620841026306,0.7893020510673523,0.005870812572538853,0.37075090408325195,0.7950171828269958,0.016322743147611618,0.38803404569625854,0.8020251393318176,0.022849030792713165
0.49304699897766113,0.8016290664672852,-2.0154985236331413e-07,0.49346598982810974,0.7211250066757202,0.005519605241715908,0.4700506925582886,0.65334153175354,0.006083998829126358,0.42707937955856323,0.6312198042869568,0.005932883359491825,0.39584431052207947,0.6437150835990906,0.005814346019178629,0.4038776159286499,0.6487407684326172,-0.005053841508924961,0.35393622517585754,0.6302913427352905,-0.0070294965989887714,0.3632829189300537,0.6514706611633301,-0.0077767460606992245,0.38698071241378784,0.6689361929893494,-0.006827419623732567,0.3815779983997345,0.6943576335906982,-0.007660963106900454,0.35192036628723145,0.6907325983047485,-0.0002290693810209632,0.3688885569572449,0.7075992822647095,0.0043619973585009575,0.39025214314460754,0.715255618095398,0.004480530973523855,0.3699937164783478,0.7444760203361511,-0.008685106411576271,0.3478461503982544,0.7377769947052002,-0.0004003705980721861,0.3639083504676819,0.7498272657394409,0.007552268449217081,0.3845619559288025,0.758307158946991,0.008879453875124454,0.3639867901802063,0.794838547706604,-0.00919690728187561,0.34932273626327515,0.7832115292549133,-0.0013789290096610785,0.3662441670894623,0.7912077903747559,0.008849837817251682,0.38337281346321106,0.7986852526664734,0.015431669540703297
0.4657849073410034,0.7955536842346191,-1.5005342390850274e-07,0.4663136303424835,0.7109625935554504,0.009248156100511551,0.4401806890964508,0.6467796564102173,0.012252001091837883,0.39756354689598083,0.6289108395576477,0.013640209101140499,0.3665043115615845,0.6375394463539124,0.014879354275763035,0.3761124312877655,0.6371984481811523,0.001431705430150032,0.330859899520874,0.6210286021232605,0.0013305526226758957,0.34283095598220825,0.643505871295929,0.0004939671489410102,0.36508721113204956,0.6589874029159546,0.001125276437960565,0.35282933712005615,0.6816524267196655,-0.0022784932516515255,0.3257218897342682,0.6794430613517761,0.0077411578968167305,0.34198126196861267,0.6975637674331665,0.012655774131417274,0.3636530935764313,0.7043077349662781,0.012948529794812202,0.34040823578834534,0.7312290668487549,-0.004381767939776182,0.3209453523159027,0.726876974105835,0.005930840969085693,0.3368927240371704,0.7411845326423645,0.013063720427453518,0.35808607935905457,0.7482726573944092,0.013891407288610935,0.3340793251991272,0.7808934450149536,-0.0057330261915922165,0.3216787576675415,0.7738620042800903,0.003560615936294198,0.3397662937641144,0.7844569683074951,0.01332815270870924,0.35871249437332153,0.7915767431259155,0.019676322117447853
0.4559977352619171,0.7945025563240051,-2.0695441094176203e-07,0.4588067829608917,0.7164745330810547,0.009176556952297688,0.4368351697921753,0.6498953104019165,0.012358533218502998,0.3948085606098175,0.6288162469863892,0.013709882274270058,0.3640064597129822,0.6414684653282166,0.014637283980846405,0.3693329095840454,0.6419212222099304,0.0029126997105777264,0.32110676169395447,0.6237822771072388,0.0020210552029311657,0.3283994197845459,0.6455875039100647,0.001348594669252634,0.3510167598724365,0.6630675792694092,0.002245329786092043,0.3460066318511963,0.6832853555679321,-0.0010642030974850059,0.3171161413192749,0.6853339672088623,0.007523194886744022,0.33345478773117065,0.7035234570503235,0.012043246999382973,0.3549213707447052,0.7088634967803955,0.012066052295267582,0.33453506231307983,0.7320471405982971,-0.0036312921438366175,0.3121182322502136,0.7308587431907654,0.0037534786388278008,0.329225093126297,0.7452378869056702,0.010960821062326431,0.35026928782463074,0.7512398362159729,0.01225984562188387,0.32881203293800354,0.7824721336364746,-0.005278979893773794,0.31326913833618164,0.7766134142875671,0.001936226268298924,0.33089640736579895,0.7869821786880493,0.01193513348698616,0.348680317401886,0.7933002710342407,0.01850268244743347
0.44715625047683716,0.797417402267456,-1.8261388845530746e-07,0.4477449655532837,0.718129575252533,0.007724585477262735,0.42267876863479614,0.6531175374984741,0.011149746365845203,0.379428505897522,0.6336953639984131,0.012729144655168056,0.3481767177581787,0.6467240452766418,0.014169284142553806,0.35719168186187744,0.6477018594741821,0.006157479714602232,0.31153613328933716,0.6301958560943604,0.004598864819854498,0.3165132701396942,0.6491842269897461,0.0030514139216393232,0.33813443779945374,0.6665663719177246,0.00353122572414577,0.3348408043384552,0.6871389746665955,0.0025448102969676256,0.30672118067741394,0.6916866302490234,0.009870193898677826,0.32120344042778015,0.7083191871643066,0.013109534978866577,0.34217923879623413,0.7131654620170593,0.012968967668712139,0.3241995573043823,0.7340492010116577,-0.0002692794078029692,0.302727609872818,0.7370797395706177,0.006986367050558329,0.318163126707077,0.7502522468566895,0.013121240772306919,0.33788615465164185,0.7544942498207092,0.013890063390135765,0.31951430439949036,0.7829970717430115,-0.002544897608458996,0.305525541305542,0.7829874157905579,0.004839412868022919,0.32178235054016113,0.7920337319374084,0.013552702032029629,0.3384454846382141,0.7959221601486206,0.01927776448428631
0.42706888914108276,0.8399997353553772,-6.844297928410015e-08,0.42349132895469666,0.7581033706665039,0.00044842305942438543,0.39526745676994324,0.6913120150566101,-0.0002633763651829213,0.3527834415435791,0.6794170141220093,-0.0017826142720878124,0.3230874240398407,0.6997560262680054,-0.0031459974125027657,0.32295334339141846,0.6964709162712097,0.0008974412339739501,0.2754794955253601,0.6914064884185791,-0.005370727740228176,0.28581881523132324,0.7075635194778442,-0.012155053205788136,0.30857613682746887,0.7185101509094238,-0.015517796389758587,0.30514100193977356,0.7463209629058838,-0.0018503190949559212,0.26904648542404175,0.7435541749000549,-0.0010128803551197052,0.2850419878959656,0.7545849084854126,-0.0018828533357009292,0.30704039335250854,0.7610738277435303,-0.00398785388097167,0.2978751063346863,0.7968860268592834,-0.004654798656702042,0.26656848192214966,0.790730893611908,-0.0033909641206264496,0.28194621205329895,0.7976218461990356,0.0010368677321821451,0.3035713732242584,0.8036346435546875,0.002590371062979102,0.2970227599143982,0.8461269736289978,-0.0075502642430365086,0.271785169839859,0.8351263403892517,-0.004835423082113266,0.28592565655708313,0.8387380838394165,0.003132867394015193,0.30345630645751953,0.8423576951026917,0.009357624687254429
