0.6412288546562195,0.9739367365837097,3.3270981703026337e-07,0.6214019656181335,0.9077920317649841,-0.0053017400205135345,0.5889756083488464,0.8419799208641052,-0.01924697495996952,0.5595361590385437,0.7917744517326355,-0.029925502836704254,0.5443766713142395,0.7504633665084839,-0.04383533075451851,0.567552924156189,0.8467671275138855,-0.06074124202132225,0.4957466423511505,0.8046692609786987,-0.08065558969974518,0.45101165771484375,0.7880808115005493,-0.08851989358663559,0.41440916061401367,0.7786640524864197,-0.09321709722280502,0.5649805068969727,0.8886623978614807,-0.06837940216064453,0.46675196290016174,0.8768854737281799,-0.08986574411392212,0.4102409780025482,0.8763006329536438,-0.09844976663589478,0.367173969745636,0.8763588070869446,-0.10457690805196762,0.5643797516822815,0.9366174936294556,-0.07202475517988205,0.47293567657470703,0.9164131283760071,-0.09021215885877609,0.4204750061035156,0.9057382345199585,-0.09649046510457993,0.38209426403045654,0.8971673250198364,-0.10031815618276596,0.5646533370018005,0.9882832765579224,-0.07375030219554901,0.4987584948539734,0.9816511869430542,-0.0891912505030632,0.4637165367603302,0.9788216352462769,-0.09142573177814484,0.43577128648757935,0.9743688106536865,-0.09149166196584702
0.6177126169204712,0.9455198645591736,3.5791205732493836e-07,0.6011360883712769,0.8653166890144348,0.002017529448494315,0.5694907903671265,0.7932115197181702,-0.004644471686333418,0.5364620685577393,0.7450668215751648,-0.010484153404831886,0.520139217376709,0.703222393989563,-0.019477663561701775,0.5386008024215698,0.7963969111442566,-0.03753543272614479,0.4691815972328186,0.7492900490760803,-0.052996911108493805,0.42444005608558655,0.7254006862640381,-0.05919525399804115,0.3884236812591553,0.709415078163147,-0.06240346282720566,0.529802680015564,0.83579021692276,-0.046765297651290894,0.43934375047683716,0.8053398728370667,-0.06176460161805153,0.3856746554374695,0.7917517423629761,-0.06823917478322983,0.34868475794792175,0.7806752920150757,-0.07230041921138763,0.5220751762390137,0.8829533457756042,-0.052773166447877884,0.4393669366836548,0.851793110370636,-0.06724891066551208,0.3863808214664459,0.8285408020019531,-0.07345077395439148,0.34893178939819336,0.8090259432792664,-0.0769454687833786,0.5175786018371582,0.9390975832939148,-0.056506264954805374,0.4562895894050598,0.9202637672424316,-0.06934353709220886,0.4190423786640167,0.9042888283729553,-0.07085137814283371,0.38926035165786743,0.8855858445167542,-0.06995775550603867
0.6039044260978699,0.9154540300369263,3.307443421363132e-07,0.5879201292991638,0.8435741066932678,-0.004943979904055595,0.5574967265129089,0.7670848369598389,-0.013345290906727314,0.5238478779792786,0.7150067090988159,-0.019553642719984055,0.5076757669448853,0.6725607514381409,-0.027189824730157852,0.5165112018585205,0.7748207449913025,-0.048052575439214706,0.4466140866279602,0.7208272218704224,-0.06763576716184616,0.40215009450912476,0.6948589086532593,-0.07476154714822769,0.3652574121952057,0.6781916618347168,-0.07755232602357864,0.505624532699585,0.8238591551780701,-0.05288274213671684,0.4171140789985657,0.790729820728302,-0.074178047478199,0.3633572459220886,0.782441258430481,-0.0793766900897026,0.3218282461166382,0.778035044670105,-0.0814654752612114,0.49916765093803406,0.8763960599899292,-0.054997626692056656,0.4299190044403076,0.8671953678131104,-0.0751696452498436,0.41911548376083374,0.8749998807907104,-0.07172421365976334,0.42012810707092285,0.8821515440940857,-0.06449297815561295,0.49313145875930786,0.9300597906112671,-0.05635535717010498,0.43487241864204407,0.8969017863273621,-0.07122904062271118,0.40330374240875244,0.8727077841758728,-0.07014381140470505,0.37944895029067993,0.8520644903182983,-0.0660395622253418
0.5999502539634705,0.9122316837310791,3.070927334647422e-07,0.585807740688324,0.8352336883544922,0.0021839544642716646,0.5537698864936829,0.7655660510063171,-0.00284245191141963,0.5193880200386047,0.7143690586090088,-0.006684276275336742,0.50184166431427,0.6743775606155396,-0.01295291818678379,0.5181796550750732,0.7702339887619019,-0.038636237382888794,0.4482935667037964,0.7174698114395142,-0.05226489529013634,0.4060705900192261,0.6953572630882263,-0.05594823881983757,0.3712494969367981,0.6822872161865234,-0.05752073600888252,0.5051485300064087,0.8167336583137512,-0.04626148194074631,0.4134894609451294,0.7818255424499512,-0.06003984436392784,0.3609267473220825,0.7728523015975952,-0.06337319314479828,0.32257595658302307,0.7710236310958862,-0.0657280683517456,0.49724942445755005,0.8666885495185852,-0.05058078095316887,0.4152310788631439,0.8435387015342712,-0.06267096102237701,0.376907616853714,0.8392707705497742,-0.0622696653008461,0.3521207571029663,0.8381561636924744,-0.06105950474739075,0.49271130561828613,0.9193627238273621,-0.05335318669676781,0.43037766218185425,0.8836575746536255,-0.0651339516043663,0.39727333188056946,0.8604329824447632,-0.06574001163244247,0.370913028717041,0.838408350944519,-0.06448406726121902
0.6030550599098206,0.9060378074645996,2.425197180855321e-07,0.5873821377754211,0.8338690996170044,0.0018342803232371807,0.5547398328781128,0.7606833577156067,-0.0016348548233509064,0.5204382538795471,0.710587739944458,-0.004501835908740759,0.5034120678901672,0.6678532361984253,-0.008725278079509735,0.5134568214416504,0.7644544243812561,-0.035545770078897476,0.44183722138404846,0.7121649980545044,-0.05244508013129234,0.3988465666770935,0.6887950897216797,-0.059392403811216354,0.36330893635749817,0.6742732524871826,-0.0622696690261364,0.49908313155174255,0.8069700002670288,-0.0420207753777504,0.411670058965683,0.7791550159454346,-0.05870011821389198,0.3622094690799713,0.7738361358642578,-0.06262592226266861,0.32172325253486633,0.771007239818573,-0.06422555446624756,0.4918844401836395,0.8572214245796204,-0.045763567090034485,0.43028610944747925,0.8498551845550537,-0.06305700540542603,0.4380672574043274,0.8666598200798035,-0.05767953395843506,0.4523434638977051,0.8777204751968384,-0.04864990711212158,0.4865252375602722,0.91189044713974,-0.048378538340330124,0.4281166195869446,0.877890944480896,-0.06301963329315186,0.3959549069404602,0.85496985912323,-0.06220606341958046,0.3701682686805725,0.8335390686988831,-0.058061931282281876
0.5930635929107666,0.8879995942115784,2.753511978426104e-07,0.5759838819503784,0.8129685521125793,0.006923051550984383,0.543522298336029,0.7486048936843872,0.003866060171276331,0.5106196403503418,0.7005202174186707,0.0004874633450526744,0.4945363998413086,0.6596259474754333,-0.005716334097087383,0.5009782910346985,0.7477168440818787,-0.028013702481985092,0.4321287274360657,0.6963033080101013,-0.039142441004514694,0.391623854637146,0.6730122566223145,-0.04259869083762169,0.35859739780426025,0.6577115058898926,-0.044410910457372665,0.4892710745334625,0.7887624502182007,-0.037534911185503006,0.39899128675460815,0.7569575309753418,-0.04792260006070137,0.34756413102149963,0.7504056692123413,-0.05086180940270424,0.3107125759124756,0.7484334111213684,-0.053509730845689774,0.48207956552505493,0.8365298509597778,-0.04399765655398369,0.40319791436195374,0.8072462677955627,-0.05245248228311539,0.35996556282043457,0.7919139266014099,-0.054011084139347076,0.3301354646682739,0.7811753749847412,-0.05563564971089363,0.47787579894065857,0.8903483152389526,-0.0486367866396904,0.4192795753479004,0.8583431243896484,-0.058389440178871155,0.3854175806045532,0.8370022177696228,-0.06005434691905975,0.3568441867828369,0.8160080313682556,-0.06019439920783043
0.5883407592773438,0.886509120464325,2.5079287979679066e-07,0.573541522026062,0.8109338283538818,0.0042752609588205814,0.5382077097892761,0.7424863576889038,0.0011026239953935146,0.5042682886123657,0.6942071318626404,-0.0023014775943011045,0.4880079925060272,0.6534541845321655,-0.008532078936696053,0.4962581992149353,0.7412774562835693,-0.025647642090916634,0.42772209644317627,0.6931102871894836,-0.036894965916872025,0.3868207633495331,0.6696268320083618,-0.04148966819047928,0.3542191982269287,0.6535484790802002,-0.04426281526684761,0.4843764007091522,0.7814927697181702,-0.03491557762026787,0.39810484647750854,0.7504209876060486,-0.045209549367427826,0.34763026237487793,0.7404873967170715,-0.04932459443807602,0.31116580963134766,0.7346509099006653,-0.052590012550354004,0.4767078161239624,0.8292465209960938,-0.04183180630207062,0.39800986647605896,0.7947807312011719,-0.050278130918741226,0.34943652153015137,0.7720894813537598,-0.05366577208042145,0.3138312101364136,0.7530047297477722,-0.056822434067726135,0.4723409414291382,0.8846991062164307,-0.04725091531872749,0.41679704189300537,0.8524758219718933,-0.05622085928916931,0.38264530897140503,0.8298771977424622,-0.057348985224962234,0.35429269075393677,0.8079341650009155,-0.05733494088053703
0.5845969915390015,0.883133590221405,2.0537609657367284e-07,0.5734261274337769,0.8063896298408508,0.006197160575538874,0.5411865711212158,0.7398242950439453,0.004695895593613386,0.5060059428215027,0.6922518610954285,0.0027999684680253267,0.4873640239238739,0.6523041725158691,-0.0019092669244855642,0.493108332157135,0.7374613881111145,-0.022716255858540535,0.42448151111602783,0.6882901191711426,-0.03231502324342728,0.38348087668418884,0.6649113893508911,-0.03558904305100441,0.3506174683570862,0.6494824886322021,-0.0375496931374073,0.4802432358264923,0.775686502456665,-0.03142199665307999,0.39464259147644043,0.7466123104095459,-0.0406842902302742,0.3439405560493469,0.7389869093894958,-0.04427878186106682,0.30742478370666504,0.7365629076957703,-0.047321561723947525,0.4713628888130188,0.8209851980209351,-0.03752850741147995,0.39383581280708313,0.7886508107185364,-0.04501182213425636,0.3469535708427429,0.7678834795951843,-0.0475173220038414,0.3125222325325012,0.7517249584197998,-0.05000988394021988,0.466004341840744,0.8738247156143188,-0.04193887114524841,0.40946564078330994,0.842644989490509,-0.05006679147481918,0.37645506858825684,0.8200939893722534,-0.05076700448989868,0.34961414337158203,0.7982436418533325,-0.05028856173157692
0.5754486322402954,0.8598091006278992,2.756597723418963e-07,0.5622568130493164,0.7840739488601685,0.006621347274631262,0.5300753712654114,0.7195072174072266,0.003383704461157322,0.49766770005226135,0.6699686050415039,-0.0009959217859432101,0.4835830628871918,0.6287181973457336,-0.008264447562396526,0.4840242266654968,0.7109087109565735,-0.020606067031621933,0.41681739687919617,0.6635591983795166,-0.03229343891143799,0.3761240541934967,0.6434247493743896,-0.03820497915148735,0.34324443340301514,0.632903516292572,-0.04159338399767876,0.4712850749492645,0.747620165348053,-0.031521670520305634,0.39171409606933594,0.7021794319152832,-0.04181544855237007,0.3429374694824219,0.682591438293457,-0.047241196036338806,0.30608364939689636,0.6730058193206787,-0.05117488652467728,0.4627963900566101,0.7932142615318298,-0.04021253064274788,0.3861864507198334,0.7526230812072754,-0.049200914800167084,0.3384171724319458,0.7329167127609253,-0.054108645766973495,0.3030755817890167,0.7207019329071045,-0.05784587562084198,0.45802196860313416,0.8475573062896729,-0.04720281437039375,0.4015127718448639,0.81430983543396,-0.05649547278881073,0.36899107694625854,0.7930264472961426,-0.0582287535071373,0.3417850732803345,0.7732008695602417,-0.0583522766828537
0.575086236000061,0.8536113500595093,2.887896926040412e-07,0.5611963272094727,0.7764607667922974,0.0017102474812418222,0.530781090259552,0.7116488814353943,-0.0028923507779836655,0.49803027510643005,0.6616476774215698,-0.007418213412165642,0.4831590950489044,0.6203808784484863,-0.014032361097633839,0.4826517403125763,0.7084972262382507,-0.023557143285870552,0.4161539673805237,0.6605703830718994,-0.034620169550180435,0.37490832805633545,0.6402559280395508,-0.039875391870737076,0.341461181640625,0.6281875371932983,-0.042759258300065994,0.4694366157054901,0.7542117834091187,-0.03077585995197296,0.3883834481239319,0.7204838991165161,-0.0402018278837204,0.33969008922576904,0.7085229754447937,-0.04478159919381142,0.3038340210914612,0.7031590342521667,-0.04825875163078308,0.4613104462623596,0.8051463961601257,-0.035920944064855576,0.3917776644229889,0.7821637988090515,-0.043070338666439056,0.3503333330154419,0.7679471373558044,-0.04467659816145897,0.32116279006004333,0.7580441236495972,-0.046114929020404816,0.4568716585636139,0.8582807779312134,-0.040132250636816025,0.4076045751571655,0.8280426859855652,-0.0458197146654129,0.38043299317359924,0.806027889251709,-0.04417790099978447,0.35875457525253296,0.7851977348327637,-0.04200560599565506
0.5718169212341309,0.8171355724334717,2.7452205131339724e-07,0.5625389218330383,0.7400562167167664,0.008300640620291233,0.5353466272354126,0.6783453226089478,0.006291268393397331,0.5047619342803955,0.6325893998146057,0.0025888830423355103,0.4886082410812378,0.5944982767105103,-0.0036787313874810934,0.48505306243896484,0.6678038835525513,-0.014463632367551327,0.4189051687717438,0.6200861930847168,-0.024073176085948944,0.3782012164592743,0.5973841547966003,-0.028920335695147514,0.34668150544166565,0.5835545063018799,-0.031496621668338776,0.4689033329486847,0.7075923085212708,-0.02442052587866783,0.393852174282074,0.6678425669670105,-0.03215095400810242,0.35222330689430237,0.6489418148994446,-0.03646576777100563,0.32339930534362793,0.6354891061782837,-0.03960469365119934,0.45778802037239075,0.7533242106437683,-0.03210419416427612,0.3896925747394562,0.7155618667602539,-0.03792716562747955,0.3497799336910248,0.6907377243041992,-0.039944879710674286,0.322637677192688,0.6713624596595764,-0.041899289935827255,0.4513070285320282,0.8041809797286987,-0.03823006525635719,0.39861321449279785,0.7719079852104187,-0.04420817270874977,0.36861172318458557,0.7502251863479614,-0.04282929003238678,0.344995379447937,0.7289450168609619,-0.04050103947520256
0.5713055729866028,0.8090178370475769,1.8757876318886701e-07,0.5626451969146729,0.7323291301727295,0.004135779570788145,0.5353951454162598,0.6672006249427795,0.001619907794520259,0.503221869468689,0.6201470494270325,-0.0019304387969896197,0.4852473735809326,0.5802485942840576,-0.007535342592746019,0.485584020614624,0.6541966199874878,-0.013938560150563717,0.4216081500053406,0.6084649562835693,-0.02343755029141903,0.3816279470920563,0.5868551731109619,-0.029465004801750183,0.3498245179653168,0.5751577019691467,-0.033400654792785645,0.4689098596572876,0.6882754564285278,-0.022175446152687073,0.39101529121398926,0.6574642062187195,-0.02948535606265068,0.3437432646751404,0.647467315196991,-0.035106755793094635,0.3095756769180298,0.6451428532600403,-0.040150437504053116,0.4568517208099365,0.7314690351486206,-0.028787411749362946,0.38787615299224854,0.6971091628074646,-0.03522239997982979,0.3460518717765808,0.6772207021713257,-0.039158955216407776,0.3166825771331787,0.6645663380622864,-0.04305931180715561,0.4481455385684967,0.7833459973335266,-0.034244637936353683,0.3961624503135681,0.7564486265182495,-0.041720982640981674,0.36607491970062256,0.7368665337562561,-0.042705923318862915,0.34210658073425293,0.7191075682640076,-0.04253275692462921
0.5688822269439697,0.7956774234771729,2.1941488625998318e-07,0.5620324611663818,0.7186902761459351,0.0018739798106253147,0.5358896255493164,0.6555538773536682,-0.001723877969197929,0.503244936466217,0.6076045036315918,-0.005819503217935562,0.48698487877845764,0.5652809143066406,-0.011556749232113361,0.484001100063324,0.642045259475708,-0.0157247856259346,0.42108356952667236,0.5907005071640015,-0.0260406993329525,0.3807758688926697,0.5693549513816833,-0.03197038173675537,0.3486977219581604,0.5597074627876282,-0.03512594476342201,0.46720439195632935,0.6804307103157043,-0.02258138358592987,0.3907133936882019,0.6427950859069824,-0.030055059120059013,0.3447713255882263,0.6280378103256226,-0.03452448919415474,0.31154024600982666,0.6223488450050354,-0.03797914832830429,0.45595934987068176,0.7254219055175781,-0.028065694496035576,0.3884190320968628,0.6943350434303284,-0.03365287557244301,0.34837520122528076,0.6731724739074707,-0.03504643961787224,0.32038718461990356,0.658829927444458,-0.03643259033560753,0.4486222267150879,0.7755175232887268,-0.032851748168468475,0.397674024105072,0.744138777256012,-0.03833158314228058,0.36846908926963806,0.7218837141990662,-0.03711463138461113,0.344953715801239,0.7007492780685425,-0.03486909717321396
0.5712218284606934,0.7683828473091125,3.1203347816699534e-07,0.5654694437980652,0.68909752368927,-0.0011689922539517283,0.5398006439208984,0.6230835318565369,-0.0075296442955732346,0.5056227445602417,0.5714801549911499,-0.012846291065216064,0.49337124824523926,0.5258679389953613,-0.02030179277062416,0.48972639441490173,0.613540530204773,-0.02687416784465313,0.42680123448371887,0.5597480535507202,-0.0388435423374176,0.3839286267757416,0.5347278118133545,-0.045187484472990036,0.3501758873462677,0.5199692845344543,-0.048957936465740204,0.47152501344680786,0.6589017510414124,-0.03162052482366562,0.3921318054199219,0.6247028112411499,-0.041704948991537094,0.3464248776435852,0.6083625555038452,-0.04640119522809982,0.3141396939754486,0.5981737971305847,-0.0497884675860405,0.4600761830806732,0.7075879573822021,-0.034186944365501404,0.3891869783401489,0.6825219392776489,-0.04140457510948181,0.3485727906227112,0.6604673266410828,-0.04162260517477989,0.32083702087402344,0.6424189805984497,-0.04212261736392975,0.45418912172317505,0.7565760612487793,-0.035992883145809174,0.40448036789894104,0.7240030765533447,-0.041758712381124496,0.37954187393188477,0.6982924342155457,-0.03905648738145828,0.36071762442588806,0.6718990206718445,-0.035713959485292435
0.5729666948318481,0.7665748000144958,2.8855475875388947e-07,0.5673536062240601,0.6871694922447205,-0.0020150886848568916,0.5412979125976562,0.6177753210067749,-0.0078023942187428474,0.5063278079032898,0.5670146942138672,-0.01269142609089613,0.4924202859401703,0.5220872163772583,-0.019869796931743622,0.49254196882247925,0.6139512658119202,-0.029419628903269768,0.426235169172287,0.5583502650260925,-0.042090266942977905,0.38363829255104065,0.5341633558273315,-0.04748943820595741,0.34950584173202515,0.5193359851837158,-0.05042194575071335,0.47535356879234314,0.658931314945221,-0.03506934642791748,0.39389917254447937,0.6213525533676147,-0.04749990627169609,0.3440540134906769,0.6046964526176453,-0.053462449461221695,0.30786657333374023,0.5941246151924133,-0.05753086134791374,0.4632561206817627,0.7074757814407349,-0.038793087005615234,0.3905402719974518,0.674651563167572,-0.04898606613278389,0.3476560711860657,0.6497545838356018,-0.0523519441485405,0.31721121072769165,0.6292643547058105,-0.054453492164611816,0.4548587203025818,0.757991373538971,-0.04163915663957596,0.3994945287704468,0.7197471261024475,-0.05114283040165901,0.36846446990966797,0.6908891201019287,-0.05234359949827194,0.3438374400138855,0.6620004773139954,-0.05159018933773041
0.5744437575340271,0.7737391591072083,3.134030350793182e-07,0.570732593536377,0.6955874562263489,-0.002239553490653634,0.5444017648696899,0.6231780648231506,-0.0071714953519403934,0.5075941681861877,0.5720877051353455,-0.011487099342048168,0.49192407727241516,0.5231639742851257,-0.017029838636517525,0.49144089221954346,0.6174367070198059,-0.02913101762533188,0.4222712516784668,0.5609646439552307,-0.04324936121702194,0.37957775592803955,0.5342943072319031,-0.04835159704089165,0.34507447481155396,0.5185743570327759,-0.049424465745687485,0.47235265374183655,0.6614352464675903,-0.03404727578163147,0.3895483613014221,0.622748613357544,-0.049517594277858734,0.3404584527015686,0.6086978912353516,-0.05500775948166847,0.30308330059051514,0.6014702320098877,-0.05654146894812584,0.46188783645629883,0.7106972932815552,-0.03673142194747925,0.3994511365890503,0.6962739825248718,-0.053949594497680664,0.40023016929626465,0.707196056842804,-0.05059611424803734,0.40948283672332764,0.7155784368515015,-0.04205290228128433,0.4539821445941925,0.7633235454559326,-0.03849153593182564,0.3950401842594147,0.7228468656539917,-0.049927420914173126,0.36625170707702637,0.6948115229606628,-0.04622157663106918,0.34342649579048157,0.6672478318214417,-0.0394432470202446
0.5802775025367737,0.8094441890716553,2.817507436247979e-07,0.5643649697303772,0.7259731292724609,0.004449888598173857,0.5314570665359497,0.6517001986503601,-0.0008189636282622814,0.49839797616004944,0.6008594036102295,-0.007231521885842085,0.4781593382358551,0.5619163513183594,-0.016572292894124985,0.4879668951034546,0.6460431814193726,-0.025717251002788544,0.4181312620639801,0.6023629307746887,-0.041123148053884506,0.3750964403152466,0.5803666114807129,-0.049515049904584885,0.3402497172355652,0.5656014084815979,-0.05487638711929321,0.47190243005752563,0.6875312328338623,-0.03852885216474533,0.3900529146194458,0.6373158693313599,-0.054065264761447906,0.34083014726638794,0.6103185415267944,-0.06383500248193741,0.30351439118385315,0.5927636623382568,-0.07072336971759796,0.46034738421440125,0.7383677363395691,-0.04909130930900574,0.38207191228866577,0.6946399807929993,-0.06308303028345108,0.3342243432998657,0.6704472899436951,-0.07190167903900146,0.3001668453216553,0.653917133808136,-0.07810225337743759,0.4533033072948456,0.7976978421211243,-0.05782850459218025,0.3937850892543793,0.7679518461227417,-0.07086952775716782,0.35965752601623535,0.7499073147773743,-0.07482363283634186,0.3322198987007141,0.733222246170044,-0.07655031234025955
0.5854584574699402,0.8156771063804626,2.7623883624983137e-07,0.5665372610092163,0.7340618968009949,0.009478501044213772,0.5312860608100891,0.6651111245155334,0.0065454780124127865,0.49545830488204956,0.6167727112770081,0.0011490399483591318,0.4765665829181671,0.5804703235626221,-0.007483004592359066,0.4962431490421295,0.6539928317070007,-0.01856289803981781,0.42577028274536133,0.6078228950500488,-0.031819652765989304,0.3820706009864807,0.5849201083183289,-0.03810369595885277,0.3472766578197479,0.5696441531181335,-0.041951071470975876,0.47815194725990295,0.6894981861114502,-0.03328670188784599,0.39342743158340454,0.6339209079742432,-0.047181207686662674,0.34167560935020447,0.6068543791770935,-0.055061694234609604,0.3029114603996277,0.5902255773544312,-0.06008134409785271,0.46444475650787354,0.739223062992096,-0.04563671723008156,0.3801860809326172,0.6963335871696472,-0.05987996235489845,0.32977157831192017,0.6770942807197571,-0.06889483332633972,0.2940962314605713,0.6641788482666016,-0.074680857360363,0.45434409379959106,0.802032470703125,-0.05548982694745064,0.39032596349716187,0.7763214111328125,-0.06901729851961136,0.35561734437942505,0.7605199813842773,-0.07303369790315628,0.3284298777580261,0.7438930869102478,-0.0746079534292221
0.5824674963951111,0.8622643351554871,1.37882636863651e-07,0.5606200695037842,0.7768802642822266,0.0069418298080563545,0.5211411714553833,0.7032716870307922,0.005192964803427458,0.4839227795600891,0.6540716886520386,0.0022029238753020763,0.46554267406463623,0.615983784198761,-0.003430133918300271,0.4771454632282257,0.7085621356964111,-0.020258063450455666,0.4019159972667694,0.6673848032951355,-0.030949749052524567,0.35919812321662903,0.6466041803359985,-0.035638272762298584,0.3253324031829834,0.6319258213043213,-0.03918564319610596,0.46383047103881836,0.7572844624519348,-0.03183033689856529,0.37259185314178467,0.7324279546737671,-0.04430989921092987,0.32217103242874146,0.7233664989471436,-0.051228854805231094,0.2856925129890442,0.7171589732170105,-0.05643157288432121,0.45666182041168213,0.8097788691520691,-0.04109213873744011,0.374191015958786,0.7849089503288269,-0.0521925613284111,0.3259577751159668,0.7654505372047424,-0.057893551886081696,0.29084575176239014,0.7477126717567444,-0.06252086162567139,0.4538975656032562,0.8654241561889648,-0.048605822026729584,0.3950790762901306,0.83673095703125,-0.05952033773064613,0.3604342043399811,0.8169592618942261,-0.0623539499938488,0.33179405331611633,0.7967132925987244,-0.0635991171002388
0.576612114906311,0.8649370074272156,2.2783282815908024e-07,0.5607005953788757,0.7805354595184326,0.0031580461654812098,0.5244492292404175,0.711122453212738,0.0006730207824148238,0.48417192697525024,0.6677883863449097,-0.0020961861591786146,0.46170535683631897,0.6314476728439331,-0.007043571211397648,0.47618454694747925,0.7203142046928406,-0.02524646185338497,0.39683765172958374,0.6789823770523071,-0.03634843975305557,0.35310202836990356,0.6605952978134155,-0.040048997849226,0.3179458975791931,0.6481025218963623,-0.04169556125998497,0.4625473916530609,0.7685559988021851,-0.03238382935523987,0.370583713054657,0.745964765548706,-0.042714498937129974,0.32007116079330444,0.7452472448348999,-0.04656681790947914,0.28330278396606445,0.7479194402694702,-0.04948373883962631,0.45579642057418823,0.8191710114479065,-0.03715186566114426,0.3794988989830017,0.8032185435295105,-0.046279679983854294,0.34857872128486633,0.8025022745132446,-0.04590602591633797,0.3292686343193054,0.8021866083145142,-0.04486323148012161,0.45235997438430786,0.8717197775840759,-0.040738869458436966,0.3925686776638031,0.8428612351417542,-0.049020033329725266,0.3592569828033447,0.8212298154830933,-0.04853997379541397,0.3317961096763611,0.8010823726654053,-0.046738915145397186
0.5752615332603455,0.8669013977050781,2.1403982941592403e-07,0.559627890586853,0.7845573425292969,0.00154214003123343,0.5244086980819702,0.7150408029556274,0.0003324309072922915,0.48507267236709595,0.6722227334976196,-0.0007464170921593904,0.4609116017818451,0.6361966729164124,-0.003228450659662485,0.4735127091407776,0.7270832657814026,-0.02664642408490181,0.39556416869163513,0.6863275766372681,-0.03870801255106926,0.35122111439704895,0.6672167181968689,-0.0426790826022625,0.3169659972190857,0.6553640365600586,-0.04323641583323479,0.45997700095176697,0.7759028673171997,-0.03218768909573555,0.3714674115180969,0.7560363411903381,-0.04509136825799942,0.3216996192932129,0.7542740702629089,-0.04902518913149834,0.2851255536079407,0.7547110319137573,-0.050214849412441254,0.45511001348495483,0.8283525109291077,-0.03531872481107712,0.3951711654663086,0.8199753761291504,-0.049657028168439865,0.3993375897407532,0.829330325126648,-0.046168237924575806,0.4100940227508545,0.835559070110321,-0.03873027488589287,0.4527794420719147,0.8818130493164062,-0.03732936084270477,0.3939821124076843,0.8539389967918396,-0.0478208027780056,0.36153674125671387,0.83100426197052,-0.04546540230512619,0.3349456787109375,0.8103484511375427,-0.04042217135429382
0.5744390487670898,0.8678207993507385,2.7828940574181615e-07,0.5568203926086426,0.7852668762207031,0.0010119875660166144,0.5205716490745544,0.7177090644836426,-0.0015675282338634133,0.4798179864883423,0.6742297410964966,-0.003698473097756505,0.4565500020980835,0.641143798828125,-0.007793164346367121,0.47212886810302734,0.731770932674408,-0.026479819789528847,0.3968036472797394,0.6908894777297974,-0.037889428436756134,0.351723849773407,0.6762320399284363,-0.041961368173360825,0.3159771263599396,0.6676178574562073,-0.04398571699857712,0.4607367515563965,0.7818216681480408,-0.032633934170007706,0.37133312225341797,0.7609440684318542,-0.044227879494428635,0.3202744126319885,0.7594678997993469,-0.04817461967468262,0.28475862741470337,0.7610363364219666,-0.05062294006347656,0.45542168617248535,0.8331732153892517,-0.036686088889837265,0.3799506425857544,0.8166185021400452,-0.04608352482318878,0.3404260277748108,0.8070741295814514,-0.0465708002448082,0.31290197372436523,0.7987604141235352,-0.04629184305667877,0.454026460647583,0.8846075534820557,-0.0398293137550354,0.3969798684120178,0.8562137484550476,-0.048030219972133636,0.36513975262641907,0.8352044820785522,-0.04735957086086273,0.33886831998825073,0.8143033981323242,-0.04525458812713623
0.573699951171875,0.8698471188545227,3.6214387932886893e-07,0.558062732219696,0.7858295440673828,0.0018857322866097093,0.5219895243644714,0.7190507054328918,-0.00010713457595556974,0.4824742376804352,0.6707919836044312,-0.0010175311472266912,0.45752668380737305,0.6380778551101685,-0.003759206272661686,0.47110608220100403,0.7316433191299438,-0.02589198388159275,0.3982895612716675,0.6914725303649902,-0.034817490726709366,0.35500723123550415,0.6753389239311218,-0.037022292613983154,0.3218820095062256,0.6678362488746643,-0.037435147911310196,0.4588696360588074,0.7850785255432129,-0.03181474655866623,0.3711360991001129,0.7622784376144409,-0.04126691818237305,0.3210245966911316,0.7549177408218384,-0.04465898871421814,0.2861621379852295,0.7533673644065857,-0.04622966796159744,0.45475122332572937,0.8419329524040222,-0.035039011389017105,0.385249525308609,0.8286585807800293,-0.04269706830382347,0.34784168004989624,0.8153473734855652,-0.04441653937101364,0.32278522849082947,0.8051275014877319,-0.04500721022486687,0.45778536796569824,0.898427426815033,-0.036886006593704224,0.4116676151752472,0.8759667277336121,-0.04144875332713127,0.3916120231151581,0.8558021187782288,-0.03790172562003136,0.3775087594985962,0.8367627263069153,-0.03380179405212402
0.5717121362686157,0.8515050411224365,3.2787156101221626e-07,0.5595079660415649,0.7674201726913452,0.0030223298817873,0.523939311504364,0.7005459070205688,0.0005335872410796583,0.48750242590904236,0.6521239280700684,-0.0013563167303800583,0.4677654504776001,0.6140376329421997,-0.005206278525292873,0.4778469204902649,0.7028931379318237,-0.026632027700543404,0.4012192189693451,0.6596691608428955,-0.036165960133075714,0.3559643030166626,0.6409858465194702,-0.0392095223069191,0.32053184509277344,0.6317821741104126,-0.0404643788933754,0.4633934497833252,0.7521210312843323,-0.03240763768553734,0.37694108486175537,0.7261041402816772,-0.04029388725757599,0.3266366124153137,0.7198246717453003,-0.04250851646065712,0.2913057208061218,0.7199043035507202,-0.04431847482919693,0.4553069472312927,0.8044723868370056,-0.03542280197143555,0.38171467185020447,0.7806956171989441,-0.04057670012116432,0.34326669573783875,0.7684309482574463,-0.03900785371661186,0.3181290030479431,0.7610814571380615,-0.038289379328489304,0.45173439383506775,0.8573388457298279,-0.03731517121195793,0.3983498811721802,0.8224755525588989,-0.04327591136097908,0.36894503235816956,0.7979502081871033,-0.041173774749040604,0.34560710191726685,0.7747687101364136,-0.03814315423369408
0.5718756914138794,0.8381661772727966,2.444578512950102e-07,0.5573485493659973,0.7562176585197449,0.004859095439314842,0.523719847202301,0.6893218159675598,0.0039813523180782795,0.48841211199760437,0.6419782638549805,0.0031123876105993986,0.46890905499458313,0.6044048070907593,9.915189730236307e-05,0.4746648073196411,0.6953518390655518,-0.020937418565154076,0.4020112156867981,0.6504489183425903,-0.02831018529832363,0.36013299226760864,0.6319913268089294,-0.030123379081487656,0.3270690143108368,0.6214464902877808,-0.03088514506816864,0.46223849058151245,0.741037130355835,-0.027689114212989807,0.3769957423210144,0.7161234617233276,-0.03423972800374031,0.3268054127693176,0.7113305926322937,-0.036442939192056656,0.2916519343852997,0.7116057276725769,-0.03871908411383629,0.4557138681411743,0.7909393310546875,-0.031949855387210846,0.3817773461341858,0.7691314816474915,-0.037525076419115067,0.34198033809661865,0.7573777437210083,-0.03734162077307701,0.31573814153671265,0.7489210963249207,-0.03764457628130913,0.45311689376831055,0.8425610661506653,-0.034909170120954514,0.3982771933078766,0.8110124468803406,-0.04112817347049713,0.3677099943161011,0.7879158854484558,-0.03994235768914223,0.34379592537879944,0.7660402059555054,-0.037864282727241516
0.5733944773674011,0.8316842913627625,2.7990904527541716e-07,0.5594849586486816,0.7506912350654602,0.00366230052895844,0.5255477428436279,0.6829582452774048,0.0024499662686139345,0.49016526341438293,0.6325542330741882,0.0013668626779690385,0.4700451195240021,0.5969070196151733,-0.0018508975626900792,0.47733110189437866,0.687965989112854,-0.022809864953160286,0.4049166738986969,0.64252108335495,-0.031491126865148544,0.36145922541618347,0.6237630248069763,-0.03441918268799782,0.3270619511604309,0.6136144995689392,-0.03570336475968361,0.4640289843082428,0.7350931167602539,-0.029514646157622337,0.3795475959777832,0.7073584794998169,-0.03728717938065529,0.32931023836135864,0.7015863656997681,-0.039739493280649185,0.29492706060409546,0.7012184858322144,-0.04163827374577522,0.456612765789032,0.7866686582565308,-0.03383346274495125,0.3854023516178131,0.7629035711288452,-0.03972775489091873,0.3470883369445801,0.7491797804832458,-0.03943346068263054,0.3222962021827698,0.739528238773346,-0.03929072991013527,0.45357024669647217,0.8388072848320007,-0.0370924137532711,0.401716947555542,0.8059899806976318,-0.04246138408780098,0.3738132417201996,0.7826546430587769,-0.04026729241013527,0.35239577293395996,0.7605616450309753,-0.03729072958230972
0.5738714933395386,0.8115106821060181,3.3905973850778537e-07,0.5623815655708313,0.7287569642066956,0.00024124508490785956,0.5281304121017456,0.657020092010498,-0.0022832066752016544,0.49675828218460083,0.6040799617767334,-0.004731351044028997,0.4834810495376587,0.5596831440925598,-0.008743095211684704,0.47887012362480164,0.6609179377555847,-0.0250393096357584,0.40912532806396484,0.616522490978241,-0.035531431436538696,0.3673669397830963,0.593541145324707,-0.03945835307240486,0.3334107995033264,0.582170307636261,-0.04006554186344147,0.46444445848464966,0.710167407989502,-0.030734658241271973,0.3851371109485626,0.6756169199943542,-0.04147294536232948,0.3388875424861908,0.6664717197418213,-0.0450081042945385,0.30277198553085327,0.6651911735534668,-0.045865435153245926,0.4571511745452881,0.7637388110160828,-0.034146979451179504,0.40474140644073486,0.7485126256942749,-0.04902459681034088,0.4126896560192108,0.7572792768478394,-0.046193044632673264,0.42654484510421753,0.765837550163269,-0.03825052082538605,0.45133060216903687,0.8159604668617249,-0.03646017983555794,0.39729613065719604,0.7757616639137268,-0.045910950750112534,0.37060296535491943,0.7468929290771484,-0.041966576129198074,0.3494560420513153,0.7206886410713196,-0.035659439861774445
0.5735049247741699,0.8074417114257812,3.7923066997791466e-07,0.5631462931632996,0.7219663262367249,-0.0008341437787748873,0.5338476300239563,0.6503247022628784,-0.00540067907422781,0.5005959272384644,0.5979629755020142,-0.009358416311442852,0.48019179701805115,0.5629388689994812,-0.015467502176761627,0.48122233152389526,0.6608662009239197,-0.026471907272934914,0.4125164747238159,0.6114528775215149,-0.038045067340135574,0.37015825510025024,0.5878967046737671,-0.0435774028301239,0.33724647760391235,0.5724406242370605,-0.046503983438014984,0.46532538533210754,0.710726261138916,-0.03243127465248108,0.3872404396533966,0.6711296439170837,-0.041968461126089096,0.34100574254989624,0.6510495543479919,-0.04667789861559868,0.3091557025909424,0.6372835636138916,-0.05020878091454506,0.4557918310165405,0.763097882270813,-0.03649350628256798,0.3863503932952881,0.7326952815055847,-0.04323476552963257,0.3450658917427063,0.7101941704750061,-0.04468897730112076,0.3174368441104889,0.6927351355552673,-0.04628220573067665,0.45150357484817505,0.8151553869247437,-0.03993915393948555,0.40007978677749634,0.7792649865150452,-0.04633849859237671,0.3696972727775574,0.7524693012237549,-0.045163217931985855,0.34576815366744995,0.7255666851997375,-0.043197039514780045
0.5739968419075012,0.7977569699287415,3.236318946164829e-07,0.5711793303489685,0.7133921980857849,-0.003932307008653879,0.542262077331543,0.6396134495735168,-0.0066438396461308,0.5105596780776978,0.589302122592926,-0.007776730228215456,0.4927145540714264,0.5479627251625061,-0.009661125019192696,0.4885657727718353,0.6477081775665283,-0.03145847097039223,0.4152781069278717,0.5926734209060669,-0.043134644627571106,0.3716980814933777,0.5658012628555298,-0.04662541300058365,0.3374634385108948,0.5522431135177612,-0.046347588300704956,0.4705257713794708,0.6955391764640808,-0.03477196395397186,0.3879908621311188,0.6501279473304749,-0.04642142727971077,0.34210237860679626,0.6348320245742798,-0.0485217347741127,0.3076121211051941,0.6274005174636841,-0.04769769310951233,0.46034547686576843,0.7465667724609375,-0.03613727167248726,0.4094850420951843,0.7165938019752502,-0.051504574716091156,0.4225022792816162,0.7226001620292664,-0.04692421108484268,0.4388151466846466,0.7296206951141357,-0.03726488724350929,0.45203736424446106,0.7959423065185547,-0.036842480301856995,0.3927667438983917,0.7552209496498108,-0.048478152602910995,0.3628999888896942,0.7273892760276794,-0.04565690457820892,0.3390534818172455,0.7011394500732422,-0.03959742933511734
0.5763392448425293,0.8021795749664307,3.0016133223398356e-07,0.5719346404075623,0.7152385711669922,-0.0039259144105017185,0.5459328293800354,0.6372562050819397,-0.007362970616668463,0.5128489136695862,0.5851250290870667,-0.009193544276058674,0.4890371263027191,0.5425754189491272,-0.011778795160353184,0.4890676736831665,0.6495085954666138,-0.032408762723207474,0.4157486855983734,0.5933058857917786,-0.045125216245651245,0.373226135969162,0.565890371799469,-0.0504465214908123,0.3385922908782959,0.5498981475830078,-0.05140765383839607,0.47181805968284607,0.6970201730728149,-0.03535126894712448,0.3888397514820099,0.6557913422584534,-0.04685903713107109,0.34021925926208496,0.639616072177887,-0.04964058846235275,0.30242305994033813,0.6314195394515991,-0.049818530678749084,0.46271267533302307,0.7485503554344177,-0.03632688894867897,0.4098290503025055,0.723859965801239,-0.050329048186540604,0.428060919046402,0.7305744886398315,-0.04380636662244797,0.44887104630470276,0.7384509444236755,-0.032997019588947296,0.45472970604896545,0.7980858683586121,-0.03687634691596031,0.39225098490715027,0.7567135691642761,-0.04713453724980354,0.3631349802017212,0.7263966798782349,-0.04261348024010658,0.34067296981811523,0.6975973844528198,-0.03531145676970482
0.5786298513412476,0.8011556267738342,2.943545496236766e-07,0.574338972568512,0.7153319120407104,-0.0054361470974981785,0.5488253831863403,0.6395748257637024,-0.01000358909368515,0.51423579454422,0.5890903472900391,-0.012782029807567596,0.4906731843948364,0.5453618764877319,-0.016540447250008583,0.4910582900047302,0.6499950885772705,-0.03453631326556206,0.41757458448410034,0.5945242643356323,-0.04924715682864189,0.37394994497299194,0.5660111308097839,-0.05630132183432579,0.3384660482406616,0.5487316846847534,-0.05877573415637016,0.4728650450706482,0.696084201335907,-0.037502728402614594,0.3886004090309143,0.6528055667877197,-0.05029754713177681,0.33980894088745117,0.6351917386054993,-0.05371556431055069,0.3019365668296814,0.6248963475227356,-0.05457007512450218,0.4640316665172577,0.7473536133766174,-0.03868643194437027,0.4080524742603302,0.7219680547714233,-0.05402299761772156,0.4218476414680481,0.7296581268310547,-0.048345938324928284,0.4395069181919098,0.7375583648681641,-0.0385512039065361,0.45721960067749023,0.7981940507888794,-0.03954015672206879,0.393805593252182,0.7567881345748901,-0.05265634506940842,0.36409395933151245,0.7264160513877869,-0.050099462270736694,0.3407789170742035,0.696517288684845,-0.04424178600311279
0.5784724354743958,0.8211135268211365,3.203088851932989e-07,0.5757527947425842,0.7349331378936768,-0.00990828312933445,0.5490434169769287,0.6545206904411316,-0.016708217561244965,0.5161552429199219,0.6006684303283691,-0.021407051011919975,0.4897127151489258,0.55671226978302,-0.026730947196483612,0.491396427154541,0.6658052206039429,-0.03817376121878624,0.4173547923564911,0.6125433444976807,-0.05368778482079506,0.3733783960342407,0.5833784937858582,-0.06070505455136299,0.3384295105934143,0.5650641918182373,-0.06277483701705933,0.4731496274471283,0.716031014919281,-0.04082172363996506,0.3909136652946472,0.6715710163116455,-0.05603329837322235,0.34290504455566406,0.6486712098121643,-0.0609472431242466,0.3063419461250305,0.6323968768119812,-0.06257398426532745,0.4631611704826355,0.7696535587310791,-0.04225302115082741,0.4083007276058197,0.7373114824295044,-0.06123403087258339,0.425495445728302,0.7432572245597839,-0.05767013132572174,0.44644954800605774,0.7513735890388489,-0.04840836673974991,0.454863041639328,0.8197656869888306,-0.0436585433781147,0.3897254467010498,0.7779313921928406,-0.05812535434961319,0.3562988340854645,0.7495616674423218,-0.05671224370598793,0.33145248889923096,0.7247642278671265,-0.05165940150618553
0.5801944136619568,0.8228462934494019,3.894354847489012e-07,0.5763979554176331,0.7373445630073547,-0.007575514260679483,0.5498814582824707,0.6575030088424683,-0.0144752012565732,0.5160937309265137,0.603839099407196,-0.01809280924499035,0.4897966682910919,0.5617684721946716,-0.02219250425696373,0.4932216703891754,0.6729775667190552,-0.045981764793395996,0.4167788624763489,0.6168025135993958,-0.06455525755882263,0.3710296154022217,0.58628249168396,-0.07423476129770279,0.334853857755661,0.5650688409805298,-0.07848452776670456,0.47358158230781555,0.7224361300468445,-0.04797952249646187,0.38454076647758484,0.6704614162445068,-0.06315892934799194,0.3348909616470337,0.6405192613601685,-0.0663093701004982,0.29599249362945557,0.6167973875999451,-0.06769557297229767,0.4634352922439575,0.7753682136535645,-0.04779921472072601,0.401455819606781,0.7419367432594299,-0.0635916143655777,0.41798877716064453,0.7453411221504211,-0.056058116257190704,0.4406132996082306,0.750904381275177,-0.04557223618030548,0.4560217559337616,0.8269702196121216,-0.047579940408468246,0.3895159363746643,0.7844026684761047,-0.06254289299249649,0.35725119709968567,0.7552685737609863,-0.06119008734822273,0.33206668496131897,0.7268069386482239,-0.056531310081481934
0.58426433801651,0.8413445353507996,3.04982705756629e-07,0.5791008472442627,0.7548718452453613,-0.008336314000189304,0.5486389398574829,0.6771199703216553,-0.015764553099870682,0.5108307003974915,0.627310037612915,-0.020794276148080826,0.49072471261024475,0.579853892326355,-0.02643645368516445,0.49007877707481384,0.6907740235328674,-0.041249606758356094,0.4115627110004425,0.6407074332237244,-0.05763770639896393,0.3663012385368347,0.616409957408905,-0.06453585624694824,0.3305647075176239,0.6018078327178955,-0.06676291674375534,0.47154173254966736,0.7446740865707397,-0.04361492022871971,0.3830140233039856,0.7039101123809814,-0.05883722007274628,0.3328471779823303,0.6864688396453857,-0.06136636808514595,0.2935744524002075,0.6751741766929626,-0.06154441460967064,0.46268430352211,0.800057590007782,-0.044310446828603745,0.4007807970046997,0.770130455493927,-0.0610269196331501,0.41791167855262756,0.7714305520057678,-0.05401904135942459,0.43956702947616577,0.776049017906189,-0.043243683874607086,0.45616424083709717,0.8533006906509399,-0.0450185164809227,0.38749879598617554,0.8162567019462585,-0.05791570246219635,0.35294151306152344,0.7893962264060974,-0.055463697761297226,0.3269071877002716,0.7646350860595703,-0.04995334520936012
0.5833090543746948,0.8456802368164062,3.523997520460398e-07,0.5790086984634399,0.7610485553741455,-0.009795265272259712,0.5482044219970703,0.6822284460067749,-0.018125396221876144,0.5106437802314758,0.6310535669326782,-0.022839993238449097,0.4895825982093811,0.5840117931365967,-0.027859626337885857,0.49129360914230347,0.7005566358566284,-0.049556754529476166,0.4117310047149658,0.6454243063926697,-0.07074856758117676,0.36416298151016235,0.6187929511070251,-0.0827002078294754,0.32681548595428467,0.6031897068023682,-0.0884510725736618,0.4723343253135681,0.7520079612731934,-0.04908658564090729,0.38102978467941284,0.7083190083503723,-0.0635845959186554,0.3294755220413208,0.6876695156097412,-0.06476420164108276,0.2880620062351227,0.6749835014343262,-0.06494271010160446,0.46313825249671936,0.8049959540367126,-0.04690759256482124,0.4040355682373047,0.7743231654167175,-0.06034046784043312,0.425636887550354,0.774313747882843,-0.050232067704200745,0.4517002999782562,0.7786412835121155,-0.038189686834812164,0.45564621686935425,0.8567836880683899,-0.04514771327376366,0.3876965045928955,0.8180174827575684,-0.05784398689866066,0.3540208339691162,0.7930790185928345,-0.05519845709204674,0.32815712690353394,0.7691084742546082,-0.0496775358915329
0.5857444405555725,0.858052134513855,3.7135177421987464e-07,0.5803452730178833,0.7693654894828796,-0.011206675320863724,0.5492867231369019,0.6878976821899414,-0.018986159935593605,0.5111050009727478,0.6362093687057495,-0.023297490552067757,0.4887019395828247,0.5877153277397156,-0.027373507618904114,0.4894389808177948,0.707985520362854,-0.044667091220617294,0.4079112112522125,0.6541741490364075,-0.06123922020196915,0.3609319031238556,0.6284898519515991,-0.06860093027353287,0.32452672719955444,0.6133314371109009,-0.07092338800430298,0.4706260859966278,0.7619264721870422,-0.044389836490154266,0.37865400314331055,0.720150351524353,-0.05793129652738571,0.3253744840621948,0.7000864744186401,-0.05933905765414238,0.2853025197982788,0.6895182728767395,-0.05877026170492172,0.46140649914741516,0.8170234560966492,-0.042709652334451675,0.40012603998184204,0.7847961187362671,-0.05711779743432999,0.42429599165916443,0.7841799855232239,-0.04826061800122261,0.44966351985931396,0.7882266044616699,-0.03617524728178978,0.45358577370643616,0.869197428226471,-0.04145706444978714,0.38302314281463623,0.8323045969009399,-0.052916672080755234,0.3492542505264282,0.80796217918396,-0.049741342663764954,0.3222111463546753,0.7843438982963562,-0.0437176488339901
0.5839314460754395,0.8572534322738647,3.2087427825899795e-07,0.5779193639755249,0.7690045237541199,-0.006606417708098888,0.5478728413581848,0.6906055212020874,-0.013247932307422161,0.5099548101425171,0.6395501494407654,-0.017070304602384567,0.4875890612602234,0.5917966365814209,-0.02093168906867504,0.4885035455226898,0.7093427181243896,-0.04142146185040474,0.4082989990711212,0.6575981378555298,-0.058967482298612595,0.36192724108695984,0.6338869333267212,-0.0684191882610321,0.32639145851135254,0.6197495460510254,-0.07249292731285095,0.4697786867618561,0.763124942779541,-0.04236247390508652,0.3768652081489563,0.7215635776519775,-0.05326951667666435,0.3262808322906494,0.7021172046661377,-0.05254344642162323,0.2882247567176819,0.6913151144981384,-0.051572035998106,0.4610500931739807,0.8175526857376099,-0.041719790548086166,0.39877456426620483,0.7826045751571655,-0.052266739308834076,0.423257440328598,0.7829980254173279,-0.04001900181174278,0.45029783248901367,0.7882792949676514,-0.02718164026737213,0.4539789855480194,0.8694303631782532,-0.04148153215646744,0.38397783041000366,0.8341865539550781,-0.05121307447552681,0.35052865743637085,0.8112050890922546,-0.04663081467151642,0.32417961955070496,0.7871471643447876,-0.04028527811169624
0.5854191780090332,0.8594787120819092,3.236764882785792e-07,0.5801311731338501,0.7699440121650696,-0.007327195722609758,0.5490111112594604,0.6905405521392822,-0.013942895457148552,0.5099124908447266,0.6412746906280518,-0.01742042787373066,0.48691174387931824,0.5935872197151184,-0.02086319960653782,0.4883183538913727,0.710864245891571,-0.043515946716070175,0.40784913301467896,0.6565732955932617,-0.06201060116291046,0.3613373041152954,0.6319298148155212,-0.07259351015090942,0.3258785605430603,0.6175257563591003,-0.07749567180871964,0.4690694212913513,0.7637953758239746,-0.0434638150036335,0.37622883915901184,0.72318434715271,-0.05389081686735153,0.32535308599472046,0.7033004760742188,-0.052645497024059296,0.28664273023605347,0.6926342248916626,-0.051360830664634705,0.46070238947868347,0.8181100487709045,-0.04186996445059776,0.40082794427871704,0.7821506261825562,-0.05106035992503166,0.4255039691925049,0.7798275947570801,-0.0377851165831089,0.45249849557876587,0.7841593623161316,-0.02430398389697075,0.45459017157554626,0.8698607683181763,-0.04083460941910744,0.38362303376197815,0.8342015743255615,-0.050550274550914764,0.3491035997867584,0.8117194771766663,-0.04599201679229736,0.3222144842147827,0.788612961769104,-0.039311278611421585
0.585456371307373,0.8609222769737244,3.1847807235863e-07,0.5796891450881958,0.7728432416915894,-0.009220763109624386,0.5492555499076843,0.6949319839477539,-0.017824701964855194,0.5101448893547058,0.6461469531059265,-0.022830646485090256,0.4864213168621063,0.5972943902015686,-0.027836140245199203,0.48796480894088745,0.7134678959846497,-0.047609541565179825,0.40505385398864746,0.659756064414978,-0.06766833364963531,0.3574197292327881,0.6365693807601929,-0.07851021736860275,0.3207471966743469,0.623418927192688,-0.08338461071252823,0.47018271684646606,0.7672389149665833,-0.046943195164203644,0.3772105276584625,0.7266613841056824,-0.05889838561415672,0.32709211111068726,0.7088751196861267,-0.05775946006178856,0.28883954882621765,0.6985758543014526,-0.05658622831106186,0.46259069442749023,0.8219913244247437,-0.0448426753282547,0.4014872908592224,0.791068434715271,-0.0558287650346756,0.4250718653202057,0.7907673120498657,-0.04345770925283432,0.45234575867652893,0.7942685484886169,-0.030589014291763306,0.4566234052181244,0.8744229078292847,-0.043332941830158234,0.38581398129463196,0.8408737182617188,-0.05514410138130188,0.3502582609653473,0.8194724917411804,-0.0522473007440567,0.3219425678253174,0.7967246770858765,-0.046720925718545914
0.5804102420806885,0.8576570749282837,3.13127259232715e-07,0.5763319730758667,0.7694779634475708,-0.009655274450778961,0.5487197637557983,0.6941754221916199,-0.018295159563422203,0.5112905502319336,0.647771418094635,-0.023411091417074203,0.48772984743118286,0.5993450880050659,-0.02861783280968666,0.4850004017353058,0.7132613062858582,-0.04666907712817192,0.40466469526290894,0.6608033776283264,-0.06705398857593536,0.35730183124542236,0.6386350393295288,-0.07866650819778442,0.3209798336029053,0.6263216137886047,-0.08415021747350693,0.4672161340713501,0.7668247818946838,-0.04569735378026962,0.37680870294570923,0.7278603911399841,-0.05800386518239975,0.32703182101249695,0.7098286747932434,-0.057201988995075226,0.28877970576286316,0.7006810903549194,-0.056242819875478745,0.46040183305740356,0.8212072253227234,-0.04344148188829422,0.4004700779914856,0.7921683192253113,-0.05456827953457832,0.42292124032974243,0.7899565696716309,-0.042008768767118454,0.4488530457019806,0.7928116321563721,-0.029015282168984413,0.45535287261009216,0.8730653524398804,-0.041887179017066956,0.385670930147171,0.8402894139289856,-0.054409459233284,0.35058093070983887,0.8190054893493652,-0.05160907655954361,0.3225433826446533,0.796795129776001,-0.04596172645688057
0.5831160545349121,0.8593987226486206,3.4107748092537804e-07,0.5777111053466797,0.7716313004493713,-0.01005950290709734,0.5486562252044678,0.6956923007965088,-0.01859256625175476,0.5122344493865967,0.6485149264335632,-0.023723941296339035,0.48684653639793396,0.6035310626029968,-0.028715213760733604,0.485954612493515,0.7161197662353516,-0.046109750866889954,0.40444549918174744,0.6644054651260376,-0.0654803216457367,0.3566681742668152,0.6418269872665405,-0.07606539875268936,0.3204900026321411,0.630000114440918,-0.08063380420207977,0.46911612153053284,0.7703901529312134,-0.045622117817401886,0.3770805895328522,0.7315509915351868,-0.05912717431783676,0.3264426589012146,0.7131173610687256,-0.05965157598257065,0.2887914776802063,0.703192412853241,-0.05902712792158127,0.46226897835731506,0.8254587650299072,-0.04372236505150795,0.4015081524848938,0.7949275970458984,-0.055662497878074646,0.4229965806007385,0.7959771156311035,-0.04359554126858711,0.4474680721759796,0.8010509014129639,-0.03035988286137581,0.4573720097541809,0.8768413066864014,-0.04256392642855644,0.38445740938186646,0.8432685136795044,-0.05372953042387962,0.34914758801460266,0.8220776319503784,-0.04945679381489754,0.3220140337944031,0.8004453182220459,-0.04270213469862938
0.5856739282608032,0.8715810179710388,3.6578549611476774e-07,0.5775399208068848,0.7824841141700745,-0.014458997175097466,0.5450026988983154,0.7088198065757751,-0.02498064935207367,0.5065627098083496,0.6645239591598511,-0.032642778009176254,0.4788176417350769,0.6213344931602478,-0.04018480330705643,0.482278048992157,0.7326062917709351,-0.04410054162144661,0.40205949544906616,0.6868499517440796,-0.06231305003166199,0.356147438287735,0.6640121340751648,-0.0716356411576271,0.3197590112686157,0.6500168442726135,-0.075460284948349,0.46575167775154114,0.7899240851402283,-0.0445149801671505,0.37853583693504333,0.7545307278633118,-0.06093621999025345,0.32697242498397827,0.7362045049667358,-0.06572208553552628,0.28695568442344666,0.7248996496200562,-0.06757377833127975,0.45972752571105957,0.8460981845855713,-0.044095467776060104,0.40121665596961975,0.8168652057647705,-0.06237828731536865,0.42167091369628906,0.8144834041595459,-0.05723069980740547,0.44514408707618713,0.817213773727417,-0.04752788692712784,0.45661377906799316,0.8964782357215881,-0.044315557926893234,0.38659024238586426,0.867142915725708,-0.05838622525334358,0.3506462872028351,0.8459978699684143,-0.05703781172633171,0.3237971067428589,0.8266496062278748,-0.05229160562157631
0.5824837684631348,0.8758158087730408,3.811977933310118e-07,0.5757958292961121,0.7888677716255188,-0.011691737920045853,0.5425017476081848,0.7158041000366211,-0.020682871341705322,0.5034931898117065,0.670592725276947,-0.0262821726500988,0.4766140580177307,0.628105103969574,-0.031740713864564896,0.48003968596458435,0.7392489910125732,-0.04516523703932762,0.39940154552459717,0.6924104690551758,-0.06191933527588844,0.35354745388031006,0.6711095571517944,-0.06936455518007278,0.3189409673213959,0.6602104306221008,-0.07168419659137726,0.46523821353912354,0.7951048612594604,-0.04526258632540703,0.37296411395072937,0.761916995048523,-0.05922640115022659,0.3225145936012268,0.7464022636413574,-0.06026607006788254,0.28529566526412964,0.7382748126983643,-0.05943312495946884,0.4609665870666504,0.851101815700531,-0.044033341109752655,0.3985450863838196,0.8248167037963867,-0.05888794735074043,0.4180525541305542,0.8220576047897339,-0.049596551805734634,0.44197267293930054,0.8247496485710144,-0.037396982312202454,0.45856985449790955,0.9027326703071594,-0.04325898364186287,0.38317614793777466,0.8737726807594299,-0.05552861467003822,0.3465573787689209,0.8545290231704712,-0.05183400586247444,0.31899961829185486,0.8363639116287231,-0.04527414217591286
0.5774513483047485,0.8817400336265564,3.413904323679162e-07,0.5701949596405029,0.793627142906189,-0.00956662092357874,0.5383687615394592,0.7191151976585388,-0.01685977540910244,0.4989309310913086,0.6753644347190857,-0.021045753732323647,0.4703068435192108,0.63405841588974,-0.02529720589518547,0.47845691442489624,0.7439323663711548,-0.044433269649744034,0.39533400535583496,0.6987189650535583,-0.061668358743190765,0.3487098217010498,0.6782591342926025,-0.06905008107423782,0.31358444690704346,0.6680690050125122,-0.07113301008939743,0.4642954468727112,0.7994176745414734,-0.04521554335951805,0.37139397859573364,0.7687435150146484,-0.059134650975465775,0.32143843173980713,0.7551799416542053,-0.06009460613131523,0.2844666838645935,0.7486712336540222,-0.05938410386443138,0.4598851203918457,0.855543851852417,-0.0445953868329525,0.3982338309288025,0.8344520330429077,-0.059461139142513275,0.4186238944530487,0.8311335444450378,-0.050652891397476196,0.4429384768009186,0.8309769034385681,-0.03886135295033455,0.45641496777534485,0.9087666273117065,-0.044237393885850906,0.38205236196517944,0.8824565410614014,-0.056709058582782745,0.3443155586719513,0.8618411421775818,-0.053906604647636414,0.31542617082595825,0.8407690525054932,-0.04818529263138771
0.5787622332572937,0.8920374512672424,3.398487251615734e-07,0.5672305822372437,0.8028873801231384,-0.009840641170740128,0.5326977372169495,0.7316697835922241,-0.017626451328396797,0.4906467795372009,0.6867687106132507,-0.022747989743947983,0.4594168961048126,0.648228645324707,-0.028450237587094307,0.47168320417404175,0.7611846923828125,-0.041776739060878754,0.38780808448791504,0.7181494235992432,-0.057355888187885284,0.3405590355396271,0.6983650922775269,-0.06373322755098343,0.3035106062889099,0.6887246370315552,-0.06532696634531021,0.4579509198665619,0.8158761262893677,-0.0424383319914341,0.3695024251937866,0.7845882773399353,-0.05616164579987526,0.31914031505584717,0.7738364934921265,-0.05924582853913307,0.28271621465682983,0.7696278095245361,-0.0601370669901371,0.453088641166687,0.870940089225769,-0.04152319207787514,0.38807207345962524,0.8490023612976074,-0.055956944823265076,0.39510101079940796,0.8465134501457214,-0.05154614523053169,0.41018450260162354,0.8473440408706665,-0.043602921068668365,0.4503749907016754,0.9226718544960022,-0.040600232779979706,0.3776592016220093,0.8947030901908875,-0.05213367938995361,0.339860200881958,0.875723659992218,-0.050435010343790054,0.3118114471435547,0.8589672446250916,-0.045639537274837494
0.5744839906692505,0.8855633735656738,4.4623237727137166e-07,0.5620404481887817,0.7965516448020935,-0.007201693952083588,0.5294421911239624,0.7289941310882568,-0.014749252237379551,0.4875125288963318,0.6838494539260864,-0.019428692758083344,0.45825475454330444,0.6488171815872192,-0.024748774245381355,0.47050735354423523,0.7561345100402832,-0.03767649084329605,0.3897130489349365,0.7146531343460083,-0.05021258071064949,0.3424716591835022,0.697986364364624,-0.05389241874217987,0.3061060309410095,0.6898762583732605,-0.05482528731226921,0.4550118148326874,0.8124646544456482,-0.0388859286904335,0.3663541376590729,0.7807385325431824,-0.05105967819690704,0.31395435333251953,0.7697338461875916,-0.05462798848748207,0.27921658754348755,0.7672868967056274,-0.05675028637051582,0.448517769575119,0.8671116232872009,-0.0381336435675621,0.3732776641845703,0.8485227227210999,-0.04876608029007912,0.3388388156890869,0.8443337678909302,-0.05045930668711662,0.318293035030365,0.8444907665252686,-0.050369903445243835,0.4478814899921417,0.9169635772705078,-0.036713432520627975,0.3857158422470093,0.886234700679779,-0.04568086937069893,0.35139501094818115,0.867982804775238,-0.04634162783622742,0.32463526725769043,0.8509407639503479,-0.044910699129104614
0.5686159133911133,0.8581559658050537,5.189519924897468e-07,0.5623537302017212,0.7678643465042114,-0.008686029352247715,0.5312637686729431,0.7020316123962402,-0.016757385805249214,0.4916638731956482,0.6544080376625061,-0.021483412012457848,0.4659297466278076,0.6155644655227661,-0.026815682649612427,0.46948516368865967,0.7230904698371887,-0.036023758351802826,0.3911304771900177,0.6822710633277893,-0.047046877443790436,0.3473472595214844,0.6635971069335938,-0.050578150898218155,0.3133559226989746,0.6541637778282166,-0.05177656561136246,0.4513348340988159,0.7834759950637817,-0.036363087594509125,0.36900389194488525,0.7437918186187744,-0.046749409288167953,0.32238513231277466,0.7260817289352417,-0.050085533410310745,0.2891957759857178,0.7178418636322021,-0.05183760076761246,0.44469770789146423,0.8410201668739319,-0.0348123237490654,0.37779298424720764,0.8173153400421143,-0.0417013056576252,0.33860325813293457,0.8056081533432007,-0.04281499981880188,0.31235671043395996,0.7993605136871338,-0.043751295655965805,0.44717690348625183,0.8901170492172241,-0.03303856775164604,0.39809370040893555,0.8575340509414673,-0.037607431411743164,0.37308964133262634,0.8387714624404907,-0.034991972148418427,0.35433894395828247,0.8227100372314453,-0.03200141340494156
0.5671220421791077,0.8537983298301697,5.128566726853023e-07,0.5622266530990601,0.7634719014167786,-0.012334168888628483,0.5337792038917542,0.6921661496162415,-0.021610019728541374,0.49368923902511597,0.6438509821891785,-0.027268648147583008,0.4663484990596771,0.60589998960495,-0.033933125436306,0.46872925758361816,0.7151644825935364,-0.039429519325494766,0.3916054964065552,0.6703227758407593,-0.05138291046023369,0.34616464376449585,0.6518352031707764,-0.05586346983909607,0.3113240599632263,0.6424797773361206,-0.05774727836251259,0.4505161643028259,0.7765263915061951,-0.03878292068839073,0.37142908573150635,0.7388016581535339,-0.047885771840810776,0.32423457503318787,0.7211905717849731,-0.05146445706486702,0.292702317237854,0.7136129140853882,-0.05385252460837364,0.445249080657959,0.8368474841117859,-0.0366017185151577,0.37922728061676025,0.8148064613342285,-0.042661767452955246,0.33942991495132446,0.7995936274528503,-0.046385593712329865,0.31462907791137695,0.7912254333496094,-0.04990607872605324,0.4499256908893585,0.8908656239509583,-0.03444161266088486,0.4087812900543213,0.8736242651939392,-0.03969176486134529,0.388683944940567,0.8615326881408691,-0.03882186487317085,0.3763968348503113,0.8514584898948669,-0.03702585771679878
0.5707612633705139,0.8383141756057739,5.094588573228975e-07,0.5641400218009949,0.7522876262664795,-0.011947225779294968,0.5362181663513184,0.6832602024078369,-0.02084408514201641,0.4965055584907532,0.6374825239181519,-0.026433516293764114,0.4702550172805786,0.6000143885612488,-0.03285505622625351,0.468603253364563,0.7021353244781494,-0.03414703905582428,0.3966565728187561,0.6577179431915283,-0.04553212970495224,0.35473257303237915,0.6372826099395752,-0.05106743797659874,0.32092392444610596,0.6262238025665283,-0.05390884727239609,0.45114168524742126,0.7615076899528503,-0.03408089280128479,0.37421083450317383,0.7235846519470215,-0.04294734448194504,0.3275431990623474,0.705806314945221,-0.04776957631111145,0.294120192527771,0.6982294917106628,-0.05120081827044487,0.4452557861804962,0.8211349844932556,-0.03281228616833687,0.37893977761268616,0.8022178411483765,-0.03943154588341713,0.34109291434288025,0.7871870398521423,-0.04315491020679474,0.3161340355873108,0.7777995467185974,-0.04646255820989609,0.4478009343147278,0.8748351335525513,-0.03172142803668976,0.4032494127750397,0.8539358377456665,-0.03744763880968094,0.3827314078807831,0.83836829662323,-0.03642197698354721,0.36921870708465576,0.8228063583374023,-0.034493327140808105
0.5689055323600769,0.8134005069732666,5.031961904933269e-07,0.5640015602111816,0.7242389917373657,-0.005437317304313183,0.5391457080841064,0.6537832021713257,-0.012495486997067928,0.5047463178634644,0.6054050326347351,-0.01800934597849846,0.47993287444114685,0.5711319446563721,-0.024954693391919136,0.4714338183403015,0.6718688011169434,-0.028522638604044914,0.40100497007369995,0.6227154731750488,-0.039885327219963074,0.3595539629459381,0.5990939140319824,-0.04538614675402641,0.3276152014732361,0.5846837759017944,-0.047812823206186295,0.45166486501693726,0.7285419702529907,-0.03166761249303818,0.3778463304042816,0.6843390464782715,-0.039779577404260635,0.3342151343822479,0.6646523475646973,-0.04380176216363907,0.30349278450012207,0.6536808013916016,-0.04631692171096802,0.4435020983219147,0.7850562334060669,-0.0332605205476284,0.3785424828529358,0.7577067613601685,-0.03826916217803955,0.3414129912853241,0.7402696013450623,-0.03986859694123268,0.3173961639404297,0.726963996887207,-0.041471824049949646,0.4444235861301422,0.8378708362579346,-0.034643642604351044,0.3960108757019043,0.8127724528312683,-0.03850073367357254,0.37051743268966675,0.7952322959899902,-0.03575405478477478,0.35263580083847046,0.776970386505127,-0.032433897256851196
0.5668255686759949,0.8090553879737854,4.888955800197436e-07,0.5651309490203857,0.7226437926292419,-0.007665357086807489,0.5415775179862976,0.6512695550918579,-0.01524941436946392,0.507099986076355,0.6003206372261047,-0.02081921696662903,0.4814341068267822,0.5624004602432251,-0.027168994769454002,0.47650623321533203,0.6603123545646667,-0.02867252007126808,0.40352222323417664,0.6116085648536682,-0.040288954973220825,0.3605334162712097,0.5865576863288879,-0.04591131955385208,0.326712965965271,0.5712199211120605,-0.04796070232987404,0.4556393027305603,0.7091251015663147,-0.030391430482268333,0.3785671889781952,0.6591007709503174,-0.03825288265943527,0.33050835132598877,0.6346075534820557,-0.04218325391411781,0.2962597608566284,0.6195870637893677,-0.04462861642241478,0.4431833028793335,0.75974440574646,-0.030862225219607353,0.3780704140663147,0.7245216369628906,-0.03639844432473183,0.34566664695739746,0.7063252925872803,-0.03702087700366974,0.32645124197006226,0.6940149068832397,-0.03695263713598251,0.43574798107147217,0.8095868825912476,-0.03136824816465378,0.38139140605926514,0.7721560001373291,-0.037380728870630264,0.3494735360145569,0.7494996190071106,-0.03627698868513107,0.3238096535205841,0.7280160784721375,-0.03344875946640968
0.5688247680664062,0.8070731163024902,3.6640781786445586e-07,0.5701318383216858,0.7191033959388733,-0.009759304113686085,0.5454392433166504,0.6448590755462646,-0.015163544565439224,0.5110611319541931,0.5939323902130127,-0.018093658611178398,0.48636266589164734,0.5467022657394409,-0.021677343174815178,0.47836220264434814,0.6521852016448975,-0.03341171517968178,0.4059586524963379,0.5956376791000366,-0.04609358310699463,0.3614567220211029,0.5678186416625977,-0.05245852470397949,0.3266587257385254,0.5515162348747253,-0.05435210093855858,0.45843490958213806,0.6989293098449707,-0.03334769606590271,0.37841084599494934,0.6559980511665344,-0.042531147599220276,0.3305794596672058,0.6369327306747437,-0.04428280517458916,0.2949375808238983,0.6271188259124756,-0.04388079047203064,0.4501100778579712,0.7515170574188232,-0.03232923150062561,0.40172526240348816,0.731593132019043,-0.04520029574632645,0.4230976700782776,0.7383946776390076,-0.03972350060939789,0.44614219665527344,0.7448520064353943,-0.029748279601335526,0.4440121352672577,0.8017474412918091,-0.031519223004579544,0.3804050087928772,0.766380786895752,-0.04259055107831955,0.3481447100639343,0.7416069507598877,-0.04011155292391777,0.3227362334728241,0.715491771697998,-0.03432145342230797
0.5763838291168213,0.8125104308128357,3.7817824249941623e-07,0.5751090049743652,0.7243874669075012,-0.012711940333247185,0.5479394197463989,0.6463094353675842,-0.021273208782076836,0.5110651850700378,0.5918007493019104,-0.027014823630452156,0.4852677583694458,0.5412558317184448,-0.03321646898984909,0.48259490728378296,0.6579201817512512,-0.04109029844403267,0.40776267647743225,0.6004145741462708,-0.0580751895904541,0.36220893263816833,0.5719388127326965,-0.06699831783771515,0.3254564702510834,0.5543042421340942,-0.07056901603937149,0.4631030857563019,0.7057746052742004,-0.04155786707997322,0.37942302227020264,0.6561574339866638,-0.05655277147889137,0.3288220167160034,0.6302495002746582,-0.06163329631090164,0.2897859215736389,0.6120418310165405,-0.063738152384758,0.45414263010025024,0.7589387893676758,-0.04093626141548157,0.40014368295669556,0.726911187171936,-0.05846815183758736,0.4175075590610504,0.7352876663208008,-0.05428498983383179,0.43744009733200073,0.7438167333602905,-0.04507897049188614,0.4475696086883545,0.8105830550193787,-0.04068360850214958,0.38134071230888367,0.7695991396903992,-0.055447887629270554,0.34776610136032104,0.7415531277656555,-0.054948702454566956,0.3210711181163788,0.7143149971961975,-0.05058855190873146
0.5738583207130432,0.8168039321899414,3.7779958006467496e-07,0.57246333360672,0.7293945550918579,-0.010869305580854416,0.5460911989212036,0.6475609540939331,-0.0182830598205328,0.508811354637146,0.5908437371253967,-0.023346563801169395,0.4826449751853943,0.5411550998687744,-0.028925562277436256,0.4815518856048584,0.6616092920303345,-0.0369856022298336,0.40539565682411194,0.6042358875274658,-0.05142423138022423,0.3599616587162018,0.5759137868881226,-0.05724481865763664,0.324775755405426,0.5571645498275757,-0.05843048170208931,0.4619004428386688,0.70805823802948,-0.03842535242438316,0.37719738483428955,0.6597396731376648,-0.05220425873994827,0.3279569745063782,0.6341585516929626,-0.056713417172431946,0.2916097044944763,0.6160516142845154,-0.05805213004350662,0.45274367928504944,0.7597782015800476,-0.03860892727971077,0.3970224857330322,0.7312718033790588,-0.055852167308330536,0.41343700885772705,0.7362270355224609,-0.0525289922952652,0.4338168799877167,0.7416394352912903,-0.043835703283548355,0.4451877474784851,0.8116094470024109,-0.03881877660751343,0.37890109419822693,0.775390625,-0.05219852924346924,0.34453779458999634,0.7485727667808533,-0.051071442663669586,0.31712695956230164,0.7225801944732666,-0.04645511135458946
0.5713616609573364,0.8448741436004639,2.866137549517589e-07,0.56687331199646,0.7533791065216064,-0.008462543599307537,0.5368474721908569,0.6706345081329346,-0.016261599957942963,0.49884796142578125,0.6174002289772034,-0.021568696945905685,0.47664058208465576,0.5695291757583618,-0.02766246348619461,0.4799821972846985,0.693312406539917,-0.04472123458981514,0.40207746624946594,0.6371328830718994,-0.06255738437175751,0.3545832633972168,0.6104567050933838,-0.06971967965364456,0.31727439165115356,0.5949652791023254,-0.07150575518608093,0.46018537878990173,0.7475912570953369,-0.046792324632406235,0.3722077012062073,0.7019093036651611,-0.06277991086244583,0.32144907116889954,0.684309720993042,-0.06542590260505676,0.2824896574020386,0.674839437007904,-0.06525164097547531,0.4502735435962677,0.8013051748275757,-0.046873413026332855,0.390728235244751,0.7719569802284241,-0.06324667483568192,0.40554824471473694,0.7716282606124878,-0.057034268975257874,0.4257650077342987,0.7762985229492188,-0.04665591940283775,0.4426863491535187,0.8514542579650879,-0.046867579221725464,0.37421342730522156,0.81533282995224,-0.05794336274266243,0.3384541869163513,0.7900474667549133,-0.0546136237680912,0.3116387724876404,0.7685946822166443,-0.04846067354083061
0.5771883130073547,0.8598917126655579,3.6849428397545125e-07,0.5729422569274902,0.7699208855628967,-0.009274855256080627,0.5415745973587036,0.6845470666885376,-0.016666965559124947,0.5029008984565735,0.629675030708313,-0.021605350077152252,0.47482430934906006,0.5840358734130859,-0.026815975084900856,0.4813407063484192,0.7031867504119873,-0.04335562512278557,0.3989082872867584,0.647515058517456,-0.060620442032814026,0.35035452246665955,0.620610237121582,-0.06814803928136826,0.3127121925354004,0.6033050417900085,-0.070440873503685,0.4631398320198059,0.7583358883857727,-0.04518000781536102,0.3731813132762909,0.7192273736000061,-0.06149894371628761,0.3205403685569763,0.6989825963973999,-0.065559022128582,0.2806257903575897,0.6847659349441528,-0.06674524396657944,0.4538741111755371,0.8156655430793762,-0.04527685046195984,0.3925060033798218,0.7878560423851013,-0.06257855892181396,0.41289088129997253,0.7923147678375244,-0.05517015606164932,0.4369834065437317,0.7991100549697876,-0.043656524270772934,0.4461683928966522,0.8702967166900635,-0.04553968831896782,0.37559497356414795,0.8336840271949768,-0.05818474292755127,0.33840763568878174,0.8075727820396423,-0.05488725006580353,0.30929797887802124,0.7828906178474426,-0.04856021702289581
0.5752723217010498,0.860636293888092,3.081962631767965e-07,0.5689881443977356,0.7715155482292175,-0.010689277201890945,0.539306640625,0.693964958190918,-0.019832689315080643,0.49853459000587463,0.6435743570327759,-0.026140542700886726,0.469814270734787,0.5978447794914246,-0.03249260038137436,0.4754103720188141,0.7155302166938782,-0.0430455207824707,0.39270034432411194,0.663326621055603,-0.060310546308755875,0.34460413455963135,0.6413307785987854,-0.06817276030778885,0.3071378767490387,0.6293442249298096,-0.07070392370223999,0.4567267596721649,0.7716982960700989,-0.0434245839715004,0.36879605054855347,0.7316474914550781,-0.05762457847595215,0.3191729784011841,0.7137181162834167,-0.060402799397706985,0.281776487827301,0.7029288411140442,-0.06141088157892227,0.4481370449066162,0.8272240161895752,-0.04243984445929527,0.38909441232681274,0.7968589663505554,-0.05745486542582512,0.4067913889884949,0.7967652082443237,-0.05099569261074066,0.4288109838962555,0.8012526631355286,-0.04153677821159363,0.44160357117652893,0.8783270120620728,-0.04180530831217766,0.37314507365226746,0.8446499109268188,-0.05380756035447121,0.3368538022041321,0.8210352659225464,-0.05192011594772339,0.30877816677093506,0.7991262674331665,-0.0472542829811573
0.5756552815437317,0.8849551677703857,2.874488131965336e-07,0.5629615187644958,0.796775758266449,-0.007011955603957176,0.526724100112915,0.7203841805458069,-0.013314635492861271,0.48385733366012573,0.6768743395805359,-0.0169841181486845,0.4569164216518402,0.6342967748641968,-0.02146880142390728,0.46672457456588745,0.7521226406097412,-0.04041939228773117,0.38712596893310547,0.7019839882850647,-0.05653427168726921,0.3403809666633606,0.6804388761520386,-0.06390494108200073,0.30357104539871216,0.6713796257972717,-0.066371388733387,0.4517533779144287,0.8077308535575867,-0.04171009361743927,0.36178213357925415,0.7744307518005371,-0.054910607635974884,0.3126765489578247,0.7647350430488586,-0.05607310310006142,0.2737889289855957,0.7626376152038574,-0.05545851215720177,0.44737938046455383,0.8623968958854675,-0.04115509241819382,0.38865819573402405,0.8397471308708191,-0.0549367219209671,0.4070546627044678,0.8380745053291321,-0.04659806564450264,0.42882996797561646,0.8413112759590149,-0.035413119941949844,0.4455997943878174,0.9138413667678833,-0.040548089891672134,0.3724921941757202,0.8871538639068604,-0.051718439906835556,0.33429446816444397,0.8660904765129089,-0.04838157445192337,0.3049110770225525,0.8463617563247681,-0.04224367439746857
0.5699790716171265,0.8859603404998779,3.8438713545474457e-07,0.5612326264381409,0.7994913458824158,-0.013683106750249863,0.5270572304725647,0.7278096675872803,-0.023363392800092697,0.4865754246711731,0.68508380651474,-0.02941354550421238,0.45597779750823975,0.644085705280304,-0.03555570915341377,0.4624584913253784,0.7528447508811951,-0.046818140894174576,0.38131552934646606,0.7065293192863464,-0.0648985430598259,0.3334108591079712,0.6870371103286743,-0.0740106850862503,0.2961306869983673,0.6785842180252075,-0.07775157690048218,0.4473314881324768,0.8078702688217163,-0.045309267938137054,0.3602840304374695,0.7807009816169739,-0.05889105051755905,0.3117614984512329,0.7711566686630249,-0.0602572001516819,0.27511680126190186,0.7697572708129883,-0.060152504593133926,0.4438750743865967,0.8645444512367249,-0.04279797151684761,0.3897966146469116,0.8481646776199341,-0.05727658420801163,0.413141131401062,0.847085177898407,-0.048466555774211884,0.4383130371570587,0.8482586145401001,-0.03701023384928703,0.4423573613166809,0.9179549813270569,-0.04103469476103783,0.3739800751209259,0.8928643465042114,-0.053612492978572845,0.3379809260368347,0.8725602030754089,-0.05100378394126892,0.30852216482162476,0.8504839539527893,-0.04551957920193672
0.5689995884895325,0.8822692632675171,4.094393943887553e-07,0.5576661229133606,0.7937760949134827,-0.005475474521517754,0.5266951322555542,0.7269126772880554,-0.010960192419588566,0.48564672470092773,0.6816900968551636,-0.014413679949939251,0.45621582865715027,0.647503137588501,-0.018672341480851173,0.45964953303337097,0.749043345451355,-0.02826537750661373,0.3848962187767029,0.706382155418396,-0.03832009434700012,0.3393445611000061,0.6896154880523682,-0.04210541769862175,0.3037521243095398,0.6823197603225708,-0.043639905750751495,0.4453112781047821,0.8038374781608582,-0.03041723184287548,0.36260300874710083,0.7746782898902893,-0.03996117785573006,0.31285420060157776,0.7647973895072937,-0.04301857203245163,0.2793639898300171,0.7631092071533203,-0.04490739107131958,0.4406696557998657,0.8588768839836121,-0.031140491366386414,0.3680213689804077,0.8431872725486755,-0.03891672194004059,0.32968610525131226,0.8329201340675354,-0.03997279703617096,0.304673433303833,0.8262260556221008,-0.04012201726436615,0.4421362280845642,0.9102688431739807,-0.0314892940223217,0.383084237575531,0.8826032280921936,-0.0382407009601593,0.3500489592552185,0.8639771938323975,-0.03753907233476639,0.32438409328460693,0.8446873426437378,-0.03525868058204651
0.5708716511726379,0.8787142038345337,4.4545834043674404e-07,0.5596452951431274,0.7905555963516235,-0.0034073723945766687,0.5262469053268433,0.7211338877677917,-0.00814630277454853,0.48551926016807556,0.6743592619895935,-0.010561827570199966,0.45791906118392944,0.6397277116775513,-0.013868636451661587,0.4653584063053131,0.7429323792457581,-0.03102107346057892,0.3895784616470337,0.6981139183044434,-0.04101381078362465,0.34379297494888306,0.6814005374908447,-0.044029392302036285,0.3092486262321472,0.675006628036499,-0.044582728296518326,0.4520823061466217,0.8014291524887085,-0.03351907804608345,0.36874181032180786,0.7692904472351074,-0.04377216100692749,0.3189033567905426,0.7574978470802307,-0.04708004370331764,0.28528884053230286,0.7548710703849792,-0.04882793128490448,0.44671064615249634,0.859557569026947,-0.03381134197115898,0.3734124004840851,0.8406756520271301,-0.04141939803957939,0.3340291380882263,0.8299924731254578,-0.0426366925239563,0.3093222975730896,0.8248134851455688,-0.04272805526852608,0.4469766914844513,0.9130799770355225,-0.03322286158800125,0.3889378309249878,0.8825398683547974,-0.038581933826208115,0.3562622368335724,0.863021194934845,-0.03681277111172676,0.33215296268463135,0.8439506888389587,-0.03375513479113579
0.5706751942634583,0.8736388087272644,4.5335741560847964e-07,0.5606470108032227,0.7833038568496704,-0.00392304128035903,0.5312957763671875,0.7153965830802917,-0.00931601133197546,0.49170398712158203,0.6684700846672058,-0.012890355661511421,0.46397560834884644,0.6323332190513611,-0.017045702785253525,0.4662133753299713,0.7339690923690796,-0.02412448450922966,0.3913232088088989,0.6916924118995667,-0.03194046765565872,0.34755808115005493,0.6750644445419312,-0.03470715135335922,0.31429237127304077,0.6673679351806641,-0.03563915938138962,0.450467586517334,0.7921952605247498,-0.026411117985844612,0.3709985017776489,0.7585152387619019,-0.0343501903116703,0.32292768359184265,0.7455799579620361,-0.03807160258293152,0.2895472049713135,0.7412343621253967,-0.0405133031308651,0.44430607557296753,0.8495357632637024,-0.027029991149902344,0.3741142153739929,0.8276693224906921,-0.032590508460998535,0.33572280406951904,0.8158861994743347,-0.03411579504609108,0.31168484687805176,0.8092649579048157,-0.03511378541588783,0.44510310888290405,0.8996731638908386,-0.02709844894707203,0.3911016881465912,0.8706402778625488,-0.031249437481164932,0.3600841462612152,0.8524655103683472,-0.029640676453709602,0.33707132935523987,0.8339952826499939,-0.026970187202095985
0.5730203986167908,0.8362802863121033,4.560908450912393e-07,0.5641534328460693,0.7498159408569336,-0.005616550333797932,0.5333343148231506,0.679650068283081,-0.012851542793214321,0.496385782957077,0.6268032789230347,-0.018066516146063805,0.4747471511363983,0.5870200395584106,-0.024524128064513206,0.4724092483520508,0.6957923769950867,-0.031141214072704315,0.39927828311920166,0.6477411389350891,-0.041344597935676575,0.3577902317047119,0.6259771585464478,-0.04529254510998726,0.3248012661933899,0.6146020889282227,-0.0468359999358654,0.4550836682319641,0.7513713240623474,-0.03368140012025833,0.37524470686912537,0.7110819816589355,-0.041721928864717484,0.3289991021156311,0.6969889998435974,-0.04426376149058342,0.29659444093704224,0.6918468475341797,-0.04587269946932793,0.4472031891345978,0.8066227436065674,-0.034407295286655426,0.37829485535621643,0.7766188979148865,-0.03977571427822113,0.3409053683280945,0.7589588165283203,-0.040064651519060135,0.3166005611419678,0.7471554279327393,-0.040638267993927,0.44628825783729553,0.8573729395866394,-0.034850023686885834,0.39273801445961,0.8209251761436462,-0.03967490419745445,0.36376696825027466,0.7974185347557068,-0.03732610493898392,0.3415396809577942,0.7744938731193542,-0.034292109310626984
0.5731744766235352,0.8258644938468933,4.3487651169016317e-07,0.5635720491409302,0.7390477061271667,-0.004754845984280109,0.5353391170501709,0.6708547472953796,-0.011001654900610447,0.49993640184402466,0.6222683787345886,-0.015952739864587784,0.47439882159233093,0.5871201157569885,-0.02214362472295761,0.47049272060394287,0.6840696930885315,-0.02576899155974388,0.4002440273761749,0.6393905282020569,-0.03630418702960014,0.35819000005722046,0.6186540126800537,-0.04201144352555275,0.3245934247970581,0.6073651909828186,-0.045029282569885254,0.4542413353919983,0.7370573282241821,-0.029324989765882492,0.37570980191230774,0.7012321949005127,-0.037870313972234726,0.3293956518173218,0.6864829063415527,-0.04223065450787544,0.2974117398262024,0.6808176040649414,-0.04535892233252525,0.4467141628265381,0.7921094298362732,-0.03153667971491814,0.3760144114494324,0.7677937746047974,-0.037815555930137634,0.33734387159347534,0.7517542839050293,-0.03930104523897171,0.3122686743736267,0.7419822812080383,-0.040410734713077545,0.44527751207351685,0.8438770771026611,-0.03352964296936989,0.3895092308521271,0.8083828091621399,-0.03972001001238823,0.35932034254074097,0.786697506904602,-0.03857266902923584,0.33650094270706177,0.7668200731277466,-0.036070387810468674
0.5742605924606323,0.8077553510665894,4.5876021204094286e-07,0.5679941177368164,0.7226803302764893,-0.004592967685312033,0.5422057509422302,0.6503406167030334,-0.01119004376232624,0.5045514702796936,0.6014484167098999,-0.016241487115621567,0.4803989827632904,0.5638831257820129,-0.0230234507471323,0.4809626340866089,0.6612867712974548,-0.028604749590158463,0.40782952308654785,0.6128155589103699,-0.041380178183317184,0.3640832006931305,0.5870077610015869,-0.04815179109573364,0.3305651843547821,0.5697530508041382,-0.05142161250114441,0.461759090423584,0.7107425928115845,-0.03275904804468155,0.3817661702632904,0.6601186394691467,-0.04271811246871948,0.3337193727493286,0.6322967410087585,-0.048876866698265076,0.2998320758342743,0.6111571788787842,-0.053019873797893524,0.4505416750907898,0.760852038860321,-0.03521082177758217,0.3792428970336914,0.7200668454170227,-0.04259234666824341,0.33572202920913696,0.6921548247337341,-0.046317972242832184,0.30633580684661865,0.6691678762435913,-0.04911167919635773,0.4455435872077942,0.8120430707931519,-0.03722032904624939,0.3875918984413147,0.7740450501441956,-0.04537790268659592,0.3531515896320343,0.7488355040550232,-0.04602658003568649,0.325898677110672,0.7230570316314697,-0.044697511941194534
0.5684804320335388,0.8009783625602722,3.877907772675826e-07,0.5660030841827393,0.7194730043411255,-0.007187441922724247,0.5417588949203491,0.6485053300857544,-0.013129274360835552,0.5046626329421997,0.5960384607315063,-0.017021112143993378,0.480008065700531,0.5536476373672485,-0.021704908460378647,0.47886157035827637,0.652692437171936,-0.02810530737042427,0.4076775312423706,0.6027887463569641,-0.03899208828806877,0.36334705352783203,0.5788220763206482,-0.04405495896935463,0.32751432061195374,0.5645232200622559,-0.04604242742061615,0.4597998857498169,0.6958381533622742,-0.029235567897558212,0.38266241550445557,0.6510048508644104,-0.037533100694417953,0.33346450328826904,0.6303055882453918,-0.04171641543507576,0.29728609323501587,0.6199959516525269,-0.04438644275069237,0.4486732482910156,0.7420681715011597,-0.028973106294870377,0.38553035259246826,0.7175116539001465,-0.03757070004940033,0.3650609254837036,0.7089202404022217,-0.038626134395599365,0.3562184274196625,0.7049614191055298,-0.03707214444875717,0.4397343397140503,0.7893989086151123,-0.02846413105726242,0.38389214873313904,0.7557722330093384,-0.03682635724544525,0.35110294818878174,0.7347901463508606,-0.03741391375660896,0.3246513307094574,0.7149122953414917,-0.0352666974067688
0.570350170135498,0.7998761534690857,3.471607783467334e-07,0.5704244375228882,0.7133481502532959,-0.011586995795369148,0.5450885891914368,0.639414370059967,-0.0169993843883276,0.5077390074729919,0.5907588601112366,-0.019758019596338272,0.48343074321746826,0.5410948991775513,-0.02295329049229622,0.47921061515808105,0.6461565494537354,-0.031461361795663834,0.4084116220474243,0.590323269367218,-0.04303004592657089,0.365062952041626,0.5633446574211121,-0.04779893904924393,0.33051228523254395,0.5480973720550537,-0.04857350513339043,0.4597805142402649,0.6935654282569885,-0.031226446852087975,0.37963491678237915,0.6513109803199768,-0.04144028574228287,0.33121973276138306,0.6340196132659912,-0.04340093582868576,0.29439038038253784,0.6262688636779785,-0.042543161660432816,0.45264169573783875,0.7464967370033264,-0.030428187921643257,0.4025946855545044,0.7284693717956543,-0.0468209944665432,0.424939900636673,0.7363969683647156,-0.04229424521327019,0.4479338228702545,0.7431721091270447,-0.03182828053832054,0.4472075402736664,0.7973372936248779,-0.029781298711895943,0.38420844078063965,0.7589852809906006,-0.044089168310165405,0.3528536558151245,0.7317349314689636,-0.04309890419244766,0.3264642059803009,0.7039157748222351,-0.037780098617076874
0.5767027139663696,0.8042564988136292,3.5968565725852386e-07,0.5751694440841675,0.7191677093505859,-0.010907117277383804,0.5473857522010803,0.6396554112434387,-0.01760742999613285,0.5093425512313843,0.5867599844932556,-0.021649425849318504,0.483506441116333,0.5361473560333252,-0.026282915845513344,0.4830876290798187,0.6479429006576538,-0.037767842411994934,0.40814101696014404,0.5903822183609009,-0.05331581458449364,0.36249253153800964,0.5639503598213196,-0.06066972017288208,0.3255717158317566,0.5488657355308533,-0.0630951002240181,0.4638110101222992,0.6943031549453735,-0.038521647453308105,0.3790484070777893,0.648436427116394,-0.05221487581729889,0.32906007766723633,0.627050518989563,-0.056236378848552704,0.2905532717704773,0.61454176902771,-0.05709650740027428,0.4558958411216736,0.747328519821167,-0.03813676908612251,0.4029674530029297,0.727924108505249,-0.05571206286549568,0.421928733587265,0.7380080819129944,-0.051251981407403946,0.4432232677936554,0.7459607720375061,-0.041185036301612854,0.44955742359161377,0.8005909323692322,-0.037801165133714676,0.3844633102416992,0.7623706459999084,-0.053173407912254333,0.351846307516098,0.7334384322166443,-0.05245314911007881,0.3253222107887268,0.703684389591217,-0.04740860313177109
0.5787351727485657,0.8018313050270081,3.435027906562027e-07,0.5738751292228699,0.7185578942298889,-0.010088974609971046,0.5473008155822754,0.6408177614212036,-0.017260225489735603,0.5089770555496216,0.5869296193122864,-0.022715752944350243,0.48421671986579895,0.53684401512146,-0.028781233355402946,0.4826195240020752,0.6488363742828369,-0.03270723670721054,0.40738609433174133,0.5933291912078857,-0.04666869714856148,0.362582802772522,0.5662432909011841,-0.0518706850707531,0.32726603746414185,0.5493993759155273,-0.05257102847099304,0.46392664313316345,0.6947876811027527,-0.034947652369737625,0.3794633448123932,0.6525343060493469,-0.04937443137168884,0.32965087890625,0.6335464119911194,-0.05481370911002159,0.29269593954086304,0.6224509477615356,-0.05626602843403816,0.45571523904800415,0.7458731532096863,-0.03612267225980759,0.39901062846183777,0.7282242178916931,-0.05514231324195862,0.4104926586151123,0.7357577681541443,-0.054119210690259933,0.4270263910293579,0.7415947914123535,-0.04635757580399513,0.4488671123981476,0.7980709075927734,-0.03704751655459404,0.3849579095840454,0.7638521790504456,-0.05102311447262764,0.35112911462783813,0.7381973266601562,-0.05033230781555176,0.323371946811676,0.7125387191772461,-0.04562465101480484
0.5754939317703247,0.8022042512893677,3.708283315972949e-07,0.5719056129455566,0.7191953659057617,-0.008350810036063194,0.5456385612487793,0.6409294605255127,-0.01587020605802536,0.5093758702278137,0.5865092873573303,-0.02111816219985485,0.48224836587905884,0.537874162197113,-0.027088526636362076,0.4828413724899292,0.6517834067344666,-0.03882637247443199,0.40723717212677,0.5978687405586243,-0.05546139180660248,0.36192435026168823,0.5705165266990662,-0.06379241496324539,0.32592689990997314,0.5527966022491455,-0.0670124813914299,0.4651268720626831,0.6988375186920166,-0.04109123721718788,0.3791545629501343,0.6548065543174744,-0.055025164037942886,0.3310853838920593,0.6318264603614807,-0.05851903185248375,0.2944624423980713,0.6147727370262146,-0.05980711057782173,0.45739951729774475,0.7513245344161987,-0.041843853890895844,0.3999652862548828,0.7318863272666931,-0.057463910430669785,0.41556692123413086,0.7410004138946533,-0.05066503956913948,0.43710798025131226,0.7483277916908264,-0.0403260700404644,0.450961709022522,0.8042380809783936,-0.042738888412714005,0.38436540961265564,0.7679321765899658,-0.05603639408946037,0.35019370913505554,0.7406418323516846,-0.05344827100634575,0.32371777296066284,0.7130244374275208,-0.047840017825365067
0.5773960947990417,0.8251023888587952,3.688179504024447e-07,0.5731238126754761,0.7348322868347168,-0.007307508494704962,0.544437825679779,0.6566330790519714,-0.013895775191485882,0.5091832280158997,0.6031320095062256,-0.018299592658877373,0.48409366607666016,0.5579604506492615,-0.02360372059047222,0.48650309443473816,0.6704292297363281,-0.040830355137586594,0.4070170819759369,0.6181398630142212,-0.05686003714799881,0.3604026734828949,0.5903383493423462,-0.06307049840688705,0.3239573538303375,0.5731917023658752,-0.06406623125076294,0.4677276015281677,0.72121262550354,-0.044257547706365585,0.379714697599411,0.6688210368156433,-0.059901777654886246,0.3286188840866089,0.6400721073150635,-0.06448689848184586,0.2902568578720093,0.6189282536506653,-0.06556811183691025,0.4574229121208191,0.7758693099021912,-0.04565811529755592,0.39605236053466797,0.7385804653167725,-0.06338686496019363,0.4038065969944,0.7362022399902344,-0.060723207890987396,0.4180833101272583,0.7383578419685364,-0.05250893905758858,0.44940847158432007,0.8285943865776062,-0.046520452946424484,0.3792796730995178,0.7887661457061768,-0.059930577874183655,0.3441104292869568,0.7616513967514038,-0.05848870798945427,0.3182372450828552,0.738427996635437,-0.05345971882343292
0.5792090892791748,0.8283860087394714,4.3865318843927525e-07,0.5746553540229797,0.7392534017562866,-0.007148190401494503,0.545132577419281,0.6599223613739014,-0.014452246017754078,0.5077477693557739,0.6063251495361328,-0.019151141867041588,0.4794103503227234,0.5620282292366028,-0.024321135133504868,0.4844522178173065,0.6763203740119934,-0.044290315359830856,0.40606310963630676,0.6210031509399414,-0.06251007318496704,0.35916104912757874,0.5925991535186768,-0.07108093798160553,0.3223901391029358,0.5732492208480835,-0.07405571639537811,0.46523892879486084,0.7259793281555176,-0.04695127531886101,0.3775683641433716,0.6697763204574585,-0.06371654570102692,0.325663685798645,0.6343836188316345,-0.06845150887966156,0.2861613631248474,0.6072867512702942,-0.07030479609966278,0.45645013451576233,0.7800637483596802,-0.04729413986206055,0.3952217102050781,0.7489635348320007,-0.064183309674263,0.40935787558555603,0.7523593306541443,-0.058441225439310074,0.4307398200035095,0.7578325271606445,-0.04853236675262451,0.4513554871082306,0.8331228494644165,-0.04738449305295944,0.38161352276802063,0.7939415574073792,-0.06137775257229805,0.3470650315284729,0.7664088606834412,-0.05952233448624611,0.3209708333015442,0.7401825785636902,-0.054300934076309204
0.580472469329834,0.8330342769622803,3.737378904133948e-07,0.5744526982307434,0.7421841025352478,-0.006482564844191074,0.54496169090271,0.6626060009002686,-0.012466874904930592,0.5083692669868469,0.6077157855033875,-0.016016284003853798,0.47929635643959045,0.5623753070831299,-0.019910592585802078,0.48334914445877075,0.6788537502288818,-0.039817746728658676,0.40575066208839417,0.6261784434318542,-0.05644061043858528,0.3603161573410034,0.5988102555274963,-0.06471152603626251,0.32432809472084045,0.5809329748153687,-0.0677197203040123,0.46475887298583984,0.7291926145553589,-0.04227450489997864,0.3771982491016388,0.6813044548034668,-0.05596228688955307,0.3277006447315216,0.6527186632156372,-0.05857791751623154,0.2897385358810425,0.6313787698745728,-0.05925154685974121,0.45676374435424805,0.7838531732559204,-0.0429026260972023,0.39734500646591187,0.7556828856468201,-0.058168742805719376,0.41760557889938354,0.7611333131790161,-0.050427716225385666,0.4427090287208557,0.7675393223762512,-0.03931728005409241,0.4516024589538574,0.8366419076919556,-0.043487548828125,0.3830258846282959,0.798672080039978,-0.05707443132996559,0.3495720624923706,0.7710212469100952,-0.05476483330130577,0.3236927092075348,0.7429656982421875,-0.049250952899456024
0.580811619758606,0.8372588753700256,3.456710544469388e-07,0.5756327509880066,0.7466687560081482,-0.006871755700558424,0.5457611680030823,0.6675111651420593,-0.013955323956906796,0.5073442459106445,0.6138677000999451,-0.01795496791601181,0.4779887795448303,0.5698838233947754,-0.022381015121936798,0.4865345358848572,0.6871392726898193,-0.04570673406124115,0.4067319631576538,0.6332394480705261,-0.06314359605312347,0.3612539768218994,0.6071249842643738,-0.071326844394207,0.32418179512023926,0.5902178883552551,-0.07469641417264938,0.4683947265148163,0.7393274307250977,-0.04765943065285683,0.37840116024017334,0.6925591230392456,-0.06236756220459938,0.3293291926383972,0.6686512231826782,-0.0645894855260849,0.2906339168548584,0.6511896252632141,-0.0656522735953331,0.45980024337768555,0.7947336435317993,-0.04736040160059929,0.39647823572158813,0.7641708850860596,-0.0622677244246006,0.41382482647895813,0.7670111060142517,-0.05375615879893303,0.43666404485702515,0.7731221318244934,-0.04315660521388054,0.4538344144821167,0.847161591053009,-0.04702245444059372,0.38273587822914124,0.8086058497428894,-0.0612252876162529,0.34721869230270386,0.7804935574531555,-0.05984804779291153,0.31947779655456543,0.754071831703186,-0.055484458804130554
0.5791279673576355,0.8388755917549133,3.521298879149981e-07,0.5747399926185608,0.749742329120636,-0.00719741266220808,0.5456582307815552,0.6701223850250244,-0.013025918044149876,0.5082489252090454,0.6184317469596863,-0.016056673601269722,0.47883284091949463,0.574730396270752,-0.01928163692355156,0.48580771684646606,0.6883707642555237,-0.04130035266280174,0.40450620651245117,0.6340500712394714,-0.056548625230789185,0.358772873878479,0.6079926490783691,-0.06258022040128708,0.3231712579727173,0.591230034828186,-0.06402286142110825,0.4677218496799469,0.7402446269989014,-0.04291689768433571,0.37465381622314453,0.700116753578186,-0.05590062588453293,0.3243210017681122,0.680378794670105,-0.05644788593053818,0.2862294912338257,0.666330099105835,-0.05536296218633652,0.4600449800491333,0.7958934307098389,-0.04275132343173027,0.40043050050735474,0.7707657814025879,-0.057428598403930664,0.42297109961509705,0.777697741985321,-0.04730704054236412,0.4481032192707062,0.7847652435302734,-0.03431832790374756,0.4540845453739166,0.8487710952758789,-0.04273456335067749,0.3829236924648285,0.8111358284950256,-0.05596596375107765,0.3480626344680786,0.7848036289215088,-0.05260724574327469,0.32042133808135986,0.7585948705673218,-0.04616095498204231
0.5808091163635254,0.8581318855285645,3.147902418731974e-07,0.5738783478736877,0.7706989645957947,-0.009130356833338737,0.5434960126876831,0.6870659589767456,-0.017790786921977997,0.5034589767456055,0.6304411888122559,-0.023961404338479042,0.479694664478302,0.5788030624389648,-0.030915837734937668,0.484906941652298,0.7050815224647522,-0.04309244826436043,0.4011097252368927,0.6499144434928894,-0.05985450744628906,0.3527739942073822,0.624372661113739,-0.06687641143798828,0.31435734033584595,0.6079566478729248,-0.06930582225322723,0.4684041142463684,0.7576979994773865,-0.045096393674612045,0.3763917088508606,0.7214702367782593,-0.05969589576125145,0.3264654576778412,0.7075284719467163,-0.0626368597149849,0.28804638981819153,0.6978840231895447,-0.06364993751049042,0.4608335494995117,0.812821626663208,-0.045357223600149155,0.3976283073425293,0.7889295220375061,-0.06202103570103645,0.41655269265174866,0.7948538064956665,-0.05478466674685478,0.4394585192203522,0.8012832403182983,-0.04409858584403992,0.4541836678981781,0.8661980032920837,-0.04565064609050751,0.38409268856048584,0.8333961963653564,-0.058843016624450684,0.3481583297252655,0.8088930249214172,-0.05607517063617706,0.31927114725112915,0.7854975461959839,-0.05049784481525421
0.5845209360122681,0.8677375912666321,2.921881900874723e-07,0.5750210285186768,0.7768495678901672,-0.0030707172118127346,0.5411470532417297,0.6942723393440247,-0.008045370690524578,0.49896174669265747,0.6405770182609558,-0.011601322330534458,0.4729500710964203,0.5945929288864136,-0.016294345259666443,0.4822680652141571,0.7143387198448181,-0.035334642976522446,0.40072184801101685,0.6620888710021973,-0.04976775124669075,0.353445440530777,0.6384360194206238,-0.05609273537993431,0.31630760431289673,0.6233150959014893,-0.05804997310042381,0.46632689237594604,0.7678781747817993,-0.038731325417757034,0.37612682580947876,0.7314035892486572,-0.05069020390510559,0.3253667950630188,0.716863751411438,-0.05317007750272751,0.28676891326904297,0.7079952955245972,-0.0541464202105999,0.4591878652572632,0.8231530785560608,-0.0397726409137249,0.39169561862945557,0.8011620044708252,-0.05180882662534714,0.4046182632446289,0.8074972033500671,-0.04336466267704964,0.4245367646217346,0.815036416053772,-0.03300695866346359,0.4539136588573456,0.8769842386245728,-0.040558602660894394,0.3831493556499481,0.8426576256752014,-0.04983028024435043,0.34655821323394775,0.8169803023338318,-0.04519622027873993,0.31846708059310913,0.7929447293281555,-0.038624607026576996
0.5819692611694336,0.869120180606842,3.153701300107059e-07,0.5709664225578308,0.7795339822769165,-0.004766708239912987,0.5385404229164124,0.7050032615661621,-0.01192210242152214,0.49731677770614624,0.6535869240760803,-0.017795000225305557,0.47124600410461426,0.6083859205245972,-0.02468630112707615,0.4787483215332031,0.7253331542015076,-0.037152234464883804,0.39474567770957947,0.6734791994094849,-0.05244668200612068,0.347123384475708,0.6506909132003784,-0.058323509991168976,0.30982542037963867,0.6373385190963745,-0.05988935008645058,0.46238845586776733,0.7781777381896973,-0.040919821709394455,0.37258410453796387,0.7433494925498962,-0.05500304326415062,0.3209752142429352,0.7319819927215576,-0.059519894421100616,0.28297433257102966,0.726080596446991,-0.061801303178071976,0.4548839330673218,0.8322622179985046,-0.04248202219605446,0.3879650831222534,0.8095706701278687,-0.05631282553076744,0.3901098370552063,0.8113389015197754,-0.052078209817409515,0.40143585205078125,0.8150947690010071,-0.04514243081212044,0.45013532042503357,0.8849292397499084,-0.04365715757012367,0.3823223412036896,0.853394627571106,-0.05441833287477493,0.3466743230819702,0.829745352268219,-0.0521899051964283,0.3189879357814789,0.807868480682373,-0.047468557953834534
0.5744982957839966,0.8839294910430908,3.18468892146484e-07,0.5625393390655518,0.793083131313324,-0.0009885677136480808,0.529773473739624,0.7207282185554504,-0.005808879155665636,0.4875530004501343,0.6752718687057495,-0.00923844799399376,0.4624803066253662,0.635455846786499,-0.01404505968093872,0.4733792245388031,0.7452152371406555,-0.03550482541322708,0.39086195826530457,0.696806788444519,-0.0494995042681694,0.3429478704929352,0.6772123575210571,-0.0532044880092144,0.30623024702072144,0.6666423082351685,-0.05339111015200615,0.45653852820396423,0.8005532026290894,-0.03924965858459473,0.3645497262477875,0.7670417428016663,-0.052888188511133194,0.31362444162368774,0.760036051273346,-0.05465785041451454,0.2792935371398926,0.7591612339019775,-0.054228127002716064,0.4491123557090759,0.8535305857658386,-0.040272701531648636,0.3759796917438507,0.8352851271629333,-0.051093604415655136,0.3548782765865326,0.8325762152671814,-0.04662060737609863,0.3462243676185608,0.8323681950569153,-0.04041628912091255,0.44683510065078735,0.9053807258605957,-0.04044357314705849,0.3797176778316498,0.8772152662277222,-0.048718418926000595,0.34330588579177856,0.8586104512214661,-0.04570203647017479,0.3154681324958801,0.8415094614028931,-0.040275294333696365
0.5761114954948425,0.8805278539657593,3.789422180489055e-07,0.5634897351264954,0.7911064624786377,-0.0038717968855053186,0.5306585431098938,0.7225208878517151,-0.009384690783917904,0.48820826411247253,0.6760050058364868,-0.01283301506191492,0.46080583333969116,0.6365513801574707,-0.01727837137877941,0.470504492521286,0.7451283931732178,-0.03376122936606407,0.39056074619293213,0.6982257962226868,-0.04602671414613724,0.34368762373924255,0.6808141469955444,-0.04953465983271599,0.30771714448928833,0.6734116673469543,-0.05011396110057831,0.45437952876091003,0.8003200888633728,-0.035787563771009445,0.3645630180835724,0.7681013345718384,-0.046401798725128174,0.3127841353416443,0.759741485118866,-0.048534370958805084,0.27888914942741394,0.7599519491195679,-0.04941442981362343,0.44841861724853516,0.8537346720695496,-0.03573164343833923,0.3743767738342285,0.8363506197929382,-0.0447220653295517,0.3453371226787567,0.8338766694068909,-0.043466612696647644,0.3301907181739807,0.834628164768219,-0.04085785150527954,0.44775527715682983,0.9044129848480225,-0.03498990461230278,0.3827028274536133,0.8750415444374084,-0.043769776821136475,0.34792500734329224,0.8563729524612427,-0.043663594871759415,0.3207145035266876,0.8378856778144836,-0.04099000617861748
0.5677024126052856,0.8535035252571106,4.619746505341027e-07,0.5597535371780396,0.7617483139038086,-0.004925098270177841,0.5284852385520935,0.691439688205719,-0.01014729868620634,0.48905354738235474,0.6408869028091431,-0.013027805835008621,0.46341317892074585,0.6036243438720703,-0.01689250022172928,0.4681161046028137,0.7078406810760498,-0.028517235070466995,0.38955044746398926,0.663756251335144,-0.0365956649184227,0.3449556231498718,0.6463464498519897,-0.03915208578109741,0.3097147047519684,0.6379149556159973,-0.03998392075300217,0.4504455327987671,0.76601243019104,-0.02972385473549366,0.3691994249820709,0.7287071943283081,-0.03607533872127533,0.32249170541763306,0.7150925397872925,-0.03794743865728378,0.2906477153301239,0.7092992067337036,-0.03932834416627884,0.44288700819015503,0.8232123851776123,-0.029159164056181908,0.37390509247779846,0.7991844415664673,-0.03315665200352669,0.33411940932273865,0.7846541404724121,-0.03399445116519928,0.3084506392478943,0.7744767665863037,-0.03517669439315796,0.4425187110900879,0.8730040192604065,-0.02820257656276226,0.39095115661621094,0.8369879722595215,-0.03186379373073578,0.3610403537750244,0.8139093518257141,-0.03021986410021782,0.3384561836719513,0.7908275723457336,-0.02791532874107361
0.5639482140541077,0.8306694626808167,3.736773237505986e-07,0.5562002062797546,0.7403327226638794,0.0003158754843752831,0.5274584293365479,0.6746813058853149,-0.0030352813191711903,0.48920759558677673,0.6288214921951294,-0.004952006507664919,0.46640244126319885,0.5925867557525635,-0.008259495720267296,0.4657384157180786,0.6928759813308716,-0.02592758648097515,0.39290326833724976,0.6469631195068359,-0.03413444384932518,0.34952521324157715,0.6268531084060669,-0.03672882542014122,0.31584814190864563,0.6168665885925293,-0.03750995919108391,0.44992557168006897,0.7485655546188354,-0.0292624793946743,0.3705332279205322,0.710545539855957,-0.0364658497273922,0.3245221674442291,0.6972082853317261,-0.03738308325409889,0.2940698266029358,0.6937279105186462,-0.037884123623371124,0.4422774314880371,0.8029630184173584,-0.030285421758890152,0.3713599741458893,0.7771182060241699,-0.0341695174574852,0.33412471413612366,0.7628321051597595,-0.03220613673329353,0.3108515739440918,0.7552958130836487,-0.031043443828821182,0.4409736394882202,0.8524245023727417,-0.03054758906364441,0.3839397430419922,0.8197846412658691,-0.03387948125600815,0.35344794392585754,0.799778401851654,-0.030541900545358658,0.3307163119316101,0.7808493375778198,-0.02665940299630165
0.5648398399353027,0.8258536458015442,4.024263091650937e-07,0.5601232647895813,0.7381328344345093,-0.005095132160931826,0.5328127145767212,0.6694596409797668,-0.011188860051333904,0.4980018734931946,0.6219874024391174,-0.016000062227249146,0.47597643733024597,0.5862743854522705,-0.022172605618834496,0.46854403614997864,0.6821733713150024,-0.02714068442583084,0.3968549370765686,0.6370056867599487,-0.03804292902350426,0.35407453775405884,0.616156816482544,-0.04361596331000328,0.3198676109313965,0.6050165891647339,-0.046563275158405304,0.45137423276901245,0.7341748476028442,-0.03037705086171627,0.374248743057251,0.6943705677986145,-0.03912743553519249,0.3269760012626648,0.6787405014038086,-0.04371941462159157,0.29357436299324036,0.6729940176010132,-0.04712337628006935,0.4429674446582794,0.7869522571563721,-0.032166238874197006,0.3749972879886627,0.7584582567214966,-0.03782185912132263,0.33524370193481445,0.7429184913635254,-0.03996087610721588,0.308222234249115,0.7342942357063293,-0.04190462455153465,0.4408658742904663,0.8364962935447693,-0.03381411358714104,0.38720113039016724,0.8015681505203247,-0.03991656005382538,0.3552177846431732,0.780350387096405,-0.04007890820503235,0.32966989278793335,0.7607184648513794,-0.03881382942199707
0.5641400814056396,0.81516033411026,4.145938703459251e-07,0.5619763731956482,0.727824330329895,-0.003994936589151621,0.5343241095542908,0.6553047299385071,-0.008025409653782845,0.4973006248474121,0.6046528816223145,-0.01057530753314495,0.47618862986564636,0.5649559497833252,-0.01445958111435175,0.46891874074935913,0.667610764503479,-0.02147316001355648,0.4003213047981262,0.6202549934387207,-0.02975938655436039,0.35928696393966675,0.5969232320785522,-0.034426573663949966,0.3275885581970215,0.5819575786590576,-0.03701281547546387,0.4502224922180176,0.7162042856216431,-0.02437260001897812,0.37558114528656006,0.6689549684524536,-0.029918592423200607,0.32946377992630005,0.645570695400238,-0.03395712748169899,0.2972137928009033,0.6312299370765686,-0.037265751510858536,0.4394310414791107,0.7669805288314819,-0.02599419094622135,0.37212297320365906,0.7276001572608948,-0.02945522405207157,0.3303835988044739,0.6994196176528931,-0.03272215276956558,0.3015010952949524,0.6784319281578064,-0.036026716232299805,0.4345855414867401,0.8187817931175232,-0.02732359617948532,0.3833518326282501,0.7821341156959534,-0.031989991664886475,0.35240352153778076,0.7574676871299744,-0.03234489634633064,0.327434241771698,0.7338618636131287,-0.03159312531352043
0.5683172941207886,0.8005555272102356,3.952257259243197e-07,0.5686655044555664,0.7144654989242554,-0.008809679187834263,0.5424375534057617,0.636099100112915,-0.012536581605672836,0.5081707835197449,0.5837834477424622,-0.014254649169743061,0.48447540402412415,0.5364040732383728,-0.016381822526454926,0.47981271147727966,0.6419416666030884,-0.02664702571928501,0.40891122817993164,0.5859341621398926,-0.03639570623636246,0.36605802178382874,0.5564681887626648,-0.0400654561817646,0.3322151005268097,0.540719747543335,-0.03971631079912186,0.4599243998527527,0.6874836683273315,-0.026580823585391045,0.38324880599975586,0.6445719003677368,-0.0348697230219841,0.33765602111816406,0.6286460161209106,-0.03667466342449188,0.30315011739730835,0.621191143989563,-0.0355784110724926,0.44942256808280945,0.7399027347564697,-0.025707632303237915,0.40453335642814636,0.7250356078147888,-0.040121570229530334,0.42421600222587585,0.7365711331367493,-0.03636127710342407,0.44558650255203247,0.7449414134025574,-0.0263818372040987,0.4399648904800415,0.7907999157905579,-0.02469814196228981,0.3811272978782654,0.7509350776672363,-0.035175859928131104,0.3498035669326782,0.7250039577484131,-0.0321352556347847,0.32467755675315857,0.6994679570198059,-0.025499267503619194
0.5711489915847778,0.8036588430404663,3.3382306696694286e-07,0.5697146654129028,0.7169381380081177,-0.007694259751588106,0.5454970002174377,0.6375038623809814,-0.010962879285216331,0.5087762475013733,0.58370441198349,-0.012540031224489212,0.48248839378356934,0.5342617034912109,-0.014420358464121819,0.4782935678958893,0.6416473388671875,-0.02181486412882805,0.4085012376308441,0.5852518081665039,-0.029477087780833244,0.36710020899772644,0.5579541921615601,-0.032752376049757004,0.33384597301483154,0.5412076711654663,-0.032614197582006454,0.45849400758743286,0.6859633922576904,-0.02233601175248623,0.38096415996551514,0.6458055973052979,-0.028780769556760788,0.3345560133457184,0.6278882026672363,-0.031208697706460953,0.3004287779331207,0.6192303895950317,-0.03120814822614193,0.44910699129104614,0.7376847267150879,-0.02207760326564312,0.4017302393913269,0.7234318852424622,-0.03436129167675972,0.4231199324131012,0.733633816242218,-0.030567700043320656,0.44540682435035706,0.7419357299804688,-0.02150413580238819,0.4407528340816498,0.7892037034034729,-0.02173602767288685,0.38111409544944763,0.7505723834037781,-0.03080291859805584,0.35098525881767273,0.7227320075035095,-0.027633629739284515,0.32558882236480713,0.6945416331291199,-0.021383199840784073
0.5700764060020447,0.8350356221199036,3.5379133578317123e-07,0.5650137662887573,0.7463283538818359,-0.003899007337167859,0.5378439426422119,0.6647731065750122,-0.010822705924510956,0.5025796890258789,0.6057552099227905,-0.016250763088464737,0.4794868230819702,0.5608263611793518,-0.0237785242497921,0.4842275381088257,0.6749588847160339,-0.03515684977173805,0.4092053174972534,0.6199459433555603,-0.049326956272125244,0.3645094633102417,0.5914998650550842,-0.05535499379038811,0.3294655680656433,0.5720437169075012,-0.058218907564878464,0.4647384583950043,0.7246010303497314,-0.04133543372154236,0.3802281320095062,0.6638102531433105,-0.0538363978266716,0.3315301537513733,0.6310049891471863,-0.06011403724551201,0.2974570393562317,0.6081317663192749,-0.06446971744298935,0.45250627398490906,0.7760372757911682,-0.04527335613965988,0.3763555884361267,0.7268242835998535,-0.05538131669163704,0.33707427978515625,0.6967366933822632,-0.059076085686683655,0.3119891285896301,0.6747632622718811,-0.061448995023965836,0.4443695545196533,0.8296610116958618,-0.048449430614709854,0.3830299973487854,0.7888133525848389,-0.05920511856675148,0.34819453954696655,0.7623664140701294,-0.06108961999416351,0.32178908586502075,0.7394211292266846,-0.06073376536369324
0.5720179080963135,0.8499499559402466,3.114813580396003e-07,0.5717374086380005,0.7609099745750427,-0.009580105543136597,0.5439372658729553,0.6770250797271729,-0.016528097912669182,0.5060600638389587,0.6186273097991943,-0.021583953872323036,0.4813939332962036,0.5703511834144592,-0.027297936379909515,0.48462238907814026,0.6893783807754517,-0.03591908514499664,0.4081122875213623,0.6369196176528931,-0.04947412759065628,0.3644809126853943,0.6089263558387756,-0.05444580689072609,0.3307056427001953,0.5895954370498657,-0.05533713102340698,0.46397316455841064,0.74057936668396,-0.038238417357206345,0.3794107139110565,0.6966218948364258,-0.051914237439632416,0.32997414469718933,0.6735669374465942,-0.05643551051616669,0.29266157746315,0.6568912863731384,-0.058115679770708084,0.4526600241661072,0.795188844203949,-0.039078306406736374,0.393835186958313,0.7642266750335693,-0.05645328015089035,0.4073339104652405,0.7709360122680664,-0.05341723933815956,0.42584338784217834,0.779571533203125,-0.04524921625852585,0.44396787881851196,0.8480837345123291,-0.0397413894534111,0.379958838224411,0.8104543685913086,-0.05195728689432144,0.3473028540611267,0.7845954895019531,-0.04991462826728821,0.3226528763771057,0.7620629668235779,-0.04486736282706261
0.5708919167518616,0.8595874309539795,3.160442929583951e-07,0.5697781443595886,0.7691587805747986,-0.005897669121623039,0.5424162149429321,0.6867679357528687,-0.012206180952489376,0.5022059082984924,0.6340858936309814,-0.016478165984153748,0.4753330945968628,0.591700553894043,-0.021712953224778175,0.4828384816646576,0.7062278389930725,-0.03692629188299179,0.4036727547645569,0.6502854824066162,-0.04992884024977684,0.35699373483657837,0.6245973706245422,-0.054055992513895035,0.3213362395763397,0.6084340810775757,-0.05465181916952133,0.462054044008255,0.7611762285232544,-0.03920662775635719,0.37587419152259827,0.7151182293891907,-0.05038614943623543,0.32706135511398315,0.6949460506439209,-0.053572140634059906,0.29221904277801514,0.6838826537132263,-0.05525797978043556,0.45008665323257446,0.8137356042861938,-0.03919149562716484,0.3846239447593689,0.7774742245674133,-0.050042904913425446,0.37841635942459106,0.7734689712524414,-0.04651081934571266,0.3813247084617615,0.7759827375411987,-0.04101338982582092,0.44108086824417114,0.8628693222999573,-0.038768403232097626,0.3774312734603882,0.8258094787597656,-0.04720069468021393,0.343396931886673,0.8007773160934448,-0.04470448940992355,0.31711918115615845,0.7794527411460876,-0.04025893285870552
0.575903594493866,0.8870165348052979,2.2293589552191406e-07,0.5651042461395264,0.8032034635543823,-0.008095772005617619,0.5301975607872009,0.7273358106613159,-0.015489067882299423,0.4889910817146301,0.6841198205947876,-0.02059612236917019,0.46333715319633484,0.6447504758834839,-0.02630247175693512,0.4713301658630371,0.7511280179023743,-0.04168196767568588,0.39230990409851074,0.7065726518630981,-0.05975394323468208,0.3457891345024109,0.6851152181625366,-0.06798487156629562,0.30973806977272034,0.6743050813674927,-0.07122298330068588,0.45808205008506775,0.8068498969078064,-0.04421627148985863,0.3701136112213135,0.7772155404090881,-0.0615774430334568,0.32022756338119507,0.7675945162773132,-0.06611678004264832,0.28162306547164917,0.7646426558494568,-0.06805308163166046,0.45330148935317993,0.8609495759010315,-0.045033760368824005,0.38931891322135925,0.8429869413375854,-0.06286652386188507,0.39848920702934265,0.8463708758354187,-0.05778733268380165,0.41407185792922974,0.8529567122459412,-0.04904846474528313,0.45026856660842896,0.9126702547073364,-0.045772962272167206,0.38026437163352966,0.886070191860199,-0.05960017442703247,0.3427348732948303,0.8645172715187073,-0.058536309748888016,0.3142549395561218,0.8455246686935425,-0.05427788197994232
0.5739989876747131,0.8891157507896423,3.5299453315928986e-07,0.5635736584663391,0.8043698072433472,-0.008611894212663174,0.5310075283050537,0.7317636013031006,-0.015949547290802002,0.4899931848049164,0.6870749592781067,-0.020145947113633156,0.4603046774864197,0.6485100984573364,-0.02453683502972126,0.47087693214416504,0.758077085018158,-0.04379986226558685,0.38999712467193604,0.7111117839813232,-0.06084135174751282,0.34238114953041077,0.6921355128288269,-0.06850583106279373,0.3055570423603058,0.6832636594772339,-0.07141850888729095,0.4550584554672241,0.8114627599716187,-0.04398136958479881,0.36707496643066406,0.7809668779373169,-0.05784173309803009,0.31821393966674805,0.770348072052002,-0.05972621589899063,0.2814609408378601,0.7663059234619141,-0.06010520085692406,0.44997161626815796,0.865669846534729,-0.04230175167322159,0.38805192708969116,0.8520026206970215,-0.055899642407894135,0.40277111530303955,0.8532761931419373,-0.047764215618371964,0.4239802360534668,0.8551331162452698,-0.03751135244965553,0.44749152660369873,0.9180217981338501,-0.04074065759778023,0.37949851155281067,0.89142245054245,-0.05369376391172409,0.3423716425895691,0.8700369596481323,-0.05220942944288254,0.31279826164245605,0.8479028940200806,-0.04754196107387543
0.5738497972488403,0.8924269080162048,4.415856835748855e-07,0.561877965927124,0.8042157292366028,-0.008741906844079494,0.5299733877182007,0.7346091270446777,-0.017042549327015877,0.4873674809932709,0.6892210841178894,-0.021999528631567955,0.4566607177257538,0.6512258648872375,-0.027587249875068665,0.4698430597782135,0.7588911056518555,-0.03910566121339798,0.3905532956123352,0.7133517265319824,-0.051984962075948715,0.34389907121658325,0.6947520971298218,-0.0565500408411026,0.30683809518814087,0.6851701736450195,-0.0582132525742054,0.4542402923107147,0.8148913979530334,-0.039066921919584274,0.3673471212387085,0.7828634977340698,-0.04937159642577171,0.31718820333480835,0.7716260552406311,-0.051337726414203644,0.28407639265060425,0.7687827348709106,-0.05278708413243294,0.4478207528591156,0.8692880868911743,-0.03730544075369835,0.37146979570388794,0.850404679775238,-0.04561772570014,0.34024450182914734,0.8443700075149536,-0.044415395706892014,0.3239131569862366,0.8433420658111572,-0.04267814755439758,0.4462067484855652,0.9194563031196594,-0.03527815267443657,0.38030052185058594,0.8885730504989624,-0.043857935816049576,0.34620746970176697,0.869513213634491,-0.04383278638124466,0.3207000494003296,0.8512174487113953,-0.04164309799671173
0.5722696781158447,0.8886131644248962,4.012779868389771e-07,0.5617475509643555,0.7995806336402893,-0.003371443599462509,0.5286527872085571,0.73232501745224,-0.00884330179542303,0.4875728189945221,0.6847334504127502,-0.012180964462459087,0.45866909623146057,0.6487571001052856,-0.016268916428089142,0.46792367100715637,0.751995861530304,-0.0308193601667881,0.39044272899627686,0.7076443433761597,-0.040265850722789764,0.34452617168426514,0.6914291977882385,-0.04276594519615173,0.30898991227149963,0.6848880052566528,-0.04326847195625305,0.4521702527999878,0.8085476756095886,-0.033190637826919556,0.368906170129776,0.7744663953781128,-0.041719142347574234,0.31956273317337036,0.7640576362609863,-0.04342900216579437,0.2867598831653595,0.7628430128097534,-0.04466765746474266,0.4449567496776581,0.8639650344848633,-0.033459145575761795,0.3710755705833435,0.8377507328987122,-0.03927687183022499,0.336641788482666,0.8261118531227112,-0.03791353479027748,0.31652867794036865,0.8216593265533447,-0.03681202605366707,0.4434041976928711,0.9147347211837769,-0.03308627009391785,0.3813994228839874,0.8827348947525024,-0.03869600594043732,0.34823518991470337,0.8640982508659363,-0.03704925626516342,0.3227894902229309,0.8469104170799255,-0.03412628173828125
0.5680876970291138,0.879608154296875,4.508774225087109e-07,0.5604901909828186,0.7903572916984558,-0.0030675658490508795,0.5294313430786133,0.7243202924728394,-0.007843510247766972,0.4886453449726105,0.6792267560958862,-0.010255369357764721,0.46038100123405457,0.6444195508956909,-0.01355676632374525,0.4633415937423706,0.7440757155418396,-0.028956130146980286,0.38706597685813904,0.6988074779510498,-0.036651719361543655,0.3420976996421814,0.6812384128570557,-0.038267526775598526,0.3084214925765991,0.6731379628181458,-0.038243699818849564,0.44779160618782043,0.804123044013977,-0.030659951269626617,0.3675156235694885,0.770271360874176,-0.03773687779903412,0.3203829526901245,0.7565654516220093,-0.03906690701842308,0.28956830501556396,0.7512025833129883,-0.04001471400260925,0.4422665536403656,0.8624059557914734,-0.030256282538175583,0.37279951572418213,0.8394606709480286,-0.03446134179830551,0.33471161127090454,0.826259970664978,-0.03423558920621872,0.3110043406486511,0.8187880516052246,-0.03441613167524338,0.44408395886421204,0.9148552417755127,-0.02910994179546833,0.391251802444458,0.8887075781822205,-0.03151258826255798,0.3622589409351349,0.8709883093833923,-0.028537079691886902,0.3411606550216675,0.8536850214004517,-0.025249989703297615
0.5664437413215637,0.8452152609825134,4.4940790644432127e-07,0.5619854927062988,0.7546404004096985,-0.00478423060849309,0.5340667963027954,0.6831457018852234,-0.011123786680400372,0.49470090866088867,0.6356151103973389,-0.01499437727034092,0.4729848802089691,0.5956724882125854,-0.020235419273376465,0.47088557481765747,0.6974412202835083,-0.03159818425774574,0.3965737521648407,0.649106502532959,-0.040569622069597244,0.35549062490463257,0.6273922920227051,-0.04282524064183235,0.3239535689353943,0.6153156757354736,-0.04314933344721794,0.4526176452636719,0.7552415132522583,-0.033481091260910034,0.37315937876701355,0.7126858830451965,-0.04052630811929703,0.3289869427680969,0.6956859827041626,-0.041621848940849304,0.29905712604522705,0.686576247215271,-0.04243205487728119,0.4434705674648285,0.8105329275131226,-0.03338408097624779,0.373332142829895,0.7758994102478027,-0.038514647632837296,0.3347834348678589,0.7551840543746948,-0.038956597447395325,0.31007081270217896,0.740852952003479,-0.03974316641688347,0.4411666989326477,0.8613388538360596,-0.03270858898758888,0.3846254050731659,0.8223474025726318,-0.038121942430734634,0.3542752265930176,0.7972420454025269,-0.036606401205062866,0.330543577671051,0.7728959321975708,-0.0342680886387825
0.5705217123031616,0.831343412399292,3.991861774466088e-07,0.5637681484222412,0.743994414806366,-0.0033764191903173923,0.5340917706489563,0.6729055643081665,-0.009044882841408253,0.49583232402801514,0.6200700402259827,-0.013466497883200645,0.47616639733314514,0.5746740698814392,-0.0192633718252182,0.4718746244907379,0.6876145601272583,-0.02479642815887928,0.4012463092803955,0.6400055289268494,-0.03417307883501053,0.35881873965263367,0.6183441877365112,-0.038244616240262985,0.325316846370697,0.6061134338378906,-0.04043402150273323,0.45355406403541565,0.7390305399894714,-0.02865932323038578,0.37580806016921997,0.697206437587738,-0.036486346274614334,0.32810014486312866,0.6792118549346924,-0.040109939873218536,0.294315367937088,0.6717364192008972,-0.042949218302965164,0.44363707304000854,0.792603075504303,-0.030988886952400208,0.3741057813167572,0.7634362578392029,-0.03648589923977852,0.3344208598136902,0.7447865605354309,-0.038256801664829254,0.30735328793525696,0.7337667942047119,-0.040077924728393555,0.43973901867866516,0.8447369933128357,-0.032915148884058,0.3860531747341156,0.8091152906417847,-0.038880396634340286,0.35434219241142273,0.7854360938072205,-0.0392528735101223,0.32869869470596313,0.7629403471946716,-0.038374897092580795
0.5657933354377747,0.8084874153137207,4.972789611201733e-07,0.5623701214790344,0.7238153219223022,-0.005461222492158413,0.5393348932266235,0.6489788889884949,-0.01204389426857233,0.503292977809906,0.6005132794380188,-0.016633547842502594,0.4793587028980255,0.5653427839279175,-0.022643784061074257,0.476365864276886,0.659949541091919,-0.03042522445321083,0.40451139211654663,0.6078457236289978,-0.042281560599803925,0.36184874176979065,0.5821695327758789,-0.04774867743253708,0.32821664214134216,0.5668675899505615,-0.049778394401073456,0.45582088828086853,0.711627721786499,-0.033335305750370026,0.37570855021476746,0.6594658493995667,-0.04276096075773239,0.32754388451576233,0.6352643966674805,-0.04780974239110947,0.2935243248939514,0.6224125623703003,-0.050891753286123276,0.443754106760025,0.7628321647644043,-0.03434973210096359,0.37593525648117065,0.7286298871040344,-0.04168763756752014,0.3397759795188904,0.7094972133636475,-0.04400693625211716,0.31711190938949585,0.6980087161064148,-0.04502946883440018,0.43733546137809753,0.8128268718719482,-0.03492031618952751,0.38207897543907166,0.7718751430511475,-0.04206780344247818,0.3510269820690155,0.7463294267654419,-0.0416715033352375,0.3264620006084442,0.7219618558883667,-0.03938763588666916
0.5645315647125244,0.807616114616394,4.129801993713045e-07,0.5638608932495117,0.722813606262207,-0.007064999546855688,0.5394740104675293,0.6478908658027649,-0.0140076307579875,0.5024561285972595,0.5929641127586365,-0.019220007583498955,0.4797097146511078,0.5484561324119568,-0.025126297026872635,0.4769299626350403,0.6532930731773376,-0.031222863122820854,0.40692079067230225,0.5967353582382202,-0.04361388832330704,0.3626340925693512,0.5709934234619141,-0.04893600568175316,0.32688844203948975,0.5585958957672119,-0.05036942660808563,0.45624491572380066,0.7003077864646912,-0.03314748406410217,0.38001126050949097,0.6505826711654663,-0.04312220960855484,0.33070844411849976,0.6324549913406372,-0.046704817563295364,0.29460740089416504,0.6271910071372986,-0.04824231564998627,0.4438689351081848,0.7500131726264954,-0.03337188437581062,0.38504570722579956,0.7222800850868225,-0.04345492646098137,0.37418851256370544,0.7184122204780579,-0.04147813469171524,0.3747508227825165,0.7213338017463684,-0.03654482215642929,0.4343005418777466,0.7993646264076233,-0.033415697515010834,0.37896233797073364,0.7585161924362183,-0.0417177639901638,0.3479604721069336,0.7326844334602356,-0.03979356214404106,0.3240807056427002,0.7112946510314941,-0.03509247303009033
0.5622444152832031,0.8017714023590088,3.877164544974221e-07,0.5628156661987305,0.716578483581543,-0.00928227137774229,0.5418727993965149,0.6433190107345581,-0.017682790756225586,0.5049104690551758,0.5886667370796204,-0.023757100105285645,0.48207467794418335,0.5417059659957886,-0.030496306717395782,0.47948259115219116,0.64937824010849,-0.03285994753241539,0.4093814790248871,0.5911406874656677,-0.045611340552568436,0.36594417691230774,0.5654711127281189,-0.051128700375556946,0.33081525564193726,0.551327109336853,-0.052804362028837204,0.45750099420547485,0.6952129602432251,-0.0329018235206604,0.3807019293308258,0.6443012356758118,-0.04235345125198364,0.3320857882499695,0.6239117980003357,-0.04582780599594116,0.2970848083496094,0.6164455413818359,-0.0476485937833786,0.4445134401321411,0.7428523898124695,-0.03144512698054314,0.3826327919960022,0.7113861441612244,-0.040164586156606674,0.3654606342315674,0.704493522644043,-0.03892989456653595,0.3600342571735382,0.705353856086731,-0.03552406281232834,0.43533462285995483,0.7891072034835815,-0.029955025762319565,0.37865370512008667,0.7503345012664795,-0.03770735487341881,0.34841006994247437,0.7264682650566101,-0.03640038147568703,0.3255521059036255,0.706325352191925,-0.032514773309230804
0.5752534866333008,0.8008170127868652,3.560098775778897e-07,0.5783953070640564,0.715129554271698,-0.008717499673366547,0.5546178817749023,0.634289562702179,-0.01644327864050865,0.5193131566047668,0.5793527960777283,-0.02165437676012516,0.4989835321903229,0.5294031500816345,-0.02790423296391964,0.4979828894138336,0.6396865844726562,-0.04074962064623833,0.42352378368377686,0.5756409764289856,-0.056720610707998276,0.3791165351867676,0.543109118938446,-0.06303010135889053,0.3445647954940796,0.5245059132575989,-0.06433712691068649,0.4778885543346405,0.6881912350654602,-0.042121488600969315,0.391515851020813,0.6385025978088379,-0.055948954075574875,0.3430132269859314,0.6171797513961792,-0.0589928962290287,0.3068280518054962,0.6036208868026733,-0.05926445871591568,0.46547451615333557,0.7409709095954895,-0.04166189581155777,0.40793120861053467,0.7119981050491333,-0.05774509161710739,0.4198244512081146,0.7236632108688354,-0.051919031888246536,0.4373520314693451,0.7349574565887451,-0.04155249148607254,0.4542263150215149,0.7915284633636475,-0.04095061123371124,0.3892195522785187,0.7468227744102478,-0.05375169217586517,0.3568352162837982,0.7164536714553833,-0.050745345652103424,0.331928014755249,0.6886993646621704,-0.04432320222258568
0.5775389671325684,0.8100013732910156,3.222930615720543e-07,0.5781749486923218,0.7235119342803955,-0.005135745741426945,0.5532455444335938,0.6379393935203552,-0.011831682175397873,0.5180898904800415,0.5820813179016113,-0.01775425300002098,0.49991750717163086,0.534430980682373,-0.024678774178028107,0.5017189979553223,0.6474465131759644,-0.03803879767656326,0.4273068904876709,0.5860148668289185,-0.055742017924785614,0.3819400370121002,0.554490327835083,-0.06203971803188324,0.3464816212654114,0.5327882170677185,-0.06292109936475754,0.48068732023239136,0.6985131502151489,-0.04341837763786316,0.3928605020046234,0.6480932831764221,-0.06290265172719955,0.3409581780433655,0.6227368116378784,-0.06896589696407318,0.301133930683136,0.6040276885032654,-0.07030200958251953,0.4665699303150177,0.7515524625778198,-0.04658545181155205,0.40385645627975464,0.7236908674240112,-0.06827247142791748,0.41661447286605835,0.7375636696815491,-0.06371361017227173,0.435957670211792,0.7505130171775818,-0.05252593755722046,0.45386016368865967,0.8031005859375,-0.049121957272291183,0.3877328336238861,0.7611046433448792,-0.06249014288187027,0.35488948225975037,0.7316881418228149,-0.05827096477150917,0.3304252326488495,0.7049906849861145,-0.05069735646247864
0.5774596333503723,0.8266692161560059,2.8979550847907376e-07,0.5791966915130615,0.7363989353179932,-0.007953901775181293,0.5541670918464661,0.6499618887901306,-0.014006237499415874,0.5210338830947876,0.5931618213653564,-0.01825576089322567,0.4995214343070984,0.5468601584434509,-0.023405632004141808,0.501788854598999,0.6588375568389893,-0.040624767541885376,0.42609500885009766,0.596583366394043,-0.0561799518764019,0.38158780336380005,0.5628907680511475,-0.060991380363702774,0.3463538885116577,0.5403293967247009,-0.061120934784412384,0.4817674160003662,0.7108787894248962,-0.04472631588578224,0.3911213278770447,0.6624131202697754,-0.061743076890707016,0.3388998508453369,0.6395843029022217,-0.06599336862564087,0.2995414733886719,0.6241341829299927,-0.06624972820281982,0.4690547585487366,0.766272783279419,-0.047006335109472275,0.40771692991256714,0.7347396612167358,-0.06843488663434982,0.4253120720386505,0.7455205321311951,-0.06401662528514862,0.44648265838623047,0.7568167448043823,-0.0529133565723896,0.4580811858177185,0.8183422684669495,-0.04886371269822121,0.38742080330848694,0.7761768698692322,-0.0634470134973526,0.35423028469085693,0.7468133568763733,-0.06048738211393356,0.32994961738586426,0.7204123735427856,-0.05391789972782135
0.58295738697052,0.8576277494430542,3.0252121518969943e-07,0.5812041759490967,0.7689896821975708,-0.007793905213475227,0.5530632138252258,0.6821333765983582,-0.015544149093329906,0.5150789022445679,0.6219662427902222,-0.02094602771103382,0.4936564564704895,0.5724835395812988,-0.027821792289614677,0.49907711148262024,0.6918572187423706,-0.04139714315533638,0.4218973219394684,0.6328796744346619,-0.057237789034843445,0.37352514266967773,0.6053159236907959,-0.06300593167543411,0.3353588283061981,0.5872816443443298,-0.06523221731185913,0.47960367798805237,0.7436697483062744,-0.04614763334393501,0.38926270604133606,0.687511146068573,-0.06138673424720764,0.335166871547699,0.6574376225471497,-0.0669383779168129,0.2942950129508972,0.6337510943412781,-0.07015975564718246,0.4671418368816376,0.7985562086105347,-0.04891094192862511,0.3896702527999878,0.7559711337089539,-0.06407133489847183,0.3697560429573059,0.740731418132782,-0.06415236741304398,0.36274412274360657,0.7306164503097534,-0.06136681139469147,0.4563100039958954,0.8548168540000916,-0.05120943486690521,0.39107123017311096,0.8147988319396973,-0.0649796649813652,0.35326746106147766,0.7873269319534302,-0.06628753244876862,0.3234306275844574,0.7626960277557373,-0.06467066705226898
0.585820198059082,0.8716816902160645,2.81681082014984e-07,0.5844758152961731,0.7811076045036316,-0.006785163190215826,0.5542886853218079,0.6905180811882019,-0.011308480985462666,0.5166540145874023,0.6314056515693665,-0.01415557973086834,0.4971994161605835,0.5835502743721008,-0.017428042367100716,0.5008915066719055,0.7000942826271057,-0.03829151391983032,0.4209083914756775,0.6428960561752319,-0.05339376628398895,0.37383848428726196,0.6143261194229126,-0.05879653990268707,0.3370216488838196,0.5949301719665527,-0.06006039306521416,0.481128990650177,0.7532685995101929,-0.042299408465623856,0.3883262574672699,0.7069923877716064,-0.05796089023351669,0.3344224691390991,0.6827889680862427,-0.061193354427814484,0.2931993901729584,0.6646813154220581,-0.06180254742503166,0.46953436732292175,0.8100399971008301,-0.04473613575100899,0.4019768238067627,0.7794457077980042,-0.06469199061393738,0.425467848777771,0.7944122552871704,-0.057590801268815994,0.4516216218471527,0.8069546222686768,-0.04548303410410881,0.45876750349998474,0.8658352494239807,-0.04710030183196068,0.3896523416042328,0.8265819549560547,-0.0632588118314743,0.3532934784889221,0.7986831665039062,-0.062344953417778015,0.323070228099823,0.770314633846283,-0.05772433802485466
0.5901711583137512,0.869149923324585,2.672599350717064e-07,0.584891676902771,0.7794625759124756,-0.007203415501862764,0.5558388233184814,0.6948904991149902,-0.014622299000620842,0.5180280208587646,0.6379948258399963,-0.01986299827694893,0.4931285083293915,0.591149628162384,-0.02550097368657589,0.4990350306034088,0.7081105709075928,-0.04479265213012695,0.416889488697052,0.650180459022522,-0.06240246817469597,0.36902934312820435,0.6235004663467407,-0.06905125826597214,0.3302338123321533,0.6071854829788208,-0.07086446136236191,0.47948095202445984,0.763049840927124,-0.048646874725818634,0.38514700531959534,0.7159777283668518,-0.06543946266174316,0.3310953378677368,0.6947371959686279,-0.06810255348682404,0.28925058245658875,0.6816446185112,-0.06851522624492645,0.4686740040779114,0.8210089802742004,-0.0505179725587368,0.4017150402069092,0.7891119718551636,-0.06924280524253845,0.42307037115097046,0.7972570657730103,-0.06051286682486534,0.4474377930164337,0.806740403175354,-0.048207372426986694,0.45999419689178467,0.8769616484642029,-0.052382126450538635,0.3890030086040497,0.8369541168212891,-0.0667724609375,0.35516229271888733,0.8096435070037842,-0.06366162747144699,0.32818591594696045,0.7839242815971375,-0.057637762278318405
0.5887526869773865,0.8670691847801208,3.206820338164107e-07,0.5839654207229614,0.7774020433425903,-0.006604812107980251,0.5545929670333862,0.6950573325157166,-0.012380175292491913,0.5166311860084534,0.6418845653533936,-0.015686601400375366,0.491674542427063,0.5953981280326843,-0.019462786614894867,0.49726438522338867,0.7084722518920898,-0.04286891594529152,0.4163862466812134,0.6508312821388245,-0.060072917491197586,0.3682880103588104,0.6231472492218018,-0.06738286465406418,0.33057379722595215,0.6068667769432068,-0.06979003548622131,0.47855663299560547,0.7620911002159119,-0.045270465314388275,0.3834458589553833,0.7171066403388977,-0.05964463949203491,0.33043521642684937,0.6961324214935303,-0.06058868393301964,0.29019695520401,0.6825247406959534,-0.05996540188789368,0.46948662400245667,0.8193693161010742,-0.04578952118754387,0.4022459387779236,0.7909534573554993,-0.061640601605176926,0.42408737540245056,0.7996556758880615,-0.05066017434000969,0.4496486186981201,0.8087358474731445,-0.03711293637752533,0.46160298585891724,0.8751701712608337,-0.04642830789089203,0.3884999454021454,0.8358424305915833,-0.06153549626469612,0.3536246716976166,0.8092812299728394,-0.05871693789958954,0.32578378915786743,0.7827216982841492,-0.052486352622509
0.5891641974449158,0.8705231547355652,3.205778114079294e-07,0.5849611759185791,0.7803410291671753,-0.007487364113330841,0.5545439720153809,0.6952700614929199,-0.012777606956660748,0.516318678855896,0.6409754753112793,-0.015209978446364403,0.4917411804199219,0.5926650762557983,-0.018054256215691566,0.49781590700149536,0.7090054750442505,-0.04309875890612602,0.41651082038879395,0.6499606966972351,-0.05955253168940544,0.3681449890136719,0.62201327085495,-0.06617290526628494,0.33000731468200684,0.6055058836936951,-0.06802989542484283,0.47970566153526306,0.7628116011619568,-0.04476708173751831,0.3835929036140442,0.7168827056884766,-0.05778812989592552,0.3309992253780365,0.696465015411377,-0.05757138878107071,0.291165828704834,0.6838907599449158,-0.05594398453831673,0.4708611071109772,0.8200591206550598,-0.0447150394320488,0.40342727303504944,0.7914468050003052,-0.060310401022434235,0.426571249961853,0.8009449243545532,-0.04940355196595192,0.45291197299957275,0.8105576038360596,-0.03546053171157837,0.4621485471725464,0.8757076859474182,-0.04478807747364044,0.38771843910217285,0.8357276320457458,-0.05995071306824684,0.35205504298210144,0.8091059923171997,-0.05739741027355194,0.323760986328125,0.781947672367096,-0.05112845078110695
0.5929272174835205,0.8736515641212463,2.982692421937827e-07,0.5847907066345215,0.7828384041786194,-0.0031653852201998234,0.5518054366111755,0.6978568434715271,-0.007926682941615582,0.5109248161315918,0.6427567601203918,-0.011164291761815548,0.4895090162754059,0.5936824083328247,-0.015107179991900921,0.49618393182754517,0.7129033207893372,-0.040077924728393555,0.41351401805877686,0.6555762887001038,-0.058086756616830826,0.36432453989982605,0.6278201937675476,-0.06736720353364944,0.3253439962863922,0.6100805401802063,-0.07179731130599976,0.4777704179286957,0.7661170959472656,-0.04432966560125351,0.3833010792732239,0.7223957777023315,-0.05867801234126091,0.3304831385612488,0.7010244131088257,-0.060834694653749466,0.2900562882423401,0.6860551834106445,-0.06192726269364357,0.4685470759868622,0.8238822221755981,-0.0465182401239872,0.40241849422454834,0.7956500053405762,-0.060911376029253006,0.4260457754135132,0.8050803542137146,-0.04903934523463249,0.4531437158584595,0.8144939541816711,-0.03573182225227356,0.4607635736465454,0.881234347820282,-0.04883686080574989,0.3858729302883148,0.8424773216247559,-0.06256888061761856,0.35039377212524414,0.815958559513092,-0.059327490627765656,0.3224557042121887,0.7888292074203491,-0.05341680347919464
0.590162992477417,0.8731194734573364,3.1656205123908876e-07,0.5837125778198242,0.7855596542358398,-0.005777539219707251,0.5517297983169556,0.7007389068603516,-0.011522620916366577,0.5116401314735413,0.6460313200950623,-0.015157761052250862,0.4877244532108307,0.5989640951156616,-0.019577663391828537,0.49579325318336487,0.7183102369308472,-0.042066238820552826,0.4131329357624054,0.6586361527442932,-0.05998285487294197,0.3647541105747223,0.6303178668022156,-0.06829684227705002,0.3274272084236145,0.6133293509483337,-0.07130768895149231,0.478780597448349,0.7711055278778076,-0.044188547879457474,0.38179028034210205,0.7275232672691345,-0.057081885635852814,0.33069509267807007,0.707093358039856,-0.057102106511592865,0.2921464741230011,0.6940701603889465,-0.05627864971756935,0.4701007604598999,0.8269842863082886,-0.04447903111577034,0.4014323353767395,0.7982901930809021,-0.058115288615226746,0.42255866527557373,0.8054772615432739,-0.04627745971083641,0.4479531943798065,0.8146369457244873,-0.0326651893556118,0.4612572491168976,0.8824235796928406,-0.04495691880583763,0.3865167796611786,0.8430469632148743,-0.0580785870552063,0.35199597477912903,0.8181456923484802,-0.05424252524971962,0.324967622756958,0.7942814230918884,-0.04749290272593498
0.5938535332679749,0.8763076066970825,3.178559495609079e-07,0.5845062732696533,0.7858864068984985,-0.006100970320403576,0.551874041557312,0.7034742832183838,-0.012511422857642174,0.5125352740287781,0.65079665184021,-0.01631433330476284,0.4861924648284912,0.6071693301200867,-0.020236220210790634,0.4943598508834839,0.722740888595581,-0.04593592509627342,0.4130018949508667,0.6660116314888,-0.06378740072250366,0.3665309548377991,0.638567328453064,-0.07167790085077286,0.3299386501312256,0.6212711334228516,-0.07470251619815826,0.4770472049713135,0.7779297828674316,-0.04868714511394501,0.38211771845817566,0.7349035143852234,-0.0645027607679367,0.3297611474990845,0.7131937146186829,-0.0665130689740181,0.29048067331314087,0.6991980671882629,-0.0670691430568695,0.4689195156097412,0.8360887765884399,-0.04913149029016495,0.40152421593666077,0.802300751209259,-0.06432565301656723,0.4251003563404083,0.8066514730453491,-0.052318084985017776,0.4512427747249603,0.8143208026885986,-0.03874398395419121,0.46279168128967285,0.8911723494529724,-0.04975762218236923,0.38618528842926025,0.8522897958755493,-0.06353212893009186,0.35032927989959717,0.8259214758872986,-0.05995415523648262,0.3212691843509674,0.8006348013877869,-0.05365239456295967
0.5947732329368591,0.8766481876373291,3.51115517105427e-07,0.5855135917663574,0.7879571914672852,-0.005533221643418074,0.5522841811180115,0.7061645984649658,-0.011806530877947807,0.5138643383979797,0.6513512134552002,-0.015478451736271381,0.4899207055568695,0.603884220123291,-0.01929023303091526,0.4955405592918396,0.7223904132843018,-0.044737230986356735,0.4140757918357849,0.6627830266952515,-0.06093776598572731,0.3665885925292969,0.6359562277793884,-0.0670224130153656,0.3287604749202728,0.6204869151115417,-0.06902088969945908,0.4776677191257477,0.7758844494819641,-0.04746805876493454,0.38184303045272827,0.7322812080383301,-0.0614013746380806,0.32943689823150635,0.7138240337371826,-0.060862623155117035,0.28962016105651855,0.7036252021789551,-0.059387415647506714,0.4692845940589905,0.8340479731559753,-0.04790813475847244,0.3999132513999939,0.8013105988502502,-0.06197464093565941,0.4246825873851776,0.806904673576355,-0.048104178160429,0.45174065232276917,0.814609706401825,-0.03319298103451729,0.46221286058425903,0.8902180194854736,-0.04851778969168663,0.38725337386131287,0.8543946743011475,-0.0626702830195427,0.3514474332332611,0.8287026286125183,-0.05919843167066574,0.3221578299999237,0.8018802404403687,-0.05273699015378952
0.5917178392410278,0.8772362470626831,3.6324246366348234e-07,0.5853430032730103,0.7902774810791016,-0.0064675332978367805,0.5539934039115906,0.7075081467628479,-0.01300110574811697,0.5141796469688416,0.6551944613456726,-0.016996676102280617,0.4872494339942932,0.6101677417755127,-0.021010596305131912,0.49571603536605835,0.7215914130210876,-0.04348718747496605,0.41344818472862244,0.6642671227455139,-0.06003574654459953,0.3658895492553711,0.6377968788146973,-0.06589988619089127,0.3286478519439697,0.6223147511482239,-0.06709437817335129,0.4774021804332733,0.7759618759155273,-0.04600666090846062,0.3805299401283264,0.732688307762146,-0.060792386531829834,0.3277737498283386,0.7137235403060913,-0.06121455132961273,0.2885899841785431,0.7026219964027405,-0.059854935854673386,0.468283474445343,0.8342620730400085,-0.0463746152818203,0.3988921344280243,0.803923487663269,-0.061791542917490005,0.42285680770874023,0.8115454316139221,-0.04892215505242348,0.4496505558490753,0.8198996782302856,-0.03386184200644493,0.4604139029979706,0.8908002376556396,-0.046868570148944855,0.38643258810043335,0.8552911877632141,-0.05971772223711014,0.350912481546402,0.8302034139633179,-0.054826147854328156,0.32202616333961487,0.8039343953132629,-0.047126010060310364
0.592515230178833,0.8866564035415649,3.187693664585822e-07,0.5853273868560791,0.7978225350379944,-0.00511022238060832,0.5542021989822388,0.7151897549629211,-0.011460702866315842,0.5147759318351746,0.6630425453186035,-0.014972740784287453,0.48656174540519714,0.6189718842506409,-0.018580956384539604,0.4946332275867462,0.7325023412704468,-0.04761086031794548,0.4082285463809967,0.6743864417076111,-0.06593664735555649,0.35824987292289734,0.6476125121116638,-0.07354877144098282,0.32005107402801514,0.6320732831954956,-0.07636206597089767,0.4779629409313202,0.788226306438446,-0.050243232399225235,0.3805055618286133,0.7456667423248291,-0.06610296666622162,0.32749271392822266,0.7245847582817078,-0.06678717583417892,0.28723835945129395,0.7095463275909424,-0.06658870726823807,0.46990683674812317,0.8475683331489563,-0.05052001401782036,0.40091416239738464,0.818126380443573,-0.0651874765753746,0.4237821698188782,0.8258532285690308,-0.051536038517951965,0.4498049020767212,0.8340179324150085,-0.03709430620074272,0.46357813477516174,0.904011607170105,-0.05094080790877342,0.38580891489982605,0.8687866926193237,-0.06615357846021652,0.34720200300216675,0.843584418296814,-0.06359901279211044,0.3159135580062866,0.8183572292327881,-0.05790317803621292
0.598198413848877,0.8931225538253784,3.249906228575128e-07,0.5864075422286987,0.8017034530639648,0.004075758159160614,0.5515639185905457,0.7191095948219299,4.134298433200456e-05,0.5104738473892212,0.6674360632896423,-0.0038400699850171804,0.48663389682769775,0.6226454973220825,-0.008818446658551693,0.49761447310447693,0.7371404767036438,-0.03950982913374901,0.4099500775337219,0.6801056861877441,-0.05941426381468773,0.35882192850112915,0.653393030166626,-0.06997299194335938,0.320516973733902,0.6364555954933167,-0.07475225627422333,0.47989046573638916,0.7926570177078247,-0.04655399173498154,0.38036608695983887,0.7491376399993896,-0.06301507353782654,0.32548344135284424,0.7274270057678223,-0.06593319028615952,0.2845619022846222,0.7131650447845459,-0.06698562949895859,0.4711138904094696,0.8526350259780884,-0.050103168934583664,0.4000266492366791,0.8190615773200989,-0.06095298379659653,0.4216693937778473,0.8244738578796387,-0.043712589889764786,0.44687047600746155,0.8325464725494385,-0.02726258523762226,0.4656497836112976,0.9114505052566528,-0.053479161113500595,0.38371849060058594,0.8739691376686096,-0.06316101551055908,0.34582391381263733,0.848929762840271,-0.05479603260755539,0.3161981999874115,0.8245787620544434,-0.04498385265469551
0.597316563129425,0.9069883823394775,3.4664677173168457e-07,0.5852516889572144,0.8197668790817261,-0.009738769382238388,0.548841655254364,0.7374974489212036,-0.020097311586141586,0.5055288076400757,0.6884655952453613,-0.027845703065395355,0.4766857326030731,0.6432463526725769,-0.03593435883522034,0.49382612109184265,0.761947512626648,-0.04953666776418686,0.4080302119255066,0.7119406461715698,-0.06855852901935577,0.360125333070755,0.6866527795791626,-0.07632454484701157,0.32235026359558105,0.6705217361450195,-0.07885415107011795,0.4771212339401245,0.8185192346572876,-0.05214007943868637,0.3809300363063812,0.7786639332771301,-0.06919509172439575,0.3270683288574219,0.75865238904953,-0.07121452689170837,0.28575631976127625,0.745640218257904,-0.07167807221412659,0.46834295988082886,0.8781811594963074,-0.05272418633103371,0.39523476362228394,0.8464765548706055,-0.06951384991407394,0.4142582416534424,0.8502479195594788,-0.058766920119524,0.4388185739517212,0.8584558963775635,-0.046024348586797714,0.46215248107910156,0.9366886615753174,-0.05368071794509888,0.383668452501297,0.9031315445899963,-0.06644686311483383,0.3461412489414215,0.8798764944076538,-0.062132660299539566,0.31850701570510864,0.8602461218833923,-0.055584777146577835
0.5910155773162842,0.9111818075180054,4.091618563961674e-07,0.5801801681518555,0.8258970975875854,-0.010561451315879822,0.5436903238296509,0.7449315786361694,-0.0206240713596344,0.5016807913780212,0.6966441869735718,-0.02723667398095131,0.4708101451396942,0.6549057960510254,-0.03393944352865219,0.48908495903015137,0.7709542512893677,-0.05371693894267082,0.40124714374542236,0.7196412086486816,-0.0720190703868866,0.3527981638908386,0.6956700682640076,-0.07865636795759201,0.3155052661895752,0.6827847957611084,-0.08029378950595856,0.47404205799102783,0.8272180557250977,-0.0550350546836853,0.3741547465324402,0.7923018336296082,-0.07018393278121948,0.3215023875236511,0.7746800780296326,-0.07021883130073547,0.2825344204902649,0.7640382647514343,-0.06931744515895844,0.46736785769462585,0.8871707320213318,-0.05421712249517441,0.3964783847332001,0.8586525321006775,-0.06862097233533859,0.41877469420433044,0.8606137633323669,-0.05551965534687042,0.4447281062602997,0.8664686679840088,-0.04135594516992569,0.46134325861930847,0.9453630447387695,-0.0539194755256176,0.38068079948425293,0.9148180484771729,-0.06640355288982391,0.342951238155365,0.8931575417518616,-0.06162899732589722,0.31413543224334717,0.8725605010986328,-0.05457378923892975
0.591128945350647,0.9231802821159363,4.0263057599077e-07,0.5790616273880005,0.8360589146614075,-0.012691321782767773,0.5423901677131653,0.7573462724685669,-0.024464959278702736,0.4990653395652771,0.7103302478790283,-0.03267437219619751,0.46823060512542725,0.6688914895057678,-0.0406750813126564,0.48785966634750366,0.786759078502655,-0.054331161081790924,0.4021468162536621,0.7375909090042114,-0.07424391806125641,0.35343819856643677,0.7138006091117859,-0.08331204950809479,0.3153500258922577,0.7004951238632202,-0.08684905618429184,0.4708811938762665,0.8458409905433655,-0.05460307002067566,0.37583571672439575,0.8089314699172974,-0.07104223966598511,0.3222326338291168,0.7904370427131653,-0.07360748201608658,0.2820262610912323,0.7809160351753235,-0.07483384758234024,0.4626321494579315,0.9050257802009583,-0.05287511646747589,0.3941825032234192,0.8720848560333252,-0.0671057403087616,0.416023313999176,0.8701668977737427,-0.05608754977583885,0.44160687923431396,0.8750734925270081,-0.044017642736434937,0.45725756883621216,0.9591140151023865,-0.05196062847971916,0.3795965313911438,0.9317243099212646,-0.06268265098333359,0.34161972999572754,0.9102637767791748,-0.05863334983587265,0.3126896619796753,0.8893274068832397,-0.05281870812177658
0.586534321308136,0.9238144159317017,4.3566211616052897e-07,0.5742502808570862,0.8425083756446838,-0.015067403204739094,0.5375456809997559,0.7680390477180481,-0.02823035605251789,0.4957524538040161,0.7236660122871399,-0.037597667425870895,0.46374690532684326,0.6837962865829468,-0.046756211668252945,0.4841061532497406,0.7964305877685547,-0.05672930181026459,0.4002457559108734,0.7527022957801819,-0.07701069861650467,0.35227125883102417,0.7322452664375305,-0.08436475694179535,0.3151399493217468,0.7216379046440125,-0.08620453625917435,0.4703036844730377,0.8534604907035828,-0.05746826156973839,0.3744845390319824,0.8243986964225769,-0.07744673639535904,0.32058101892471313,0.8098992705345154,-0.0808192640542984,0.2801542580127716,0.8012570142745972,-0.08144053816795349,0.46484649181365967,0.9120194315910339,-0.05639828369021416,0.3966106176376343,0.890598475933075,-0.07634404301643372,0.4154607653617859,0.8917127251625061,-0.06775616109371185,0.4397366940975189,0.8953453898429871,-0.05561085790395737,0.4602331519126892,0.9682325124740601,-0.0558532252907753,0.3836469054222107,0.9478579759597778,-0.07036011666059494,0.3440151810646057,0.9273601174354553,-0.0676160454750061,0.31360000371932983,0.9061664342880249,-0.06196808069944382
0.5803318023681641,0.9121105670928955,4.312109922466334e-07,0.5646849870681763,0.8322066068649292,-0.012392763048410416,0.5280640125274658,0.7675327658653259,-0.023440780118107796,0.48336100578308105,0.7270727157592773,-0.03109809197485447,0.4515223503112793,0.6861409544944763,-0.0389271005988121,0.4670189619064331,0.7905988097190857,-0.04262121394276619,0.3869495391845703,0.7527523636817932,-0.056531861424446106,0.3414856195449829,0.7383573651313782,-0.060415301471948624,0.30677056312561035,0.7319684624671936,-0.060692619532346725,0.4535238444805145,0.8470548391342163,-0.043125927448272705,0.366399347782135,0.820391833782196,-0.056393396109342575,0.31702184677124023,0.8130237460136414,-0.059151988476514816,0.2835666239261627,0.8125346899032593,-0.060032427310943604,0.45054325461387634,0.9029294848442078,-0.04219209402799606,0.38278597593307495,0.8881211876869202,-0.05606420338153839,0.37844187021255493,0.8801902532577515,-0.05393948405981064,0.38625746965408325,0.8768159747123718,-0.04886110872030258,0.45109087228775024,0.9561778903007507,-0.0412144772708416,0.3806643784046173,0.9345731735229492,-0.05246060714125633,0.3431016206741333,0.9163182973861694,-0.05246682092547417,0.3139059841632843,0.8983946442604065,-0.04964819177985191
0.5701994895935059,0.9045689702033997,4.752980089506309e-07,0.5568777322769165,0.8174144625663757,-0.009700787253677845,0.52635657787323,0.752763032913208,-0.02007201686501503,0.48433631658554077,0.7110171914100647,-0.02773631364107132,0.4538743495941162,0.6736043095588684,-0.03624291718006134,0.46424439549446106,0.7799885869026184,-0.035224299877882004,0.38714614510536194,0.7414007782936096,-0.0479440800845623,0.34349799156188965,0.7237696051597595,-0.05238981544971466,0.31035351753234863,0.7155213356018066,-0.05381859093904495,0.45057064294815063,0.8374431729316711,-0.03611267730593681,0.3668738603591919,0.8060463666915894,-0.04866447672247887,0.3182843327522278,0.7946245074272156,-0.05279410257935524,0.28580427169799805,0.7919760346412659,-0.05501272529363632,0.44553396105766296,0.8931019902229309,-0.03581603989005089,0.37065213918685913,0.8734803199768066,-0.04564907029271126,0.3301461338996887,0.8610842823982239,-0.048536304384469986,0.3043106198310852,0.8540330529212952,-0.049833524972200394,0.44566887617111206,0.9429451823234558,-0.0352572537958622,0.3805285096168518,0.9201733469963074,-0.04400309547781944,0.344054251909256,0.9044230580329895,-0.04565704986453056,0.3154674470424652,0.8888659477233887,-0.045016273856163025
0.5684599876403809,0.8677281141281128,4.615040722910635e-07,0.5566975474357605,0.7775800824165344,-0.001772431773133576,0.5253654718399048,0.7098203897476196,-0.0069830287247896194,0.48862358927726746,0.6609301567077637,-0.010956252925097942,0.4633750915527344,0.6252102255821228,-0.016802234575152397,0.46592503786087036,0.73261958360672,-0.027570297941565514,0.39316192269325256,0.6902741193771362,-0.03654181957244873,0.35101544857025146,0.6712918281555176,-0.038823600858449936,0.31960758566856384,0.6609772443771362,-0.03920718654990196,0.45094090700149536,0.7880409955978394,-0.031605154275894165,0.370607852935791,0.7531276345252991,-0.040046583861112595,0.3262180984020233,0.7387961149215698,-0.042187776416540146,0.29573380947113037,0.7324812412261963,-0.04306959733366966,0.4461296796798706,0.8440657258033752,-0.0336153469979763,0.3754090964794159,0.8243657946586609,-0.03973860666155815,0.33527427911758423,0.8130581974983215,-0.040817782282829285,0.3082956075668335,0.806294858455658,-0.0416017584502697,0.44927752017974854,0.8964186310768127,-0.03473198041319847,0.3938194215297699,0.8709874749183655,-0.03940960392355919,0.36373788118362427,0.8543125987052917,-0.0372360497713089,0.3409624397754669,0.8388531804084778,-0.03440292552113533
0.5702250599861145,0.8454035520553589,4.2516856524343893e-07,0.5578573346138,0.7626151442527771,-0.009218879044055939,0.525996208190918,0.6920503377914429,-0.01688830368220806,0.4892251789569855,0.6416682600975037,-0.02263249084353447,0.46377328038215637,0.6047919988632202,-0.029436780139803886,0.46737992763519287,0.7139579653739929,-0.029259243980050087,0.3959760069847107,0.6711933612823486,-0.04099612310528755,0.3527223467826843,0.65315181016922,-0.047189075499773026,0.31811094284057617,0.6426483392715454,-0.05056522414088249,0.4522620439529419,0.7668343782424927,-0.030765026807785034,0.3754842281341553,0.7342047095298767,-0.03973483294248581,0.3281891644001007,0.7213769555091858,-0.045106321573257446,0.29405903816223145,0.7158891558647156,-0.04947047680616379,0.44507890939712524,0.8193995356559753,-0.031356554478406906,0.3782506585121155,0.7989988923072815,-0.037642188370227814,0.33845144510269165,0.7903165817260742,-0.04061372950673103,0.31144094467163086,0.7865116596221924,-0.04334914684295654,0.4431558847427368,0.8677868843078613,-0.03228422999382019,0.38947129249572754,0.8393422961235046,-0.039046935737133026,0.3558480143547058,0.8225579261779785,-0.04035770148038864,0.32881173491477966,0.8071520924568176,-0.04015985503792763
0.5627012848854065,0.7957273721694946,4.3169126229258836e-07,0.5562960505485535,0.7054713368415833,0.001316807116381824,0.5286237001419067,0.631761908531189,-0.0031776430550962687,0.4937855899333954,0.5850166082382202,-0.007921602576971054,0.4734228849411011,0.5450921058654785,-0.015279080718755722,0.4706933796405792,0.6378522515296936,-0.022086258977651596,0.4034478962421417,0.5901418328285217,-0.033831845968961716,0.3619731664657593,0.5668688416481018,-0.04000026360154152,0.3298270106315613,0.552992582321167,-0.04297048971056938,0.45272570848464966,0.6824394464492798,-0.029660923406481743,0.3756299614906311,0.6355025172233582,-0.03926428407430649,0.3280690014362335,0.61236971616745,-0.045343127101659775,0.2925140857696533,0.5980166792869568,-0.04931909963488579,0.4415353238582611,0.732456624507904,-0.035308897495269775,0.3705305755138397,0.6911518573760986,-0.04278719797730446,0.32559934258461,0.6643079519271851,-0.04801099747419357,0.29332128167152405,0.6438716053962708,-0.05185720697045326,0.43622809648513794,0.7889167666435242,-0.03982192277908325,0.38029661774635315,0.750981330871582,-0.04699813947081566,0.346892774105072,0.7256771922111511,-0.047354139387607574,0.31958362460136414,0.7027413845062256,-0.04621955379843712
0.557124674320221,0.7856330871582031,3.1634198194296914e-07,0.5578149557113647,0.6980411410331726,-0.006604533176869154,0.5368673801422119,0.6265707015991211,-0.013339112512767315,0.4976396858692169,0.5790972709655762,-0.018233176320791245,0.4743066430091858,0.5359156727790833,-0.024543017148971558,0.4742225408554077,0.6323941349983215,-0.027043338865041733,0.40575143694877625,0.5800803899765015,-0.038897525519132614,0.36277318000793457,0.5574067831039429,-0.044917378574609756,0.328585147857666,0.544055700302124,-0.048136625438928604,0.45277345180511475,0.6774079203605652,-0.029376856982707977,0.3766542673110962,0.6300843358039856,-0.03899867460131645,0.32839250564575195,0.6077751517295837,-0.04445779696106911,0.2940570116043091,0.594810426235199,-0.048497796058654785,0.43959885835647583,0.7241879105567932,-0.03047874942421913,0.37125277519226074,0.6851990222930908,-0.03741718828678131,0.3287000358104706,0.6580634713172913,-0.040794748812913895,0.29885125160217285,0.6379509568214417,-0.043703965842723846,0.43215012550354004,0.7729412913322449,-0.03137852996587753,0.37863022089004517,0.7393233776092529,-0.039024367928504944,0.34675487875938416,0.7143807411193848,-0.04031580314040184,0.3210427761077881,0.6901478171348572,-0.03980617597699165
0.5576682090759277,0.7786012291908264,3.1329520311373926e-07,0.5597522258758545,0.6952587962150574,-0.01034089270979166,0.5370919108390808,0.6230414509773254,-0.017129622399806976,0.5001120567321777,0.572868824005127,-0.021814461797475815,0.4757184684276581,0.5263416767120361,-0.027185820043087006,0.47657379508018494,0.6247027516365051,-0.03336348384618759,0.4051119387149811,0.5704948902130127,-0.04677089303731918,0.3616943657398224,0.545937716960907,-0.051882773637771606,0.32763054966926575,0.53282630443573,-0.052441488951444626,0.4575387239456177,0.6703209280967712,-0.03396809473633766,0.3784933388233185,0.6302693486213684,-0.04642321169376373,0.33099982142448425,0.6143326759338379,-0.050747696310281754,0.29670804738998413,0.6061394214630127,-0.051870498806238174,0.44778159260749817,0.7204512357711792,-0.033427558839321136,0.3920060992240906,0.7042763829231262,-0.04930107668042183,0.398718923330307,0.7152273654937744,-0.047364529222249985,0.4122803211212158,0.7246512174606323,-0.03994939476251602,0.43925386667251587,0.7701431512832642,-0.032778069376945496,0.3779897093772888,0.7329886555671692,-0.045176006853580475,0.34500205516815186,0.706933319568634,-0.044099874794483185,0.31906628608703613,0.6819393634796143,-0.039273083209991455
0.5664581060409546,0.7955915331840515,3.4234594181725697e-07,0.569543182849884,0.7129797339439392,-0.015205958858132362,0.545091986656189,0.6303852200508118,-0.02493368461728096,0.5083136558532715,0.5773690938949585,-0.03195826709270477,0.48301923274993896,0.5276159048080444,-0.03928731381893158,0.4820093810558319,0.6339208483695984,-0.040890179574489594,0.40963050723075867,0.5740640759468079,-0.058200936764478683,0.36566075682640076,0.5445296168327332,-0.06611824780702591,0.33060377836227417,0.5261979103088379,-0.06833482533693314,0.462363064289093,0.6826476454734802,-0.04099954292178154,0.3795320987701416,0.6372539401054382,-0.05684350058436394,0.33118829131126404,0.6131775379180908,-0.06153106316924095,0.29406872391700745,0.5976143479347229,-0.06246013566851616,0.45152202248573303,0.7361330389976501,-0.04049348086118698,0.39817383885383606,0.7089888453483582,-0.059972453862428665,0.41780251264572144,0.7213767170906067,-0.055088937282562256,0.4386654496192932,0.7339059114456177,-0.04413783922791481,0.44250765442848206,0.7880970239639282,-0.040556635707616806,0.3764622211456299,0.7459732294082642,-0.05450458824634552,0.34343644976615906,0.7171542048454285,-0.05153568461537361,0.31789106130599976,0.6911088228225708,-0.044850509613752365
0.565315306186676,0.8419090509414673,2.9770700393783045e-07,0.5617055296897888,0.7482132315635681,-0.0015866445610299706,0.5344914197921753,0.6604247689247131,-0.008284769020974636,0.4995054006576538,0.6019821166992188,-0.01352503802627325,0.47690266370773315,0.5574042797088623,-0.021213442087173462,0.4847593903541565,0.6742743253707886,-0.03778751939535141,0.4090602695941925,0.6159759759902954,-0.05165262520313263,0.3633449077606201,0.5879321694374084,-0.05629532039165497,0.3278465270996094,0.569591224193573,-0.05836031585931778,0.4660034477710724,0.7275771498680115,-0.0451875701546669,0.3797631561756134,0.670296847820282,-0.05736944451928139,0.33119434118270874,0.6419801115989685,-0.06140698492527008,0.29777178168296814,0.6217135787010193,-0.06421658396720886,0.45293989777565,0.7823938131332397,-0.05017425864934921,0.37230005860328674,0.7300971150398254,-0.05934549495577812,0.3280928134918213,0.6972166895866394,-0.06183014437556267,0.29934704303741455,0.6720499992370605,-0.06390165537595749,0.44416770339012146,0.8388786315917969,-0.054149750620126724,0.37832722067832947,0.8049526810646057,-0.06403909623622894,0.3402102589607239,0.781082808971405,-0.06547168642282486,0.31199291348457336,0.7592834234237671,-0.06499800086021423
0.5815367698669434,0.8861653208732605,1.68225469110439e-07,0.5695874094963074,0.7957670092582703,-0.008342484012246132,0.5323467254638672,0.7077821493148804,-0.016922350972890854,0.49172917008399963,0.6529574394226074,-0.023743905127048492,0.4652293622493744,0.6104978919029236,-0.03192644566297531,0.49142080545425415,0.7242588996887207,-0.04794023931026459,0.4057699739933014,0.674852728843689,-0.06466800719499588,0.3562292158603668,0.6510297656059265,-0.06876538693904877,0.3169443607330322,0.6353224515914917,-0.06877730786800385,0.4764108657836914,0.782230019569397,-0.05409959331154823,0.3797725439071655,0.7477238178253174,-0.07383955270051956,0.32490554451942444,0.7336974143981934,-0.07909209281206131,0.2834072709083557,0.7248862981796265,-0.08094549179077148,0.4676257073879242,0.8452151417732239,-0.057948675006628036,0.38982251286506653,0.8304402232170105,-0.0810808390378952,0.4054768681526184,0.8396623134613037,-0.07732347398996353,0.4277874231338501,0.8476244807243347,-0.06785580515861511,0.45809057354927063,0.9077783226966858,-0.061229683458805084,0.3798419237136841,0.8860415816307068,-0.0769355297088623,0.3372347056865692,0.8699119091033936,-0.07516258955001831,0.30206894874572754,0.8558272123336792,-0.07028353959321976
0.5962816476821899,0.8998998999595642,2.0113932919230137e-07,0.5727286338806152,0.8198133111000061,-0.006158413365483284,0.5298274159431458,0.7447484731674194,-0.019811227917671204,0.48701825737953186,0.6981595158576965,-0.03132551908493042,0.4524799883365631,0.6671154499053955,-0.045363884419202805,0.49614542722702026,0.7577852010726929,-0.057576581835746765,0.40576574206352234,0.7183743119239807,-0.07920552045106888,0.35522234439849854,0.7069804668426514,-0.08705561608076096,0.31746381521224976,0.70377516746521,-0.08979453146457672,0.48941633105278015,0.8219190835952759,-0.06546206027269363,0.3844735622406006,0.7920040488243103,-0.0864548459649086,0.3280975818634033,0.7869011759757996,-0.09191323816776276,0.289054811000824,0.7879379391670227,-0.09499134123325348,0.48549026250839233,0.8865677714347839,-0.07028050720691681,0.3922017812728882,0.874974250793457,-0.08746697753667831,0.35434025526046753,0.8751572370529175,-0.0854153260588646,0.3317113518714905,0.8770706653594971,-0.08219651132822037,0.48290279507637024,0.9490528106689453,-0.0741594135761261,0.40355968475341797,0.9354598522186279,-0.08706669509410858,0.3630409240722656,0.9290823936462402,-0.084026038646698,0.33143091201782227,0.9251230359077454,-0.0795898586511612
